datetime,visibility
2025-01-01T05:00:00Z,2000
2025-01-01T06:00:00Z,8000
2025-01-01T20:00:00Z,9000
2025-01-02T09:00:00Z,8000
2025-01-02T10:00:00Z,8000
2025-01-03T01:00:00Z,5000
2025-01-03T02:00:00Z,8000
2025-01-03T03:00:00Z,8000
2025-01-03T04:00:00Z,9000
2025-01-03T05:00:00Z,9000
2025-01-03T06:00:00Z,9000
2025-01-03T07:00:00Z,9000
2025-01-06T05:00:00Z,8000
2025-01-06T06:00:00Z,8000
2025-01-06T07:00:00Z,8000
2025-01-06T08:00:00Z,8000
2025-01-07T03:16:00Z,3000
2025-01-07T03:46:00Z,8000
2025-01-07T11:00:00Z,8000
2025-01-07T13:00:00Z,8000
2025-01-07T14:00:00Z,8000
2025-01-07T15:00:00Z,8000
2025-01-07T16:00:00Z,8000
2025-01-08T11:00:00Z,9000
2025-01-08T12:00:00Z,9000
2025-01-08T13:00:00Z,9000
2025-01-08T14:00:00Z,9000
2025-01-08T18:00:00Z,9000
2025-01-08T21:00:00Z,5000
2025-01-08T21:35:00Z,4000
2025-01-08T22:00:00Z,1500
2025-01-08T22:25:00Z,3500
2025-01-08T23:00:00Z,4000
2025-01-08T23:15:00Z,6000
2025-01-09T00:00:00Z,7000
2025-01-09T00:29:00Z,5000
2025-01-09T00:45:00Z,2500
2025-01-09T01:00:00Z,2000
2025-01-09T01:28:00Z,3000
2025-01-09T02:00:00Z,8000
2025-01-09T02:45:00Z,3000
2025-01-09T03:00:00Z,2500
2025-01-09T03:25:00Z,4000
2025-01-09T04:00:00Z,8000
2025-01-09T05:00:00Z,8000
2025-01-09T06:00:00Z,8000
2025-01-09T10:00:00Z,8000
2025-01-09T11:00:00Z,8000
2025-01-09T12:00:00Z,8000
2025-01-09T13:45:00Z,3000
2025-01-09T13:45:00Z,3000
2025-01-09T14:00:00Z,1500
2025-01-09T14:39:00Z,3000
2025-01-09T15:00:00Z,6000
2025-01-09T16:00:00Z,7000
2025-01-09T16:16:00Z,4000
2025-01-09T16:29:00Z,8000
2025-01-10T02:00:00Z,8000
2025-01-10T03:00:00Z,7000
2025-01-10T04:00:00Z,7000
2025-01-10T05:00:00Z,7000
2025-01-10T06:00:00Z,6000
2025-01-10T07:00:00Z,6000
2025-01-10T08:00:00Z,8000
2025-01-10T09:00:00Z,8000
2025-01-10T10:00:00Z,9000
2025-01-13T02:00:00Z,6000
2025-01-13T03:00:00Z,8000
2025-01-13T04:00:00Z,9000
2025-01-13T05:00:00Z,9000
2025-01-13T06:00:00Z,9000
2025-01-13T07:00:00Z,9000
2025-01-13T08:00:00Z,4000
2025-01-13T09:00:00Z,9000
2025-01-13T10:00:00Z,4000
2025-01-13T11:00:00Z,4000
2025-01-13T11:16:00Z,5000
2025-01-13T12:00:00Z,8000
2025-01-13T22:00:00Z,9000
2025-01-14T08:00:00Z,8000
2025-01-14T09:00:00Z,8000
2025-01-14T10:00:00Z,8000
2025-01-14T19:00:00Z,6000
2025-01-14T20:00:00Z,8000
2025-01-14T21:00:00Z,3000
2025-01-14T22:00:00Z,6000
2025-01-14T23:00:00Z,6000
2025-01-15T05:00:00Z,9000
2025-01-15T05:42:00Z,4000
2025-01-15T09:00:00Z,4000
2025-01-15T10:00:00Z,8000
2025-01-15T11:00:00Z,7000
2025-01-16T04:00:00Z,8000
2025-01-17T06:00:00Z,8000
2025-01-17T07:00:00Z,8000
2025-01-20T06:00:00Z,8000
2025-01-20T07:00:00Z,8000
2025-01-22T18:00:00Z,8000
2025-01-23T10:00:00Z,7000
2025-01-23T20:00:00Z,7000
2025-01-24T06:00:00Z,8000
2025-01-24T07:00:00Z,8000
2025-01-25T20:00:00Z,1000
2025-01-25T20:17:00Z,3000
2025-01-28T09:00:00Z,9000
2025-01-29T06:00:00Z,8000
2025-01-29T07:00:00Z,7000
2025-01-29T09:00:00Z,8000
2025-01-29T10:00:00Z,7000
2025-01-29T19:00:00Z,2000
2025-01-29T19:18:00Z,1500
2025-01-29T20:00:00Z,2500
2025-01-29T20:13:00Z,4000
2025-01-29T21:00:00Z,6000
2025-01-29T21:24:00Z,8000
2025-01-30T20:00:00Z,9000
2025-01-30T22:00:00Z,9000
2025-01-31T19:00:00Z,900
2025-01-31T19:12:00Z,600
2025-01-31T19:35:00Z,5000
2025-01-31T20:00:00Z,8000
2025-01-31T21:00:00Z,9000
2025-01-31T23:00:00Z,9000
2025-02-04T06:00:00Z,8000
2025-02-04T07:00:00Z,8000
2025-02-09T06:00:00Z,8000
2025-02-09T07:00:00Z,8000
2025-02-09T08:00:00Z,8000
2025-02-09T09:00:00Z,8000
2025-02-09T11:00:00Z,9000
2025-02-09T12:00:00Z,9000
2025-02-14T06:00:00Z,8000
2025-02-14T07:00:00Z,8000
2025-02-14T08:00:00Z,8000
2025-02-15T04:00:00Z,8000
2025-02-15T05:00:00Z,7000
2025-02-15T06:00:00Z,7000
2025-02-15T07:00:00Z,8000
2025-02-18T11:00:00Z,8000
2025-02-18T12:00:00Z,8000
2025-02-19T06:00:00Z,8000
2025-02-19T07:00:00Z,8000
2025-02-21T11:00:00Z,8000
2025-02-21T12:00:00Z,8000
2025-02-21T14:00:00Z,8000
2025-02-21T15:00:00Z,8000
2025-02-21T16:00:00Z,8000
2025-02-22T06:00:00Z,8000
2025-02-22T07:00:00Z,8000
2025-02-22T09:00:00Z,8000
2025-02-22T10:00:00Z,8000
2025-02-22T11:00:00Z,9000
2025-02-23T06:00:00Z,8000
2025-02-23T09:00:00Z,8000
2025-03-01T06:00:00Z,8000
2025-03-01T07:00:00Z,8000
2025-03-02T09:00:00Z,8000
2025-03-02T10:00:00Z,8000
2025-03-03T20:00:00Z,8000
2025-03-03T21:00:00Z,8000
2025-03-03T22:00:00Z,8000
2025-03-05T12:00:00Z,8000
2025-03-05T13:00:00Z,8000
2025-03-06T06:00:00Z,8000
2025-03-06T07:00:00Z,8000
2025-03-07T07:00:00Z,9000
2025-03-07T08:00:00Z,9000
2025-03-08T10:00:00Z,9000
2025-03-10T02:00:00Z,8000
2025-03-10T03:00:00Z,8000
2025-03-11T06:00:00Z,8000
2025-03-11T07:00:00Z,8000
2025-03-11T08:00:00Z,8000
2025-03-11T20:41:00Z,8000
2025-03-11T21:00:00Z,8000
2025-03-12T02:00:00Z,7000
2025-03-12T03:00:00Z,7000
2025-03-12T09:00:00Z,8000
2025-03-12T21:40:00Z,8000
2025-03-13T09:00:00Z,2000
2025-03-13T10:00:00Z,6000
2025-03-13T11:00:00Z,7000
2025-03-13T12:00:00Z,7000
2025-03-13T13:00:00Z,7000
2025-03-13T14:00:00Z,7000
2025-03-13T15:00:00Z,8000
2025-03-13T20:00:00Z,8000
2025-03-13T21:00:00Z,7000
2025-03-13T22:00:00Z,8000
2025-03-13T23:00:00Z,8000
2025-03-14T00:00:00Z,7000
2025-03-14T05:00:00Z,8000
2025-03-14T07:00:00Z,7000
2025-03-14T08:00:00Z,8000
2025-03-14T09:00:00Z,7000
2025-03-14T10:00:00Z,8000
2025-03-14T11:00:00Z,7000
2025-03-14T12:00:00Z,7000
2025-03-14T13:00:00Z,7000
2025-03-14T14:00:00Z,8000
2025-03-14T15:00:00Z,8000
2025-03-14T16:00:00Z,8000
2025-03-14T17:00:00Z,9000
2025-03-14T18:00:00Z,9000
2025-03-15T02:00:00Z,8000
2025-03-15T04:00:00Z,8000
2025-03-15T05:00:00Z,7000
2025-03-15T06:00:00Z,8000
2025-03-16T02:25:00Z,5000
2025-03-16T03:00:00Z,4000
2025-03-16T04:00:00Z,8000
2025-03-16T05:00:00Z,8000
2025-03-16T06:00:00Z,8000
2025-03-16T07:00:00Z,8000
2025-03-17T09:00:00Z,8000
2025-03-17T10:00:00Z,8000
2025-03-17T11:00:00Z,7000
2025-03-17T12:00:00Z,4000
2025-03-17T13:00:00Z,4000
2025-03-17T14:00:00Z,4000
2025-03-17T15:00:00Z,4000
2025-03-17T16:00:00Z,4000
2025-03-17T17:00:00Z,4000
2025-03-17T18:00:00Z,6000
2025-03-18T06:00:00Z,7000
2025-03-18T07:00:00Z,6000
2025-03-18T08:00:00Z,6000
2025-03-18T09:00:00Z,4500
2025-03-18T10:00:00Z,4500
2025-03-18T10:19:00Z,6000
2025-03-18T11:00:00Z,8000
2025-03-19T02:00:00Z,8000
2025-03-19T06:00:00Z,7000
2025-03-19T07:00:00Z,7000
2025-03-19T08:00:00Z,7000
2025-03-19T09:00:00Z,8000
2025-03-19T10:00:00Z,8000
2025-03-19T20:00:00Z,9000
2025-03-19T21:00:00Z,8000
2025-03-19T22:00:00Z,7000
2025-03-19T23:00:00Z,6000
2025-03-20T00:00:00Z,7000
2025-03-20T01:00:00Z,7000
2025-03-20T02:00:00Z,6000
2025-03-20T03:31:00Z,4000
2025-03-20T04:00:00Z,4000
2025-03-20T04:22:00Z,6000
2025-03-20T05:00:00Z,7000
2025-03-20T05:47:00Z,3000
2025-03-20T06:00:00Z,3000
2025-03-20T06:42:00Z,6000
2025-03-20T07:00:00Z,6000
2025-03-20T08:00:00Z,7000
2025-03-20T09:00:00Z,8000
2025-03-20T10:00:00Z,8000
2025-03-20T12:00:00Z,6000
2025-03-20T12:34:00Z,2500
2025-03-20T13:00:00Z,4000
2025-03-20T14:00:00Z,5000
2025-03-20T15:00:00Z,8000
2025-03-20T15:29:00Z,4000
2025-03-20T16:00:00Z,7000
2025-03-20T17:00:00Z,6000
2025-03-20T18:00:00Z,8000
2025-03-21T03:00:00Z,7000
2025-03-21T03:30:00Z,4500
2025-03-21T04:00:00Z,6000
2025-03-21T05:00:00Z,6000
2025-03-21T06:00:00Z,6000
2025-03-21T07:00:00Z,6000
2025-03-21T08:00:00Z,8000
2025-03-21T09:00:00Z,8000
2025-03-21T10:00:00Z,8000
2025-03-24T03:00:00Z,5000
2025-03-24T04:00:00Z,8000
2025-03-24T05:00:00Z,8000
2025-03-24T12:00:00Z,8000
2025-03-24T13:00:00Z,8000
2025-03-24T14:00:00Z,8000
2025-03-24T15:00:00Z,8000
2025-03-24T16:00:00Z,7000
2025-03-24T17:00:00Z,7000
2025-03-24T21:00:00Z,8000
2025-03-24T23:00:00Z,7000
2025-03-25T00:00:00Z,8000
2025-03-25T01:00:00Z,8000
2025-03-25T07:00:00Z,8000
2025-03-25T08:00:00Z,8000
2025-03-25T09:00:00Z,7000
2025-03-25T10:00:00Z,8000
2025-03-25T11:00:00Z,9000
2025-03-25T12:00:00Z,9000
2025-03-25T15:00:00Z,7000
2025-03-25T16:00:00Z,9000
2025-03-26T06:00:00Z,8000
2025-03-26T07:00:00Z,8000
2025-03-26T08:00:00Z,8000
2025-03-26T09:00:00Z,7000
2025-03-26T10:00:00Z,7000
2025-03-26T11:00:00Z,8000
2025-03-27T07:00:00Z,9000
2025-03-27T08:00:00Z,9000
2025-03-27T09:00:00Z,8000
2025-03-28T09:00:00Z,2500
2025-03-28T10:00:00Z,9000
2025-03-28T11:00:00Z,8000
2025-03-28T12:00:00Z,9000
2025-03-29T11:00:00Z,7000
2025-03-29T12:00:00Z,8000
2025-03-31T06:00:00Z,8000
2025-03-31T07:00:00Z,8000
2025-03-31T15:00:00Z,7000
2025-04-01T04:00:00Z,6000
2025-04-01T05:00:00Z,6000
2025-04-01T06:00:00Z,6000
2025-04-01T07:00:00Z,6000
2025-04-01T08:00:00Z,7000
2025-04-01T09:00:00Z,6000
2025-04-01T10:00:00Z,6000
2025-04-01T21:06:00Z,8000
2025-04-01T22:00:00Z,8000
2025-04-02T06:00:00Z,9000
2025-04-02T08:38:00Z,9000
2025-04-02T09:00:00Z,9000
2025-04-02T09:15:00Z,7000
2025-04-02T10:00:00Z,7000
2025-04-04T10:00:00Z,7000
2025-04-04T11:00:00Z,7000
2025-04-04T12:00:00Z,9000
2025-04-04T20:00:00Z,8000
2025-04-04T21:00:00Z,8000
2025-04-04T22:15:00Z,1500
2025-04-04T23:00:00Z,7000
2025-04-05T00:00:00Z,7000
2025-04-05T01:00:00Z,6000
2025-04-05T01:10:00Z,4000
2025-04-05T02:00:00Z,5000
2025-04-05T03:00:00Z,7000
2025-04-05T04:00:00Z,7000
2025-04-05T04:15:00Z,4000
2025-04-05T05:00:00Z,3500
2025-04-05T06:00:00Z,5000
2025-04-05T07:00:00Z,5000
2025-04-05T08:00:00Z,3500
2025-04-05T09:00:00Z,4500
2025-04-05T10:00:00Z,6000
2025-04-05T10:15:00Z,3000
2025-04-05T10:32:00Z,700
2025-04-05T11:00:00Z,2000
2025-04-05T12:00:00Z,3000
2025-04-05T12:20:00Z,6000
2025-04-05T13:00:00Z,8000
2025-04-05T13:07:00Z,4000
2025-04-05T14:00:00Z,5000
2025-04-05T15:00:00Z,3000
2025-04-05T15:19:00Z,2000
2025-04-05T16:00:00Z,4500
2025-04-05T17:00:00Z,5000
2025-04-05T17:11:00Z,3000
2025-04-05T18:00:00Z,4500
2025-04-05T18:24:00Z,8000
2025-04-05T19:45:00Z,3000
2025-04-05T20:00:00Z,3000
2025-04-05T20:27:00Z,6000
2025-04-05T21:00:00Z,7000
2025-04-05T22:00:00Z,8000
2025-04-05T23:00:00Z,8000
2025-04-06T00:00:00Z,8000
2025-04-06T01:00:00Z,7000
2025-04-06T02:00:00Z,9000
2025-04-06T07:00:00Z,9000
2025-04-06T08:00:00Z,9000
2025-04-06T09:00:00Z,9000
2025-04-06T10:00:00Z,8000
2025-04-06T11:00:00Z,3000
2025-04-06T11:07:00Z,3000
2025-04-06T11:31:00Z,8000
2025-04-06T12:00:00Z,8000
2025-04-06T12:37:00Z,3000
2025-04-06T13:00:00Z,3000
2025-04-06T14:00:00Z,8000
2025-04-06T19:14:00Z,3500
2025-04-06T20:00:00Z,4000
2025-04-06T23:00:00Z,5000
2025-04-07T00:00:00Z,5000
2025-04-07T00:10:00Z,4000
2025-04-07T00:30:00Z,7000
2025-04-07T01:00:00Z,8000
2025-04-07T02:00:00Z,8000
2025-04-07T06:00:00Z,8000
2025-04-07T07:00:00Z,7000
2025-04-07T08:00:00Z,8000
2025-04-07T09:00:00Z,9000
2025-04-07T10:00:00Z,9000
2025-04-08T09:00:00Z,9000
2025-04-09T06:00:00Z,8000
2025-04-09T07:00:00Z,8000
2025-04-09T23:09:00Z,4000
2025-04-09T23:21:00Z,1200
2025-04-09T23:39:00Z,5000
2025-04-10T00:00:00Z,3000
2025-04-10T01:00:00Z,7000
2025-04-10T02:00:00Z,7000
2025-04-10T02:22:00Z,7000
2025-04-10T03:00:00Z,7000
2025-04-10T04:00:00Z,7000
2025-04-10T05:00:00Z,8000
2025-04-10T07:00:00Z,7000
2025-04-10T08:00:00Z,8000
2025-04-10T18:33:00Z,9000
2025-04-10T19:00:00Z,9000
2025-04-10T21:29:00Z,9000
2025-04-10T22:00:00Z,700
2025-04-10T22:30:00Z,6000
2025-04-10T23:00:00Z,8000
2025-04-11T06:00:00Z,8000
2025-04-11T07:00:00Z,8000
2025-04-11T08:00:00Z,8000
2025-04-11T09:00:00Z,8000
2025-04-11T10:00:00Z,8000
2025-04-11T11:00:00Z,8000
2025-04-14T02:00:00Z,8000
2025-04-14T07:00:00Z,6000
2025-04-14T08:00:00Z,7000
2025-04-14T12:00:00Z,8000
2025-04-14T13:00:00Z,8000
2025-04-15T00:00:00Z,7000
2025-04-15T06:00:00Z,8000
2025-04-15T07:00:00Z,8000
2025-04-16T09:00:00Z,8000
2025-04-16T10:00:00Z,8000
2025-04-16T11:00:00Z,8000
2025-04-17T03:00:00Z,7000
2025-04-17T04:00:00Z,6000
2025-04-17T05:00:00Z,6000
2025-04-17T06:00:00Z,5000
2025-04-17T07:00:00Z,5000
2025-04-17T08:00:00Z,5000
2025-04-17T09:00:00Z,6000
2025-04-17T09:07:00Z,4000
2025-04-17T10:00:00Z,4000
2025-04-17T11:00:00Z,6000
2025-04-17T12:00:00Z,6000
2025-04-17T13:00:00Z,7000
2025-04-17T14:00:00Z,8000
2025-04-18T09:00:00Z,8000
2025-04-18T10:00:00Z,6000
2025-04-18T11:00:00Z,5000
2025-04-18T12:00:00Z,6000
2025-04-18T13:00:00Z,9000
2025-04-18T14:00:00Z,9000
2025-04-19T23:00:00Z,9000
2025-04-19T23:22:00Z,4000
2025-04-20T00:00:00Z,3500
2025-04-20T00:16:00Z,3000
2025-04-20T00:31:00Z,2000
2025-04-20T01:00:00Z,5000
2025-04-20T02:00:00Z,9000
2025-04-21T01:00:00Z,3000
2025-04-21T01:13:00Z,6000
2025-04-21T02:00:00Z,7000
2025-04-21T03:00:00Z,9000
2025-04-21T05:00:00Z,7000
2025-04-21T06:00:00Z,8000
2025-04-21T07:00:00Z,3000
2025-04-21T08:00:00Z,3000
2025-04-21T09:00:00Z,3000
2025-04-21T10:00:00Z,6000
2025-04-21T11:00:00Z,6000
2025-04-21T11:46:00Z,3000
2025-04-21T12:00:00Z,2500
2025-04-21T13:00:00Z,5000
2025-04-21T14:00:00Z,5000
2025-04-21T15:00:00Z,7000
2025-04-21T16:00:00Z,8000
2025-04-21T16:25:00Z,3500
2025-04-21T20:37:00Z,3000
2025-04-21T21:00:00Z,3500
2025-04-21T21:31:00Z,8000
2025-04-22T12:00:00Z,9000
2025-04-22T13:00:00Z,9000
2025-04-23T11:00:00Z,9000
2025-04-23T12:00:00Z,9000
2025-04-25T03:44:00Z,4000
2025-04-25T04:00:00Z,4000
2025-04-25T05:00:00Z,4000
2025-04-25T05:12:00Z,3000
2025-04-25T06:00:00Z,4000
2025-04-25T07:00:00Z,7000
2025-04-25T08:00:00Z,9000
2025-04-25T11:00:00Z,8000
2025-04-25T12:00:00Z,7000
2025-04-25T13:00:00Z,8000
2025-04-25T15:00:00Z,7000
2025-04-25T16:00:00Z,9000
2025-04-25T19:29:00Z,9000
2025-04-25T20:37:00Z,3800
2025-04-25T21:00:00Z,4000
2025-04-25T21:23:00Z,6000
2025-04-28T10:00:00Z,8000
2025-04-28T11:00:00Z,8000
2025-04-28T12:00:00Z,8000
2025-04-28T15:00:00Z,8000
2025-04-28T18:00:00Z,9000
2025-04-28T21:00:00Z,9000
2025-04-28T22:00:00Z,8000
2025-04-28T23:00:00Z,7000
2025-04-28T23:41:00Z,3000
2025-04-29T00:00:00Z,3000
2025-04-29T00:24:00Z,1500
2025-04-29T01:00:00Z,1500
2025-04-29T02:00:00Z,6000
2025-04-29T03:00:00Z,8000
2025-04-29T04:00:00Z,4000
2025-04-29T05:00:00Z,4000
2025-04-29T05:25:00Z,2500
2025-04-29T06:00:00Z,4000
2025-04-29T08:00:00Z,6000
2025-04-29T08:17:00Z,7000
2025-04-29T09:00:00Z,7000
2025-04-29T09:18:00Z,2500
2025-04-29T10:00:00Z,8000
2025-04-29T11:00:00Z,9000
2025-04-29T12:00:00Z,9000
2025-04-29T14:00:00Z,9000
2025-04-29T15:00:00Z,9000
2025-04-29T16:00:00Z,9000
2025-04-29T16:36:00Z,4000
2025-04-29T17:00:00Z,3000
2025-04-29T17:39:00Z,7000
2025-04-29T18:00:00Z,9000
2025-04-29T19:00:00Z,9000
2025-04-30T01:00:00Z,9000
2025-04-30T08:00:00Z,9000
2025-04-30T09:00:00Z,9000
2025-05-01T09:00:00Z,9000
2025-05-01T10:00:00Z,8000
2025-05-02T07:00:00Z,9000
2025-05-02T08:00:00Z,9000
2025-05-02T09:00:00Z,2500
2025-05-02T10:00:00Z,2500
2025-05-05T06:00:00Z,8000
2025-05-05T07:00:00Z,8000
2025-05-05T10:00:00Z,7000
2025-05-05T11:00:00Z,8000
2025-05-06T10:00:00Z,9000
2025-05-11T05:00:00Z,6000
2025-05-11T06:00:00Z,9000
2025-05-11T09:00:00Z,6000
2025-05-11T09:07:00Z,3000
2025-05-11T10:00:00Z,8000
2025-05-11T12:00:00Z,3000
2025-05-11T13:00:00Z,8000
2025-05-11T14:00:00Z,4000
2025-05-11T15:00:00Z,3500
2025-05-11T16:00:00Z,4000
2025-05-11T16:28:00Z,6000
2025-05-11T17:00:00Z,5000
2025-05-11T23:00:00Z,9000
2025-05-11T23:06:00Z,4000
2025-05-12T00:00:00Z,9000
2025-05-12T00:27:00Z,3700
2025-05-12T01:00:00Z,8000
2025-05-12T02:00:00Z,2000
2025-05-12T02:30:00Z,7000
2025-05-12T03:00:00Z,7000
2025-05-12T04:00:00Z,9000
2025-05-12T07:45:00Z,4500
2025-05-12T08:00:00Z,4500
2025-05-12T08:15:00Z,8000
2025-05-12T09:00:00Z,8000
2025-05-12T09:40:00Z,9000
2025-05-12T10:00:00Z,9000
2025-05-12T11:00:00Z,7000
2025-05-12T12:00:00Z,8000
2025-05-12T13:00:00Z,9000
2025-05-12T21:00:00Z,8000
2025-05-13T07:00:00Z,8000
2025-05-13T08:00:00Z,8000
2025-05-13T09:00:00Z,8000
2025-05-15T06:00:00Z,8000
2025-05-15T07:00:00Z,8000
2025-05-15T08:00:00Z,8000
2025-05-16T10:00:00Z,8000
2025-05-20T07:00:00Z,8000
2025-05-20T08:00:00Z,8000
2025-05-20T09:00:00Z,8000
2025-05-20T10:00:00Z,8000
2025-05-20T11:00:00Z,7000
2025-05-20T12:00:00Z,8000
2025-05-20T13:00:00Z,8000
2025-05-20T14:00:00Z,9000
2025-05-21T05:00:00Z,9000
2025-05-21T06:00:00Z,9000
2025-05-21T07:00:00Z,9000
2025-05-21T09:00:00Z,9000
2025-05-21T10:00:00Z,9000
2025-05-21T15:00:00Z,9000
2025-05-21T16:00:00Z,8000
2025-05-22T02:00:00Z,9000
2025-05-22T03:00:00Z,8000
2025-05-22T04:00:00Z,8000
2025-05-22T05:00:00Z,8000
2025-05-22T06:00:00Z,8000
2025-05-22T07:00:00Z,7000
2025-05-22T08:00:00Z,7000
2025-05-22T09:00:00Z,6000
2025-05-22T09:13:00Z,4500
2025-05-22T10:00:00Z,5000
2025-05-22T11:00:00Z,6000
2025-05-22T12:00:00Z,6000
2025-05-22T13:00:00Z,7000
2025-05-22T14:00:00Z,8000
2025-05-23T00:00:00Z,9000
2025-05-23T01:00:00Z,8000
2025-05-23T03:00:00Z,8000
2025-05-23T04:00:00Z,6000
2025-05-23T05:00:00Z,6000
2025-05-23T06:00:00Z,6000
2025-05-23T07:00:00Z,6000
2025-05-23T08:00:00Z,7000
2025-05-23T09:00:00Z,7000
2025-05-23T10:00:00Z,5000
2025-05-23T11:00:00Z,6000
2025-05-23T12:00:00Z,7000
2025-05-23T13:00:00Z,8000
2025-05-23T14:00:00Z,9000
2025-05-23T14:43:00Z,4500
2025-05-23T15:00:00Z,6000
2025-05-23T16:00:00Z,7000
2025-05-23T17:00:00Z,9000
2025-05-23T18:00:00Z,8000
2025-05-23T19:00:00Z,9000
2025-05-23T20:00:00Z,6000
2025-05-23T20:25:00Z,3000
2025-05-23T21:00:00Z,4500
2025-05-23T22:00:00Z,6000
2025-05-23T23:00:00Z,8000
2025-05-24T00:00:00Z,8000
2025-05-24T01:00:00Z,7000
2025-05-24T02:00:00Z,7000
2025-05-24T03:00:00Z,7000
2025-05-24T04:00:00Z,7000
2025-05-24T06:00:00Z,7000
2025-05-24T07:00:00Z,7000
2025-05-24T08:00:00Z,2500
2025-05-24T09:00:00Z,3000
2025-05-24T10:00:00Z,7000
2025-05-25T07:00:00Z,8000
2025-05-25T08:00:00Z,8000
2025-05-30T03:00:00Z,8000
2025-05-30T04:00:00Z,7000
2025-05-30T05:00:00Z,7000
2025-05-30T06:00:00Z,7000
2025-05-30T07:00:00Z,7000
2025-05-30T08:00:00Z,8000
2025-05-30T09:00:00Z,8000
2025-05-30T23:00:00Z,8000
2025-05-31T00:00:00Z,9000
2025-05-31T01:00:00Z,9000
2025-05-31T02:00:00Z,9000
2025-05-31T03:00:00Z,9000
2025-05-31T04:00:00Z,9000
2025-05-31T05:00:00Z,9000
2025-05-31T06:00:00Z,9000
2025-05-31T07:00:00Z,9000
2025-05-31T08:00:00Z,9000
2025-05-31T09:00:00Z,9000
2025-06-01T08:00:00Z,9000
2025-06-01T09:00:00Z,8000
2025-06-01T10:00:00Z,8000
2025-06-01T12:00:00Z,8000
2025-06-01T13:00:00Z,8000
2025-06-01T14:00:00Z,9000
2025-06-01T15:00:00Z,9000
2025-06-01T16:00:00Z,9000
2025-06-01T21:00:00Z,8000
2025-06-02T09:39:00Z,4000
2025-06-02T10:00:00Z,6000
2025-06-02T11:00:00Z,9000
2025-06-02T12:00:00Z,6000
2025-06-02T13:00:00Z,9000
2025-06-03T08:00:00Z,8000
2025-06-03T09:00:00Z,6000
2025-06-03T10:00:00Z,6000
2025-06-03T11:00:00Z,6000
2025-06-03T12:00:00Z,7000
2025-06-03T13:00:00Z,8000
2025-06-03T14:00:00Z,8000
2025-06-03T15:00:00Z,8000
2025-06-03T16:00:00Z,9000
2025-06-04T04:00:00Z,6000
2025-06-04T05:00:00Z,5000
2025-06-04T06:00:00Z,6000
2025-06-04T07:00:00Z,4000
2025-06-04T08:00:00Z,3500
2025-06-04T09:00:00Z,3500
2025-06-04T10:00:00Z,2000
2025-06-04T10:35:00Z,300
2025-06-04T11:00:00Z,700
2025-06-04T11:26:00Z,3000
2025-06-04T12:00:00Z,8000
2025-06-04T13:00:00Z,9000
2025-06-05T02:00:00Z,8000
2025-06-05T03:00:00Z,7000
2025-06-05T04:00:00Z,7000
2025-06-05T05:00:00Z,7000
2025-06-05T06:00:00Z,7000
2025-06-05T07:00:00Z,7000
2025-06-05T08:00:00Z,8000
2025-06-05T09:00:00Z,8000
2025-06-05T10:00:00Z,7000
2025-06-05T11:00:00Z,8000
2025-06-05T12:00:00Z,8000
2025-06-05T13:00:00Z,8000
2025-06-05T14:00:00Z,9000
2025-06-05T15:00:00Z,9000
2025-06-07T07:00:00Z,8000
2025-06-08T07:00:00Z,8000
2025-06-08T09:00:00Z,8000
2025-06-08T10:00:00Z,9000
2025-06-08T11:00:00Z,8000
2025-06-08T19:00:00Z,8000
2025-06-08T20:00:00Z,8000
2025-06-09T07:00:00Z,8000
2025-06-09T08:00:00Z,7000
2025-06-09T08:30:00Z,6000
2025-06-09T09:00:00Z,7000
2025-06-09T22:00:00Z,8000
2025-06-09T23:00:00Z,8000
2025-06-10T00:00:00Z,8000
2025-06-10T01:00:00Z,8000
2025-06-10T02:00:00Z,8000
2025-06-10T03:00:00Z,8000
2025-06-10T04:00:00Z,9000
2025-06-10T05:00:00Z,9000
2025-06-10T06:00:00Z,9000
2025-06-10T07:00:00Z,9000
2025-06-10T08:00:00Z,9000
2025-06-10T09:00:00Z,9000
2025-06-10T10:00:00Z,9000
2025-06-10T11:00:00Z,9000
2025-06-10T12:00:00Z,9000
2025-06-10T13:00:00Z,9000
2025-06-10T13:36:00Z,2500
2025-06-10T14:00:00Z,7000
2025-06-10T15:00:00Z,3500
2025-06-10T16:00:00Z,3500
2025-06-10T17:00:00Z,4000
2025-06-11T18:16:00Z,4000
2025-06-11T19:00:00Z,8000
2025-06-11T20:00:00Z,9000
2025-06-12T05:20:00Z,4500
2025-06-12T06:00:00Z,4500
2025-06-12T07:00:00Z,6000
2025-06-12T08:00:00Z,4000
2025-06-12T09:00:00Z,4500
2025-06-12T10:00:00Z,4000
2025-06-12T10:30:00Z,7000
2025-06-12T11:00:00Z,7000
2025-06-13T03:00:00Z,8000
2025-06-13T04:00:00Z,8000
2025-06-13T07:00:00Z,8000
2025-06-13T08:00:00Z,8000
2025-06-13T09:00:00Z,8000
2025-06-13T10:00:00Z,8000
2025-06-13T11:00:00Z,7000
2025-06-13T12:00:00Z,8000
2025-06-13T13:00:00Z,9000
2025-06-13T19:00:00Z,8000
2025-06-13T21:00:00Z,9000
2025-06-15T07:00:00Z,8000
2025-06-15T08:00:00Z,8000
2025-06-15T09:00:00Z,8000
2025-06-15T10:00:00Z,8000
2025-06-16T08:00:00Z,1200
2025-06-17T11:00:00Z,8000
2025-06-18T07:00:00Z,8000
2025-06-18T08:00:00Z,8000
2025-06-18T09:00:00Z,8000
2025-06-18T10:00:00Z,7000
2025-06-18T11:00:00Z,7000
2025-06-18T12:00:00Z,8000
2025-06-18T13:00:00Z,9000
2025-06-18T14:00:00Z,9000
2025-06-20T07:00:00Z,8000
2025-06-20T08:00:00Z,8000
2025-06-20T09:00:00Z,9000
2025-06-22T10:00:00Z,8000
2025-06-22T11:00:00Z,9000
2025-06-22T12:00:00Z,9000
2025-06-22T16:00:00Z,9000
2025-06-22T17:00:00Z,9000
2025-06-22T18:00:00Z,9000
2025-06-23T02:00:00Z,6000
2025-06-23T03:00:00Z,5000
2025-06-23T04:00:00Z,4000
2025-06-23T05:00:00Z,4000
2025-06-23T06:00:00Z,3500
2025-06-23T07:00:00Z,3500
2025-06-23T08:00:00Z,4500
2025-06-23T08:18:00Z,5000
2025-06-23T09:00:00Z,8000
2025-06-23T10:00:00Z,9000
2025-06-24T08:00:00Z,8000
2025-06-24T09:00:00Z,8000
2025-06-24T12:00:00Z,9000
2025-06-24T17:30:00Z,9000
2025-06-24T20:00:00Z,9000
2025-06-26T10:00:00Z,9000
2025-06-26T11:00:00Z,9000
2025-06-27T04:00:00Z,9000
2025-06-27T05:00:00Z,7000
2025-06-27T06:00:00Z,6000
2025-06-27T07:00:00Z,6000
2025-06-27T08:00:00Z,9000
2025-06-27T10:00:00Z,9000
2025-06-28T01:00:00Z,9000
2025-06-28T02:00:00Z,9000
2025-06-28T03:00:00Z,9000
2025-06-28T04:00:00Z,9000
2025-06-28T05:00:00Z,9000
2025-06-28T06:00:00Z,9000
2025-06-28T07:00:00Z,9000
2025-06-28T08:00:00Z,9000
2025-06-28T09:00:00Z,8000
2025-06-28T10:00:00Z,8000
2025-06-28T11:00:00Z,7000
2025-06-28T12:00:00Z,8000
2025-06-28T13:00:00Z,9000
2025-06-29T07:00:00Z,8000
2025-06-29T08:00:00Z,8000
2025-07-01T04:00:00Z,9000
2025-07-01T05:00:00Z,9000
2025-07-01T06:00:00Z,9000
2025-07-01T23:21:00Z,3500
2025-07-01T23:45:00Z,3500
2025-07-02T00:00:00Z,3500
2025-07-02T01:00:00Z,6000
2025-07-02T11:00:00Z,7000
2025-07-02T12:00:00Z,7000
2025-07-02T13:00:00Z,8000
2025-07-02T14:00:00Z,9000
2025-07-02T15:00:00Z,6000
2025-07-02T16:00:00Z,9000
2025-07-02T17:00:00Z,9000
2025-07-02T18:00:00Z,9000
2025-07-02T19:00:00Z,6000
2025-07-02T20:00:00Z,4000
2025-07-02T21:00:00Z,4500
2025-07-02T22:00:00Z,4000
2025-07-02T23:00:00Z,8000
2025-07-03T00:00:00Z,5000
2025-07-03T00:40:00Z,4000
2025-07-03T01:00:00Z,4000
2025-07-03T02:00:00Z,4000
2025-07-03T03:00:00Z,5000
2025-07-03T04:00:00Z,5000
2025-07-03T05:00:00Z,4000
2025-07-03T06:00:00Z,5000
2025-07-03T07:00:00Z,5000
2025-07-03T08:00:00Z,9000
2025-07-03T09:00:00Z,9000
2025-07-03T09:30:00Z,9000
2025-07-03T10:00:00Z,9000
2025-07-03T11:00:00Z,9000
2025-07-03T12:00:00Z,8000
2025-07-03T12:34:00Z,3000
2025-07-03T13:00:00Z,3000
2025-07-03T13:24:00Z,5000
2025-07-03T14:00:00Z,7000
2025-07-03T15:00:00Z,9000
2025-07-03T17:00:00Z,9000
2025-07-03T22:00:00Z,5000
2025-07-03T23:00:00Z,8000
2025-07-04T00:00:00Z,8000
2025-07-04T01:00:00Z,8000
2025-07-04T02:00:00Z,8000
2025-07-04T03:00:00Z,7000
2025-07-04T04:00:00Z,7000
2025-07-04T05:00:00Z,7000
2025-07-04T06:00:00Z,7000
2025-07-04T07:00:00Z,7000
2025-07-04T08:00:00Z,6000
2025-07-04T08:20:00Z,3000
2025-07-04T09:00:00Z,2500
2025-07-04T10:00:00Z,4000
2025-07-04T10:40:00Z,3000
2025-07-04T11:00:00Z,3000
2025-07-04T11:30:00Z,9000
2025-07-05T07:00:00Z,9000
2025-07-05T08:00:00Z,9000
2025-07-05T09:00:00Z,9000
2025-07-05T10:00:00Z,8000
2025-07-06T07:00:00Z,9000
2025-07-06T08:00:00Z,7000
2025-07-06T09:00:00Z,5000
2025-07-06T09:17:00Z,4000
2025-07-06T10:00:00Z,4000
2025-07-06T10:27:00Z,6000
2025-07-06T11:00:00Z,6000
2025-07-06T12:00:00Z,6000
2025-07-06T13:00:00Z,6000
2025-07-06T15:00:00Z,8000
2025-07-07T06:00:00Z,8000
2025-07-07T07:00:00Z,8000
2025-07-07T08:00:00Z,8000
2025-07-07T12:00:00Z,3000
2025-07-07T13:00:00Z,6000
2025-07-07T14:00:00Z,8000
2025-07-07T15:00:00Z,8000
2025-07-07T16:00:00Z,8000
2025-07-08T06:00:00Z,7000
2025-07-08T06:39:00Z,4000
2025-07-08T07:00:00Z,3000
2025-07-08T08:00:00Z,3000
2025-07-08T09:00:00Z,7000
2025-07-08T10:00:00Z,7000
2025-07-08T11:00:00Z,7000
2025-07-08T12:00:00Z,6000
2025-07-08T13:00:00Z,6000
2025-07-08T14:00:00Z,6000
2025-07-08T15:00:00Z,7000
2025-07-08T16:00:00Z,7000
2025-07-08T17:00:00Z,9000
2025-07-09T06:00:00Z,8000
2025-07-09T07:00:00Z,6000
2025-07-09T08:00:00Z,6000
2025-07-09T09:00:00Z,6000
2025-07-09T10:00:00Z,6000
2025-07-09T11:00:00Z,7000
2025-07-09T12:00:00Z,8000
2025-07-10T07:00:00Z,8000
2025-07-10T08:00:00Z,8000
2025-07-10T08:30:00Z,4000
2025-07-10T09:00:00Z,6000
2025-07-10T10:00:00Z,6000
2025-07-10T11:00:00Z,8000
2025-07-10T12:00:00Z,8000
2025-07-10T13:00:00Z,8000
2025-07-11T08:00:00Z,9000
2025-07-11T09:00:00Z,9000
2025-07-11T10:00:00Z,9000
2025-07-13T08:39:00Z,4500
2025-07-13T09:00:00Z,4000
2025-07-13T10:00:00Z,8000
2025-07-13T11:00:00Z,7000
2025-07-13T12:00:00Z,7000
2025-07-13T13:00:00Z,8000
2025-07-13T14:00:00Z,9000
2025-07-14T06:00:00Z,8000
2025-07-14T07:00:00Z,7000
2025-07-14T08:00:00Z,7000
2025-07-14T09:00:00Z,7000
2025-07-14T10:00:00Z,7000
2025-07-14T11:00:00Z,9000
2025-07-14T12:00:00Z,9000
2025-07-15T03:00:00Z,9000
2025-07-15T05:00:00Z,9000
2025-07-15T06:00:00Z,9000
2025-07-15T07:00:00Z,9000
2025-07-15T08:00:00Z,8000
2025-07-15T09:00:00Z,6000
2025-07-15T10:00:00Z,7000
2025-07-15T11:00:00Z,6000
2025-07-15T12:00:00Z,7000
2025-07-15T13:00:00Z,8000
2025-07-15T14:00:00Z,9000
2025-07-15T15:00:00Z,9000
2025-07-15T16:00:00Z,9000
2025-07-15T17:00:00Z,9000
2025-07-15T18:00:00Z,9000
2025-07-16T04:00:00Z,9000
2025-07-16T05:00:00Z,8000
2025-07-16T06:00:00Z,7000
2025-07-16T07:00:00Z,7000
2025-07-16T08:00:00Z,6000
2025-07-16T09:00:00Z,4500
2025-07-16T10:00:00Z,4500
2025-07-16T11:00:00Z,5000
2025-07-16T12:00:00Z,6000
2025-07-16T13:00:00Z,8000
2025-07-16T14:00:00Z,9000
2025-07-16T22:00:00Z,8000
2025-07-16T23:00:00Z,9000
2025-07-17T03:00:00Z,8000
2025-07-17T04:00:00Z,7000
2025-07-17T05:00:00Z,7000
2025-07-17T06:00:00Z,6000
2025-07-17T07:00:00Z,6000
2025-07-17T08:00:00Z,7000
2025-07-17T09:00:00Z,7000
2025-07-17T09:15:00Z,3500
2025-07-17T10:00:00Z,3500
2025-07-17T11:00:00Z,3000
2025-07-17T12:00:00Z,4000
2025-07-17T12:21:00Z,4000
2025-07-17T13:00:00Z,6000
2025-07-17T14:00:00Z,8000
2025-07-18T04:00:00Z,6000
2025-07-18T04:27:00Z,4000
2025-07-18T05:00:00Z,4000
2025-07-18T06:00:00Z,6000
2025-07-18T07:00:00Z,6000
2025-07-18T08:00:00Z,8000
2025-07-18T09:00:00Z,8000
2025-07-18T11:00:00Z,8000
2025-07-19T05:00:00Z,8000
2025-07-19T06:00:00Z,7000
2025-07-19T07:00:00Z,6000
2025-07-19T08:00:00Z,8000
2025-07-20T10:00:00Z,9000
2025-07-20T11:00:00Z,9000
2025-07-20T12:00:00Z,9000
2025-07-20T13:00:00Z,9000
2025-07-21T08:24:00Z,9000
2025-07-21T09:00:00Z,9000
2025-07-21T10:00:00Z,9000
2025-07-21T10:36:00Z,6000
2025-07-21T11:00:00Z,8000
2025-07-21T12:00:00Z,8000
2025-07-21T13:00:00Z,9000
2025-07-22T06:00:00Z,8000
2025-07-22T07:00:00Z,8000
2025-07-22T08:00:00Z,8000
2025-07-22T09:00:00Z,8000
2025-07-22T10:00:00Z,6000
2025-07-22T11:00:00Z,7000
2025-07-22T12:00:00Z,8000
2025-07-23T07:00:00Z,8000
2025-07-23T08:00:00Z,6000
2025-07-23T09:00:00Z,7000
2025-07-23T10:00:00Z,4500
2025-07-23T11:00:00Z,4500
2025-07-23T12:00:00Z,5000
2025-07-23T13:00:00Z,6000
2025-07-23T14:00:00Z,7000
2025-07-23T15:00:00Z,9000
2025-07-24T06:00:00Z,7000
2025-07-24T07:00:00Z,6000
2025-07-24T08:00:00Z,7000
2025-07-24T09:00:00Z,8000
2025-07-24T10:00:00Z,8000
2025-07-24T11:00:00Z,7000
2025-07-24T11:12:00Z,5000
2025-07-24T12:00:00Z,7000
2025-07-24T13:00:00Z,6000
2025-07-24T14:00:00Z,7000
2025-07-24T15:00:00Z,9000
2025-07-24T16:00:00Z,8000
2025-07-24T17:00:00Z,7000
2025-07-24T18:00:00Z,8000
2025-07-24T19:00:00Z,9000
2025-07-24T20:00:00Z,9000
2025-07-24T21:00:00Z,9000
2025-07-25T04:00:00Z,9000
2025-07-25T08:00:00Z,9000
2025-07-25T09:00:00Z,8000
2025-07-25T10:00:00Z,8000
2025-07-25T11:00:00Z,6000
2025-07-25T12:00:00Z,7000
2025-07-25T13:00:00Z,7000
2025-07-25T14:00:00Z,7000
2025-07-25T20:00:00Z,9000
2025-07-25T21:00:00Z,6000
2025-07-25T21:28:00Z,4000
2025-07-25T21:37:00Z,1000
2025-07-25T21:43:00Z,700
2025-07-25T22:00:00Z,700
2025-07-25T23:00:00Z,3700
2025-07-26T05:00:00Z,9000
2025-07-26T06:00:00Z,8000
2025-07-26T07:00:00Z,3700
2025-07-26T07:35:00Z,3700
2025-07-26T08:00:00Z,8000
2025-07-26T09:00:00Z,7000
2025-07-26T09:39:00Z,2500
2025-07-26T10:00:00Z,2000
2025-07-26T11:00:00Z,2000
2025-07-26T12:00:00Z,3500
2025-07-26T13:00:00Z,8000
2025-07-27T09:00:00Z,6000
2025-07-27T09:14:00Z,4000
2025-07-27T09:40:00Z,2500
2025-07-27T10:00:00Z,600
2025-07-27T11:00:00Z,900
2025-07-27T12:00:00Z,500
2025-07-27T12:35:00Z,800
2025-07-27T13:00:00Z,4000
2025-07-27T13:30:00Z,6000
2025-07-27T14:00:00Z,7000
2025-07-31T06:00:00Z,9000
2025-08-02T07:00:00Z,8000
2025-08-02T08:00:00Z,8000
2025-08-02T09:00:00Z,7000
2025-08-02T11:00:00Z,8000
2025-08-02T12:00:00Z,9000
2025-08-05T05:00:00Z,9000
2025-08-05T06:00:00Z,9000
2025-08-05T07:00:00Z,9000
2025-08-05T08:00:00Z,9000
2025-08-05T09:00:00Z,8000
2025-08-05T10:00:00Z,8000
2025-08-05T11:00:00Z,8000
2025-08-05T12:00:00Z,8000
2025-08-05T13:00:00Z,8000
2025-08-05T14:00:00Z,8000
2025-08-06T08:00:00Z,7000
2025-08-06T09:00:00Z,8000
2025-08-06T10:00:00Z,7000
2025-08-06T11:00:00Z,7000
2025-08-06T12:00:00Z,8000
2025-08-07T07:00:00Z,8000
2025-08-07T08:00:00Z,7000
2025-08-07T09:00:00Z,6000
2025-08-07T09:32:00Z,4000
2025-08-07T10:00:00Z,3000
2025-08-07T11:00:00Z,5000
2025-08-07T11:43:00Z,5000
2025-08-07T12:00:00Z,7000
2025-08-07T13:00:00Z,8000
2025-08-07T14:00:00Z,7000
2025-08-07T15:00:00Z,8000
2025-08-08T09:00:00Z,9000
2025-08-08T10:00:00Z,6000
2025-08-08T11:00:00Z,6000
2025-08-08T12:00:00Z,6000
2025-08-08T13:00:00Z,8000
2025-08-08T14:00:00Z,9000
2025-08-08T21:20:00Z,4000
2025-08-08T21:39:00Z,2500
2025-08-08T22:00:00Z,9000
2025-08-09T00:00:00Z,8000
2025-08-09T01:00:00Z,8000
2025-08-09T02:00:00Z,8000
2025-08-09T03:00:00Z,8000
2025-08-09T04:00:00Z,7000
2025-08-09T05:00:00Z,6000
2025-08-09T06:00:00Z,7000
2025-08-09T07:00:00Z,7000
2025-08-09T08:00:00Z,9000
2025-08-09T11:00:00Z,7000
2025-08-09T12:00:00Z,9000
2025-08-10T00:00:00Z,3000
2025-08-10T00:10:00Z,4000
2025-08-10T00:41:00Z,9000
2025-08-11T08:00:00Z,8000
2025-08-11T09:00:00Z,7000
2025-08-11T09:33:00Z,8000
2025-08-11T10:00:00Z,5000
2025-08-11T11:00:00Z,9000
2025-08-11T13:00:00Z,8000
2025-08-12T09:29:00Z,4000
2025-08-12T10:00:00Z,8000
2025-08-12T11:00:00Z,9000
2025-08-13T06:00:00Z,8000
2025-08-13T07:00:00Z,7000
2025-08-13T08:00:00Z,8000
2025-08-13T09:00:00Z,8000
2025-08-13T10:00:00Z,8000
2025-08-14T08:00:00Z,7000
2025-08-14T09:00:00Z,6000
2025-08-14T10:00:00Z,7000
2025-08-14T11:00:00Z,7000
2025-08-14T12:00:00Z,8000
2025-08-17T02:00:00Z,9000
2025-08-17T03:00:00Z,9000
2025-08-17T04:00:00Z,9000
2025-08-17T06:00:00Z,8000
2025-08-17T07:00:00Z,9000
2025-08-17T09:00:00Z,7000
2025-08-17T10:00:00Z,8000
2025-08-17T11:00:00Z,8000
2025-08-17T12:00:00Z,8000
2025-08-17T13:00:00Z,9000
2025-08-18T06:00:00Z,8000
2025-08-18T07:00:00Z,8000
2025-08-18T08:00:00Z,8000
2025-08-18T09:00:00Z,8000
2025-08-18T10:00:00Z,8000
2025-08-22T06:00:00Z,8000
2025-08-22T07:00:00Z,8000
2025-08-22T08:00:00Z,8000
2025-08-22T10:00:00Z,8000
2025-08-24T10:00:00Z,9000
2025-08-24T11:00:00Z,9000
2025-08-24T17:00:00Z,9000
2025-08-25T06:00:00Z,8000
2025-08-25T07:00:00Z,8000
2025-08-25T08:00:00Z,8000
2025-08-25T09:00:00Z,8000
2025-08-25T10:00:00Z,8000
2025-08-26T11:00:00Z,9000
2025-08-27T02:00:00Z,8000
2025-08-27T03:00:00Z,8000
2025-08-27T04:00:00Z,8000
2025-08-27T05:00:00Z,8000
2025-08-27T06:00:00Z,8000
2025-08-27T07:00:00Z,8000
2025-08-27T08:00:00Z,8000
2025-08-27T09:00:00Z,8000
2025-08-27T10:00:00Z,8000
2025-08-27T11:00:00Z,9000
2025-08-28T00:00:00Z,8000
2025-08-28T05:00:00Z,8000
2025-08-28T06:00:00Z,8000
2025-08-28T09:00:00Z,8000
2025-08-28T11:00:00Z,8000
2025-08-28T12:00:00Z,9000
2025-08-28T13:00:00Z,9000
2025-08-28T14:00:00Z,9000
2025-08-28T15:00:00Z,9000
2025-08-28T16:00:00Z,9000
2025-08-29T09:00:00Z,8000
2025-08-29T10:00:00Z,7000
2025-08-29T11:00:00Z,8000
2025-08-29T12:00:00Z,8000
2025-08-29T13:00:00Z,8000
2025-08-29T14:00:00Z,8000
2025-08-29T15:00:00Z,8000
2025-08-30T10:00:00Z,7000
2025-08-30T11:00:00Z,7000
2025-08-30T12:00:00Z,8000
2025-08-30T13:00:00Z,9000
2025-08-30T14:00:00Z,9000
2025-08-30T16:00:00Z,9000
2025-08-30T18:00:00Z,9000
2025-08-30T18:30:00Z,5000
2025-08-30T19:00:00Z,9000
2025-08-31T09:00:00Z,9000
2025-08-31T18:48:00Z,4000
2025-08-31T19:00:00Z,5000
2025-08-31T20:00:00Z,3000
2025-08-31T21:00:00Z,7000
2025-09-01T07:00:00Z,8000
2025-09-01T08:00:00Z,8000
2025-09-02T03:00:00Z,8000
2025-09-02T04:00:00Z,8000
2025-09-02T05:00:00Z,8000
2025-09-02T06:00:00Z,8000
2025-09-02T07:00:00Z,8000
2025-09-02T08:00:00Z,8000
2025-09-02T09:00:00Z,8000
2025-09-07T00:00:00Z,8000
2025-09-07T01:00:00Z,5000
2025-09-07T02:00:00Z,8000
2025-09-07T03:00:00Z,7000
2025-09-07T04:00:00Z,7000
2025-09-07T05:00:00Z,7000
2025-09-07T06:00:00Z,6000
2025-09-07T07:00:00Z,6000
2025-09-07T07:15:00Z,3000
2025-09-07T08:00:00Z,3500
2025-09-07T09:00:00Z,4500
2025-09-07T09:25:00Z,6000
2025-09-07T10:00:00Z,8000
2025-09-07T11:00:00Z,9000
2025-09-07T12:00:00Z,9000
2025-09-07T13:00:00Z,9000
2025-09-07T14:00:00Z,9000
2025-09-07T15:00:00Z,7000
2025-09-07T15:31:00Z,6000
2025-09-07T16:00:00Z,5000
2025-09-07T17:00:00Z,9000
2025-09-07T18:00:00Z,9000
2025-09-07T19:00:00Z,9000
2025-09-07T21:00:00Z,9000
2025-09-10T06:00:00Z,8000
2025-09-10T07:00:00Z,8000
2025-09-10T08:00:00Z,8000
2025-09-10T09:00:00Z,8000
2025-09-10T10:00:00Z,8000
2025-09-12T07:00:00Z,8000
2025-09-12T08:00:00Z,8000
2025-09-12T09:00:00Z,7000
2025-09-12T10:00:00Z,7000
2025-09-12T11:00:00Z,8000
2025-09-12T12:00:00Z,9000
2025-09-13T08:00:00Z,6000
2025-09-13T09:00:00Z,6000
2025-09-13T10:00:00Z,8000
2025-09-14T07:00:00Z,8000
2025-09-14T08:00:00Z,8000
2025-09-14T09:00:00Z,8000
2025-09-14T10:00:00Z,8000
2025-09-15T10:00:00Z,8000
2025-09-15T11:00:00Z,8000
2025-09-16T19:22:00Z,4500
2025-09-16T20:00:00Z,8000
2025-09-16T21:00:00Z,4500
2025-09-16T22:00:00Z,4500
2025-09-16T23:00:00Z,7000
2025-09-17T00:00:00Z,8000
2025-09-17T01:00:00Z,8000
2025-09-17T02:00:00Z,8000
2025-09-17T03:00:00Z,7000
2025-09-17T04:00:00Z,7000
2025-09-17T05:00:00Z,7000
2025-09-17T06:00:00Z,7000
2025-09-17T07:00:00Z,7000
2025-09-17T08:00:00Z,8000
2025-09-17T09:00:00Z,7000
2025-09-17T10:00:00Z,8000
2025-09-17T11:00:00Z,8000
2025-09-19T09:00:00Z,8000
2025-09-19T10:00:00Z,7000
2025-09-19T11:00:00Z,8000
2025-09-19T11:34:00Z,8000
2025-09-19T12:00:00Z,8000
2025-09-19T13:00:00Z,8000
2025-09-19T14:00:00Z,8000
2025-09-21T09:00:00Z,8000
2025-09-22T09:00:00Z,9000
2025-09-22T11:00:00Z,9000
2025-09-22T12:00:00Z,9000
2025-09-22T19:00:00Z,9000
2025-09-22T20:00:00Z,3000
2025-09-22T21:00:00Z,6000
2025-09-22T22:00:00Z,9000
2025-09-22T23:00:00Z,7000
2025-09-23T00:00:00Z,6000
2025-09-23T01:00:00Z,6000
2025-09-23T02:00:00Z,6000
2025-09-23T03:00:00Z,6000
2025-09-23T04:00:00Z,6000
2025-09-23T05:00:00Z,7000
2025-09-23T07:00:00Z,6000
2025-09-23T08:00:00Z,8000
2025-09-23T16:00:00Z,8000
2025-09-24T19:00:00Z,4000
2025-09-24T20:00:00Z,3000
2025-09-24T21:00:00Z,3000
2025-09-24T21:40:00Z,8000
2025-09-24T22:00:00Z,7000
2025-09-24T23:00:00Z,8000
2025-09-25T00:00:00Z,9000
2025-09-25T03:00:00Z,5000
2025-09-25T04:00:00Z,4000
2025-09-25T05:00:00Z,8000
2025-09-25T06:00:00Z,4000
2025-09-25T07:00:00Z,4000
2025-09-25T08:00:00Z,3500
2025-09-25T09:00:00Z,8000
2025-09-25T10:00:00Z,2000
2025-09-25T11:00:00Z,6000
2025-09-25T12:00:00Z,8000
2025-09-25T15:00:00Z,4000
2025-09-25T16:00:00Z,7000
2025-09-25T20:15:00Z,3000
2025-09-25T21:00:00Z,9000
2025-09-26T00:00:00Z,7000
2025-09-26T01:00:00Z,2000
2025-09-26T01:47:00Z,4000
2025-09-26T02:00:00Z,7000
2025-09-26T02:29:00Z,7000
2025-09-26T03:00:00Z,7000
2025-09-26T04:00:00Z,8000
2025-09-26T05:00:00Z,2500
2025-09-26T05:35:00Z,7000
2025-09-26T06:00:00Z,7000
2025-09-26T07:00:00Z,7000
2025-09-26T07:17:00Z,2500
2025-09-26T08:00:00Z,5000
2025-09-26T09:00:00Z,7000
2025-09-26T10:00:00Z,8000
2025-09-30T09:00:00Z,5000
2025-09-30T10:00:00Z,5000
2025-09-30T11:00:00Z,9000
2025-09-30T12:00:00Z,9000
2025-09-30T13:00:00Z,9000
2025-10-02T08:00:00Z,7000
2025-10-02T09:00:00Z,6000
2025-10-02T10:00:00Z,7000
2025-10-02T13:00:00Z,8000
2025-10-02T14:00:00Z,8000
2025-10-07T21:00:00Z,3500
2025-10-07T22:00:00Z,6000
2025-10-07T23:00:00Z,6000
2025-10-08T00:00:00Z,6000
2025-10-08T01:00:00Z,4500
2025-10-08T02:00:00Z,6000
2025-10-08T03:00:00Z,4500
2025-10-08T04:00:00Z,4500
2025-10-08T05:00:00Z,4500
2025-10-08T06:00:00Z,4500
2025-10-08T07:00:00Z,4500
2025-10-08T08:00:00Z,4500
2025-10-08T09:00:00Z,4500
2025-10-08T10:00:00Z,4500
2025-10-08T11:00:00Z,3000
2025-10-08T12:00:00Z,3000
2025-10-08T13:00:00Z,5000
2025-10-08T14:00:00Z,6000
2025-10-08T15:00:00Z,5000
2025-10-08T16:00:00Z,5000
2025-10-08T16:34:00Z,3000
2025-10-08T17:00:00Z,2000
2025-10-08T18:00:00Z,5000
2025-10-08T19:00:00Z,5000
2025-10-08T20:00:00Z,4000
2025-10-08T21:00:00Z,4000
2025-10-08T22:00:00Z,6000
2025-10-08T23:00:00Z,3000
2025-10-09T00:00:00Z,6000
2025-10-09T01:00:00Z,3000
2025-10-09T02:00:00Z,2500
2025-10-09T03:00:00Z,7000
2025-10-09T04:00:00Z,7000
2025-10-09T05:00:00Z,7000
2025-10-09T06:00:00Z,7000
2025-10-09T07:00:00Z,7000
2025-10-09T09:00:00Z,8000
2025-10-09T10:00:00Z,7000
2025-10-09T17:00:00Z,8000
2025-10-09T18:00:00Z,4000
2025-10-09T19:00:00Z,9000
2025-10-09T20:00:00Z,5000
2025-10-09T21:00:00Z,9000
2025-10-10T09:00:00Z,6000
2025-10-10T10:00:00Z,6000
2025-10-10T21:00:00Z,9000
2025-10-10T22:36:00Z,3000
2025-10-10T23:00:00Z,3000
2025-10-11T00:00:00Z,6000
2025-10-11T01:00:00Z,6000
2025-10-11T01:26:00Z,2500
2025-10-11T02:00:00Z,3000
2025-10-11T03:00:00Z,2500
2025-10-11T04:00:00Z,3000
2025-10-11T05:00:00Z,6000
2025-10-11T06:00:00Z,7000
2025-10-11T07:00:00Z,7000
2025-10-11T08:00:00Z,8000
2025-10-11T11:00:00Z,9000
2025-10-11T12:00:00Z,9000
2025-10-12T05:00:00Z,5000
2025-10-12T06:00:00Z,5000
2025-10-12T07:00:00Z,5000
2025-10-12T09:00:00Z,1500
2025-10-12T10:00:00Z,3000
2025-10-12T11:00:00Z,3000
2025-10-12T12:00:00Z,4000
2025-10-12T13:00:00Z,4500
2025-10-12T13:35:00Z,5000
2025-10-12T14:00:00Z,5000
2025-10-12T15:00:00Z,7000
2025-10-13T00:00:00Z,9000
2025-10-14T06:00:00Z,8000
2025-10-14T07:00:00Z,6000
2025-10-14T08:00:00Z,8000
2025-10-17T09:00:00Z,3500
2025-10-17T10:00:00Z,3500
2025-10-17T11:00:00Z,3500
2025-10-17T12:00:00Z,4000
2025-10-17T13:00:00Z,5000
2025-10-17T14:00:00Z,5000
2025-10-17T15:00:00Z,8000
2025-10-17T16:00:00Z,9000
2025-10-17T17:00:00Z,9000
2025-10-18T23:00:00Z,4500
2025-10-19T00:05:00Z,4000
2025-10-19T01:00:00Z,4500
2025-10-19T02:00:00Z,4500
2025-10-19T03:00:00Z,6000
2025-10-19T04:00:00Z,4000
2025-10-19T05:00:00Z,6000
2025-10-19T06:00:00Z,6000
2025-10-19T07:00:00Z,9000
2025-10-19T08:00:00Z,4000
2025-10-19T09:00:00Z,4500
2025-10-19T10:00:00Z,4000
2025-10-19T11:00:00Z,6000
2025-10-19T12:00:00Z,6000
2025-10-19T12:23:00Z,3000
2025-10-19T13:00:00Z,8000
2025-10-19T14:00:00Z,8000
2025-10-19T22:00:00Z,9000
2025-10-19T23:00:00Z,6000
2025-10-20T00:00:00Z,6000
2025-10-20T01:00:00Z,9000
2025-10-20T02:00:00Z,9000
2025-10-20T03:00:00Z,9000
2025-10-20T03:15:00Z,2500
2025-10-20T04:00:00Z,5000
2025-10-20T05:00:00Z,5000
2025-10-20T06:00:00Z,5000
2025-10-20T07:00:00Z,5000
2025-10-20T08:00:00Z,5000
2025-10-20T10:00:00Z,4000
2025-10-20T11:00:00Z,8000
2025-10-20T12:00:00Z,8000
2025-10-21T14:00:00Z,8000
2025-10-21T16:00:00Z,6000
2025-10-21T19:00:00Z,8000
2025-10-24T08:00:00Z,8000
2025-10-27T19:00:00Z,9000
2025-10-27T20:00:00Z,9000
2025-10-27T21:00:00Z,9000
2025-10-27T22:00:00Z,8000
2025-10-27T23:00:00Z,7000
2025-10-28T00:00:00Z,8000
2025-10-28T01:00:00Z,7000
2025-10-28T02:00:00Z,8000
2025-10-28T03:00:00Z,6000
2025-10-28T04:00:00Z,8000
2025-10-28T05:00:00Z,8000
2025-10-28T06:00:00Z,8000
2025-10-28T07:00:00Z,8000
2025-10-28T08:00:00Z,7000
2025-10-28T09:00:00Z,7000
2025-10-28T09:10:00Z,7000
2025-10-28T10:00:00Z,7000
2025-10-28T11:00:00Z,7000
2025-10-28T12:00:00Z,8000
2025-10-29T02:00:00Z,9000
2025-10-29T05:00:00Z,8000
2025-10-29T06:00:00Z,8000
2025-10-29T07:00:00Z,7000
2025-10-29T08:00:00Z,6000
2025-10-29T08:26:00Z,4000
2025-10-29T09:00:00Z,4000
2025-10-29T10:00:00Z,4000
2025-10-29T11:00:00Z,5000
2025-10-29T12:00:00Z,5000
2025-10-29T13:00:00Z,6000
2025-10-29T14:00:00Z,8000
2025-10-29T15:00:00Z,9000
2025-10-29T16:00:00Z,9000
2025-10-29T17:00:00Z,9000
2025-10-30T17:00:00Z,3000
2025-10-30T17:44:00Z,3000
2025-10-30T18:00:00Z,8000
2025-10-30T19:00:00Z,8000
2025-10-30T20:00:00Z,4000
2025-10-30T20:18:00Z,3000
2025-10-30T23:00:00Z,8000
2025-10-31T00:00:00Z,8000
2025-10-31T01:00:00Z,8000
2025-10-31T02:00:00Z,8000
2025-10-31T03:00:00Z,8000
2025-10-31T04:00:00Z,9000
2025-10-31T05:00:00Z,8000
2025-10-31T05:15:00Z,3000
2025-10-31T06:00:00Z,2500
2025-10-31T07:00:00Z,8000
2025-10-31T08:00:00Z,8000
2025-10-31T09:00:00Z,9000
2025-10-31T10:00:00Z,8000
2025-10-31T14:00:00Z,8000
2025-10-31T14:23:00Z,9000
2025-10-31T15:00:00Z,5000
2025-10-31T16:00:00Z,9000
2025-10-31T17:00:00Z,8000
2025-11-02T16:00:00Z,8000
2025-11-02T16:26:00Z,3500
2025-11-02T17:00:00Z,4500
2025-11-02T18:00:00Z,5000
2025-11-02T19:00:00Z,4000
2025-11-02T20:00:00Z,4500
2025-11-02T21:00:00Z,3500
2025-11-02T22:00:00Z,4500
2025-11-02T23:00:00Z,8000
2025-11-03T01:00:00Z,8000
2025-11-03T04:00:00Z,8000
2025-11-03T07:00:00Z,8000
2025-11-03T11:00:00Z,9000
2025-11-03T12:00:00Z,9000
2025-11-03T19:00:00Z,6000
2025-11-04T01:00:00Z,8000
2025-11-04T02:00:00Z,8000
2025-11-04T04:00:00Z,8000
2025-11-04T05:00:00Z,8000
2025-11-04T06:00:00Z,8000
2025-11-04T11:00:00Z,6000
2025-11-04T18:00:00Z,6000
2025-11-04T19:00:00Z,6000
2025-11-04T20:00:00Z,8000
2025-11-04T21:00:00Z,8000
2025-11-05T00:00:00Z,7000
2025-11-05T00:13:00Z,4000
2025-11-05T01:00:00Z,6000
2025-11-05T02:00:00Z,8000
2025-11-05T04:00:00Z,8000
2025-11-05T05:00:00Z,8000
2025-11-05T06:00:00Z,8000
2025-11-05T07:00:00Z,5000
2025-11-05T08:00:00Z,6000
2025-11-05T09:00:00Z,5000
2025-11-05T10:00:00Z,5000
2025-11-05T11:00:00Z,5000
2025-11-05T12:00:00Z,6000
2025-11-05T13:00:00Z,9000
2025-11-06T01:00:00Z,5000
2025-11-06T02:00:00Z,8000
2025-11-06T02:10:00Z,5000
2025-11-06T02:20:00Z,3000
2025-11-06T03:00:00Z,6000
2025-11-06T04:00:00Z,6000
2025-11-06T05:00:00Z,7000
2025-11-06T06:00:00Z,7000
2025-11-06T07:00:00Z,7000
2025-11-06T08:00:00Z,7000
2025-11-06T09:00:00Z,7000
2025-11-06T10:00:00Z,8000
2025-11-07T04:00:00Z,5000
2025-11-07T05:00:00Z,8000
2025-11-07T10:00:00Z,8000
2025-11-08T04:33:00Z,4000
2025-11-08T05:00:00Z,6000
2025-11-08T09:32:00Z,4000
2025-11-08T10:00:00Z,4000
2025-11-08T10:28:00Z,8000
2025-11-08T11:00:00Z,8000
2025-11-08T12:00:00Z,8000
2025-11-08T13:00:00Z,8000
2025-11-08T15:00:00Z,8000
2025-11-09T13:00:00Z,9000
2025-11-10T02:00:00Z,5000
2025-11-10T06:00:00Z,8000
2025-11-10T07:00:00Z,8000
2025-11-10T08:00:00Z,8000
2025-11-10T09:00:00Z,8000
2025-11-10T10:00:00Z,8000
2025-11-12T09:00:00Z,9000
2025-11-12T10:00:00Z,9000
2025-11-12T11:00:00Z,9000
2025-11-13T00:00:00Z,8000
2025-11-14T07:00:00Z,8000
2025-11-14T08:00:00Z,6000
2025-11-14T09:00:00Z,6000
2025-11-14T11:00:00Z,9000
2025-11-15T09:00:00Z,8000
2025-11-15T11:00:00Z,8000
2025-11-15T12:00:00Z,8000
2025-11-15T14:00:00Z,8000
2025-11-15T15:00:00Z,7000
2025-11-15T16:00:00Z,7000
2025-11-15T17:00:00Z,8000
2025-11-15T23:00:00Z,7000
2025-11-16T00:00:00Z,8000
2025-11-16T06:00:00Z,8000
2025-11-16T07:00:00Z,8000
2025-11-17T00:00:00Z,9000
2025-11-18T06:00:00Z,8000
2025-11-18T07:00:00Z,8000
2025-11-18T08:00:00Z,8000
2025-11-18T09:00:00Z,8000
2025-11-18T18:00:00Z,2000
2025-11-18T18:11:00Z,1000
2025-11-18T18:24:00Z,7000
2025-11-18T22:00:00Z,8000
2025-11-19T00:00:00Z,7000
2025-11-19T01:00:00Z,5000
2025-11-19T02:00:00Z,2500
2025-11-19T02:22:00Z,7000
2025-11-20T03:00:00Z,8000
2025-11-20T04:00:00Z,8000
2025-11-20T05:00:00Z,8000
2025-11-20T07:00:00Z,8000
2025-11-20T09:00:00Z,7000
2025-11-20T10:00:00Z,8000
2025-11-20T14:00:00Z,8000
2025-11-22T06:00:00Z,8000
2025-11-22T07:00:00Z,8000
2025-11-22T08:00:00Z,8000
2025-11-22T09:00:00Z,8000
2025-11-22T10:00:00Z,8000
2025-11-22T11:00:00Z,9000
2025-11-22T22:00:00Z,8000
2025-11-23T09:00:00Z,9000
2025-11-23T10:00:00Z,9000
2025-11-23T22:00:00Z,8000
2025-11-23T23:00:00Z,9000
2025-11-24T00:00:00Z,8000
2025-11-24T01:00:00Z,8000
2025-11-24T02:00:00Z,4000
2025-11-24T03:00:00Z,8000
2025-11-24T04:00:00Z,8000
2025-11-24T05:00:00Z,8000
2025-11-24T06:00:00Z,7000
2025-11-24T07:00:00Z,7000
2025-11-24T08:00:00Z,7000
2025-11-24T09:00:00Z,7000
2025-11-24T12:00:00Z,9000
2025-11-24T20:00:00Z,4000
2025-11-24T20:08:00Z,4000
2025-11-24T21:00:00Z,9000
2025-11-24T22:00:00Z,4000
2025-11-24T23:00:00Z,7000
2025-11-25T00:00:00Z,7000
2025-11-25T01:00:00Z,7000
2025-11-25T02:00:00Z,8000
2025-11-25T03:00:00Z,8000
2025-11-25T04:00:00Z,8000
2025-11-25T05:00:00Z,8000
2025-11-25T06:00:00Z,8000
2025-11-25T06:33:00Z,3000
2025-11-25T07:00:00Z,8000
2025-11-25T08:00:00Z,8000
2025-11-25T09:00:00Z,8000
2025-11-26T05:00:00Z,4500
2025-11-26T06:00:00Z,4500
2025-11-26T07:00:00Z,9000
2025-11-26T08:00:00Z,9000
2025-11-26T10:00:00Z,9000
2025-11-27T06:00:00Z,8000
2025-11-27T07:00:00Z,7000
2025-11-27T08:00:00Z,8000
2025-11-27T09:00:00Z,8000
2025-11-27T10:00:00Z,9000
2025-11-27T11:00:00Z,9000
2025-11-28T23:23:00Z,2000
2025-11-29T08:10:00Z,4500
2025-11-29T09:00:00Z,4500
2025-11-29T10:00:00Z,5000
2025-11-29T11:00:00Z,7000
2025-11-29T12:00:00Z,8000
2025-11-29T13:00:00Z,8000
2025-11-29T14:00:00Z,8000
2025-11-30T09:00:00Z,7000
2025-11-30T10:00:00Z,8000
2025-12-02T01:00:00Z,9000
2025-12-02T02:00:00Z,9000
2025-12-02T03:00:00Z,8000
2025-12-02T04:00:00Z,6000
2025-12-02T05:00:00Z,4000
2025-12-02T06:00:00Z,4000
2025-12-02T07:00:00Z,4000
2025-12-02T08:00:00Z,6000
2025-12-02T09:00:00Z,7000
2025-12-02T10:00:00Z,7000
2025-12-02T11:00:00Z,7000
2025-12-02T12:00:00Z,7000
2025-12-02T13:00:00Z,7000
2025-12-02T14:00:00Z,7000
2025-12-02T15:00:00Z,8000
2025-12-02T16:00:00Z,7000
2025-12-02T17:00:00Z,7000
2025-12-02T18:00:00Z,9000
2025-12-02T19:00:00Z,9000
2025-12-02T20:00:00Z,7000
2025-12-02T21:00:00Z,2500
2025-12-02T21:30:00Z,9000
2025-12-02T22:00:00Z,9000
2025-12-03T08:00:00Z,9000
2025-12-03T09:00:00Z,9000
2025-12-05T06:00:00Z,8000
2025-12-05T07:00:00Z,8000
2025-12-05T08:00:00Z,9000
2025-12-06T03:00:00Z,8000
2025-12-06T04:00:00Z,8000
2025-12-06T05:00:00Z,8000
2025-12-06T06:00:00Z,7000
2025-12-06T07:00:00Z,7000
2025-12-06T08:00:00Z,7000
2025-12-06T09:00:00Z,8000
2025-12-06T10:00:00Z,8000
2025-12-08T06:00:00Z,9000
2025-12-08T07:00:00Z,7000
2025-12-08T08:00:00Z,5000
2025-12-08T09:00:00Z,7000
2025-12-08T10:00:00Z,7000
2025-12-08T11:00:00Z,8000
2025-12-09T06:00:00Z,8000
2025-12-10T02:00:00Z,9000
2025-12-10T03:00:00Z,8000
2025-12-10T11:00:00Z,8000
2025-12-10T12:00:00Z,8000
2025-12-10T13:00:00Z,9000
2025-12-10T14:00:00Z,8000
2025-12-10T16:00:00Z,7000
2025-12-10T17:00:00Z,8000
2025-12-10T19:00:00Z,7000
2025-12-13T06:00:00Z,4000
2025-12-13T06:10:00Z,4500
2025-12-13T07:00:00Z,6000
2025-12-13T12:00:00Z,8000
2025-12-13T14:00:00Z,7000
2025-12-13T15:00:00Z,7000
2025-12-13T16:00:00Z,7000
2025-12-13T17:00:00Z,7000
2025-12-14T02:00:00Z,4500
2025-12-14T03:00:00Z,8000
2025-12-14T04:00:00Z,8000
2025-12-14T05:00:00Z,8000
2025-12-14T06:00:00Z,7000
2025-12-14T07:00:00Z,7000
2025-12-14T08:00:00Z,8000
2025-12-14T09:00:00Z,8000
2025-12-16T06:00:00Z,9000
2025-12-16T07:00:00Z,9000
2025-12-16T08:00:00Z,9000
2025-12-16T09:00:00Z,9000
2025-12-16T18:00:00Z,7000
2025-12-17T08:00:00Z,8000
2025-12-17T09:00:00Z,4000
2025-12-17T10:00:00Z,4500
2025-12-17T11:00:00Z,4000
2025-12-17T11:34:00Z,6000
2025-12-17T18:00:00Z,9000
2025-12-17T20:00:00Z,8000
2025-12-17T21:00:00Z,4500
2025-12-17T22:00:00Z,4000
2025-12-17T23:00:00Z,5000
2025-12-17T23:22:00Z,8000
2025-12-18T00:00:00Z,8000
2025-12-18T06:00:00Z,8000
2025-12-18T07:00:00Z,7000
2025-12-18T11:00:00Z,7000
2025-12-18T12:00:00Z,8000
2025-12-18T13:00:00Z,8000
2025-12-18T16:00:00Z,7000
2025-12-18T18:00:00Z,7000
2025-12-18T19:00:00Z,6000
2025-12-18T19:19:00Z,4000
2025-12-18T20:00:00Z,4000
2025-12-18T21:00:00Z,3000
2025-12-18T22:00:00Z,3000
2025-12-18T23:00:00Z,7000
2025-12-19T00:00:00Z,7000
2025-12-19T01:00:00Z,7000
2025-12-19T02:00:00Z,7000
2025-12-19T03:00:00Z,8000
2025-12-19T04:00:00Z,8000
2025-12-19T05:00:00Z,8000
2025-12-19T06:00:00Z,7000
2025-12-19T07:00:00Z,7000
2025-12-19T08:00:00Z,7000
2025-12-19T09:00:00Z,7000
2025-12-19T10:00:00Z,7000
2025-12-19T15:00:00Z,6000
2025-12-19T15:09:00Z,3000
2025-12-19T16:00:00Z,9000
2025-12-19T23:27:00Z,3000
2025-12-20T00:00:00Z,6000
2025-12-20T01:00:00Z,5000
2025-12-20T02:00:00Z,5000
2025-12-20T03:00:00Z,3000
2025-12-20T04:00:00Z,3000
2025-12-20T05:00:00Z,6000
2025-12-20T06:00:00Z,6000
2025-12-20T07:00:00Z,6000
2025-12-20T08:00:00Z,6000
2025-12-20T09:00:00Z,6000
2025-12-20T10:00:00Z,4000
2025-12-20T11:00:00Z,6000
2025-12-20T12:00:00Z,7000
2025-12-20T13:00:00Z,8000
2025-12-21T06:00:00Z,8000
2025-12-21T07:00:00Z,8000
2025-12-21T08:00:00Z,5000
2025-12-21T09:00:00Z,7000
2025-12-21T10:00:00Z,8000
2025-12-23T07:00:00Z,8000
2025-12-24T07:00:00Z,8000
2025-12-24T08:00:00Z,8000
2025-12-24T09:00:00Z,8000
2025-12-25T10:00:00Z,8000
2025-12-27T10:00:00Z,5000
2025-12-27T11:00:00Z,5000
2025-12-27T12:00:00Z,6000
2025-12-27T13:00:00Z,6000
2025-12-27T14:00:00Z,8000
2025-12-27T15:00:00Z,9000
2025-12-28T08:00:00Z,7000
2025-12-28T09:00:00Z,8000
2025-12-28T10:00:00Z,8000
2025-12-28T11:00:00Z,9000
2025-12-30T11:00:00Z,9000
2025-12-30T12:00:00Z,8000
2025-12-30T13:00:00Z,8000
2025-12-30T14:00:00Z,9000
2025-12-31T04:13:00Z,8000
2025-12-31T05:00:00Z,8000
2025-12-31T06:00:00Z,5000
2025-12-31T07:00:00Z,6000
2025-12-31T08:00:00Z,8000
2025-12-31T10:00:00Z,9000
2025-12-31T12:00:00Z,8000
