time_utc,time_local_BRT,RH_2M,L_CLOUD,CEIL_HGT,T_CLOUD,PWAT,T_2M,SST,DELTA_T,WSPD_10M,DPD,SAT_DEF,Q_HYDRO_INT,TEMP_GRAD,IX_RH_WIND,IX_RH_CLOUD,IX_WIND_RAIN,IX_DPD_WIND,IX_RH_TGRAD,FOG_INDEX,hour_sin,hour_cos,METAR_VIS_KM,has_metar
2025-04-12 00:00:00,2025-04-11 21:00:00,74.2769,7.873029,10000.0,7.873029,38.719307,297.7566,300.82837,-3.0717773,2.9225595153284756,4.8822384,7.9582653,0.0,0.0070244838,2.1707866,0.0,0.0,14.268632,0.005217569,0.24574174,-0.7071067811865477,0.7071067811865474,9.99,1
2025-04-12 01:00:00,2025-04-11 22:00:00,76.46581,0.0,10000.0,0.0,37.432995,297.41284,300.82837,-3.4155273,1.7924382785189752,4.4020214,7.13258,0.0,0.0068679224,1.3706025,0.0,0.0,7.890352,0.005251613,0.40405977,-0.5000000000000004,0.8660254037844384,9.99,1
2025-04-12 02:00:00,2025-04-11 23:00:00,81.3309,20.182463,1217.3945,20.182463,40.001007,296.91052,300.82837,-3.9178467,2.7484535348105936,3.3902798,5.4897738,0.0013430708,0.007120011,2.235342,0.0,0.024364937,9.318027,0.005790769,0.2855265,-0.25881904510252157,0.9659258262890681,9.99,1
2025-04-12 03:00:00,2025-04-12 00:00:00,80.96991,27.573875,10000.0,27.573875,36.697052,296.96875,300.82837,-3.8596191,2.092537558727033,3.4638176,5.6155834,0.0,0.007064834,1.6943257,0.0,0.0,7.248168,0.0057203895,0.36929777,0.0,1.0,9.99,1
2025-04-12 04:00:00,2025-04-12 01:00:00,83.28333,1.6316622,10000.0,1.6316622,35.30906,296.45258,300.82837,-4.3757935,1.888965407221235,2.9952164,4.781674,6.67e-43,0.0068326113,1.5731933,0.0,8.408e-42,5.65786,0.0056904266,0.41872692,0.25881904510252074,0.9659258262890683,9.99,1
2025-04-12 05:00:00,2025-04-12 02:00:00,84.354515,0.0,10000.0,0.0,34.801086,296.24557,300.82837,-4.582794,1.5334884574810934,2.7838306,4.419583,6.12e-43,0.006639785,1.2935667,0.0,4.204e-42,4.268972,0.0056009586,0.5164072,0.49999999999999994,0.8660254037844387,9.99,1
2025-04-12 06:00:00,2025-04-12 03:00:00,85.12914,0.0,10000.0,0.0,35.130276,296.02783,300.82837,-4.800537,1.5190514562718271,2.631462,4.1457086,3.85e-43,0.00668042,1.2931554,0.0,7.006e-42,3.9973264,0.0056869844,0.5257964,0.7071067811865475,0.7071067811865476,9.99,1
2025-04-12 07:00:00,2025-04-12 04:00:00,86.31117,0.0,10000.0,0.0,36.06639,295.78455,300.82837,-5.0438232,1.171142893134955,2.4037342,3.760247,3.73e-43,0.006724085,1.0108271,0.0,0.0,2.8151162,0.0058036367,0.6790045,0.8660254037844386,0.5000000000000001,9.99,1
2025-04-12 08:00:00,2025-04-12 05:00:00,84.87526,7.784453,10000.0,7.784453,36.206905,295.61276,300.82837,-5.2156067,0.9716446266669422,2.6714668,4.111525,7.3e-44,0.0067925,0.82468593,0.0,1.401e-42,2.5957165,0.005765152,0.79200935,0.9659258262890683,0.25881904510252074,9.99,1
2025-04-12 09:00:00,2025-04-12 06:00:00,80.39802,9.897227,10000.0,9.897227,35.5483,295.4885,300.82837,-5.3398743,0.8516529450023494,3.53924,5.2884793,0.0,0.006752575,0.68471205,0.0,0.0,3.014204,0.0054289363,0.84482497,1.0,6.123233995736766e-17,9.99,1
2025-04-12 10:00:00,2025-04-12 07:00:00,75.049324,0.0,10000.0,0.0,35.249847,295.7004,300.82837,-5.12796,0.647715435338312,4.6438274,6.818863,0.0,0.0069100037,0.48610607,0.0,0.0,3.0078788,0.005185911,1.003715,0.9659258262890683,-0.25881904510252063,9.99,1
2025-04-12 11:00:00,2025-04-12 08:00:00,69.80535,0.0,10000.0,0.0,35.631504,297.04318,300.82837,-3.7851868,0.5466768001702744,5.8482704,8.950139,0.0,0.0075921663,0.38160968,0.0,0.0,3.1971138,0.0052997386,1.0794473,0.8660254037844387,-0.4999999999999998,9.99,1
2025-04-12 12:00:00,2025-04-12 09:00:00,61.91932,0.0,10000.0,0.0,35.810997,298.91803,300.82837,-1.9103394,1.4536871654317907,7.849617,12.625896,0.0,0.008042476,0.9001132,0.0,0.0,11.410888,0.0049798465,0.39853144,0.7071067811865476,-0.7071067811865475,9.99,1
2025-04-12 13:00:00,2025-04-12 10:00:00,54.01905,0.0,10000.0,0.0,35.164642,300.29398,300.82837,-0.5343933,2.494797626928399,10.102419,16.535456,0.0,0.008752514,1.347666,0.0,0.0,25.203491,0.004728025,0.20818214,0.49999999999999994,-0.8660254037844387,9.99,1
2025-04-12 14:00:00,2025-04-12 11:00:00,49.604103,0.0,10000.0,0.0,34.989464,301.26495,300.82837,0.43658447,2.5708300200047582,11.522524,19.182943,0.0,0.009177052,1.2752372,0.0,0.0,29.622452,0.0045521944,0.18572542,0.258819045102521,-0.9659258262890682,9.99,1
2025-04-12 15:00:00,2025-04-12 12:00:00,48.214115,24.061543,10000.0,24.061543,35.87017,301.82745,300.82837,0.9990845,3.089190022937789,12.017626,20.368048,3.0270375e-32,0.009402077,1.4894255,0.0,0.0,37.12473,0.004533128,0.15117982,1.2246467991473532e-16,-1.0,9.99,1
2025-04-12 16:00:00,2025-04-12 13:00:00,53.03721,24.399069,10000.0,24.399069,36.97391,301.4747,300.82837,0.6463318,3.7898440587194373,10.481018,18.095995,0.0,0.009388955,2.0100274,0.0,0.0,39.721424,0.00497964,0.1363479,-0.2588190451025208,-0.9659258262890683,9.99,1
2025-04-12 17:00:00,2025-04-12 14:00:00,58.805412,28.749811,10000.0,28.749811,41.019608,301.14706,300.82837,0.31869507,3.7031441447027422,8.809326,15.573022,0.0,0.009093094,2.177649,0.0,0.0,32.622204,0.0053472314,0.15462315,-0.4999999999999997,-0.8660254037844388,9.99,1
2025-04-12 18:00:00,2025-04-12 15:00:00,56.79615,15.574983,10000.0,15.574983,39.592766,300.615,300.82837,-0.2133789,4.535718009320374,9.330124,15.832166,0.0,0.008626418,2.5761132,0.0,0.0,42.31881,0.0048994734,0.12251857,-0.7071067811865471,-0.7071067811865479,9.99,1
2025-04-12 19:00:00,2025-04-12 16:00:00,55.25929,1.3755262,10000.0,1.3755262,39.24592,300.90192,300.82837,0.07354736,4.678861208114822,9.786579,16.673061,1.68e-43,0.009129198,2.5855052,0.0,7.006e-42,45.790047,0.00504473,0.11563276,-0.8660254037844384,-0.5000000000000004,9.99,1
2025-04-12 20:00:00,2025-04-12 17:00:00,60.369007,1.389426,10000.0,1.389426,39.44272,299.7022,300.82837,-1.1261597,4.984745716961475,8.299582,13.763968,0.0,0.008616596,3.0092418,0.0,0.0,41.371307,0.0052017537,0.11872572,-0.9659258262890683,-0.25881904510252063,9.99,1
2025-04-12 21:00:00,2025-04-12 18:00:00,64.68785,3.6146135,10000.0,3.6146135,39.172398,298.8701,300.82837,-1.9582825,4.317991756836574,7.1498566,11.674703,0.0,0.007763094,2.793216,0.0,0.0,30.873022,0.0050217784,0.14641912,-1.0,-1.8369701987210297e-16,9.99,1
2025-04-12 22:00:00,2025-04-12 19:00:00,69.96525,3.6829007,10000.0,3.6829007,39.6686,298.26077,300.82837,-2.5675964,4.195378443631858,5.864414,9.576376,9.4e-44,0.007542674,2.9353068,0.0,0.0,24.603436,0.0052772504,0.16288495,-0.9659258262890684,0.2588190451025203,9.99,1
2025-04-12 23:00:00,2025-04-12 20:00:00,69.81325,27.107727,10000.0,27.107727,38.84443,298.0489,300.82837,-2.77948,3.7806958526812133,5.8901234,9.503898,7.3e-44,0.007457734,2.6394265,0.0,5.605e-42,22.268764,0.005206486,0.17989878,-0.8660254037844386,0.5000000000000001,9.99,1
2025-04-13 00:00:00,2025-04-12 21:00:00,71.40787,9.229224,10000.0,9.229224,37.748898,297.60577,300.82837,-3.2225952,3.300602557290994,5.5095005,8.76635,7.3e-44,0.0071715256,2.3568897,0.0,4.204e-42,18.184671,0.0051210336,0.20998594,-0.7071067811865477,0.7071067811865474,9.99,1
2025-04-13 01:00:00,2025-04-12 22:00:00,74.996994,3.9956121,10000.0,3.9956121,38.013767,297.15338,300.82837,-3.6749878,2.8386313354666117,4.705536,7.4605517,8.53e-43,0.0070729097,2.1288884,0.0,1.2612e-41,13.357282,0.0053044697,0.25521064,-0.5000000000000004,0.8660254037844384,9.99,1
2025-04-13 02:00:00,2025-04-12 23:00:00,77.40035,4.8151503,10000.0,4.8151503,38.004383,296.89066,300.82837,-3.9377136,2.747671021375909,4.189581,6.6376305,0.0,0.0069621885,2.1267068,0.0,0.0,11.511589,0.005388758,0.2718023,-0.25881904510252157,0.9659258262890681,9.99,1
2025-04-13 03:00:00,2025-04-13 00:00:00,78.76134,4.6098065,10000.0,4.6098065,37.728832,296.67065,300.82837,-4.157715,2.673418185402635,3.902298,6.155701,0.0,0.0068646646,2.1056201,0.0,0.0,10.432475,0.005406702,0.28398654,0.0,1.0,9.99,1
2025-04-13 04:00:00,2025-04-13 01:00:00,79.43266,0.0,10000.0,0.0,37.495842,296.5171,300.82837,-4.3112793,2.3112061170295437,3.7612247,5.9061103,0.0,0.006631693,1.8358525,0.0,0.0,8.6929655,0.00526773,0.32943124,0.25881904510252074,0.9659258262890683,9.99,1
2025-04-13 05:00:00,2025-04-13 02:00:00,80.34475,0.0,10000.0,0.0,37.01261,296.33035,300.82837,-4.4980164,1.9335634669341006,3.5722523,5.580834,0.0,0.0065883854,1.5535167,0.0,0.0,6.9071765,0.005293422,0.3950934,0.49999999999999994,0.8660254037844387,9.99,1
2025-04-13 06:00:00,2025-04-13 03:00:00,80.71696,4.736505,1917.2104,4.736505,37.81516,296.17288,300.82837,-4.655487,1.2436187406422636,3.4936886,5.423206,0.0,0.006674218,1.0038111,0.0,0.0,4.3448167,0.0053872257,0.600743,0.7071067811865475,0.7071067811865476,9.99,1
2025-04-13 07:00:00,2025-04-13 04:00:00,79.0577,100.0,1917.279,100.0,38.21445,296.3418,300.82837,-4.4865723,1.2603963212157867,3.832388,5.950391,0.0,0.0069458536,0.99644035,0.0,0.0,4.830328,0.005491232,0.58113724,0.8660254037844386,0.5000000000000001,9.99,1
2025-04-13 08:00:00,2025-04-13 05:00:00,78.08711,100.0,1539.5746,100.0,37.726734,296.211,300.82837,-4.6173706,0.875711132748342,4.026867,6.1770716,0.0005590129,0.0068971417,0.68381757,0.0,0.0030575646,3.5263722,0.005385779,0.8003097,0.9659258262890683,0.25881904510252074,9.99,1
2025-04-13 09:00:00,2025-04-13 06:00:00,75.40478,100.0,10000.0,100.0,36.663612,296.3631,300.82837,-4.465271,1.0167252087645033,4.5913315,6.9973164,0.0,0.006925758,0.7666593,0.0,0.0,4.6681223,0.005222352,0.6752312,1.0,6.123233995736766e-17,9.99,1
2025-04-13 10:00:00,2025-04-13 07:00:00,76.04896,0.0,10000.0,0.0,36.16611,296.28564,300.82837,-4.5427246,1.1070991752610824,4.4527206,6.7821894,0.0,0.006983693,0.84193736,0.0,0.0,4.9296036,0.005311026,0.6300142,0.9659258262890683,-0.25881904510252063,9.99,1
2025-04-13 11:00:00,2025-04-13 08:00:00,71.10399,0.0,10000.0,52.016132,35.309563,297.10294,300.82837,-3.7254333,1.1149450387530422,5.5570755,8.596053,0.0,0.007783992,0.79277045,0.0,0.0,6.1958337,0.005534729,0.5852445,0.8660254037844387,-0.4999999999999998,9.99,1
2025-04-13 12:00:00,2025-04-13 09:00:00,64.43115,0.0,10000.0,2.2164016,36.055935,298.55154,300.82837,-2.276825,1.0990969411822005,7.1965065,11.539028,0.0,0.008169776,0.7081608,0.0,0.0,7.909658,0.005263881,0.5373307,0.7071067811865476,-0.7071067811865475,9.99,1
2025-04-13 13:00:00,2025-04-13 10:00:00,55.603355,0.0,10000.0,1.7852485,35.250957,299.92654,300.82837,-0.90182495,1.525326922517549,9.619398,15.624359,0.0,0.008711891,0.84813297,0.0,0.0,14.672728,0.004844104,0.34210566,0.49999999999999994,-0.8660254037844387,9.99,1
2025-04-13 14:00:00,2025-04-13 11:00:00,48.774055,0.0,10000.0,2.0357103,34.6548,301.2703,300.82837,0.44192505,2.472594658171005,11.7882595,19.504972,0.0,0.008955652,1.2059847,0.0,0.0,29.147589,0.0043680347,0.1895909,0.258819045102521,-0.9659258262890682,9.99,1
2025-04-13 15:00:00,2025-04-13 12:00:00,43.61407,0.0,10000.0,0.0,35.278187,302.3473,300.82837,1.5189209,2.2670368612906704,13.637576,22.85578,0.0,0.009150911,0.9887471,0.0,0.0,30.91689,0.003991085,0.18425599,1.2246467991473532e-16,-1.0,9.99,1
2025-04-13 16:00:00,2025-04-13 13:00:00,42.310993,0.0,10000.0,100.0,34.657185,303.26624,300.82837,2.4378662,1.8852959600859567,14.203194,24.656544,0.0,0.008986894,0.7976874,0.0,0.0,26.777224,0.003802444,0.21312183,-0.2588190451025208,-0.9659258262890683,9.99,1
2025-04-13 17:00:00,2025-04-13 14:00:00,42.98216,0.0,10000.0,47.532116,34.369545,303.766,300.82837,2.937622,2.2447063934563727,14.006397,25.078457,0.0,0.009120017,0.96482325,0.0,0.0,31.440248,0.00391998,0.18331574,-0.4999999999999997,-0.8660254037844388,9.99,1
2025-04-13 18:00:00,2025-04-13 15:00:00,44.767006,0.0,10000.0,100.0,33.652935,303.66537,300.82837,2.8370056,2.217505619032146,13.35487,24.153801,4.74e-43,0.008739934,0.99271095,0.0,0.0,29.6145,0.003912607,0.19316892,-0.7071067811865471,-0.7071067811865479,9.99,1
2025-04-13 19:00:00,2025-04-13 16:00:00,45.295303,0.0,10000.0,39.022675,33.834736,303.51096,300.82837,2.6825867,1.952855933649102,13.154806,23.711903,4.75e-43,0.008237487,0.884552,0.0,0.0,25.68944,0.0037311947,0.22064534,-0.8660254037844384,-0.5000000000000004,9.99,1
2025-04-13 20:00:00,2025-04-13 17:00:00,55.034668,0.0,10000.0,100.0,34.747692,302.22177,300.82837,1.3934021,2.3154112047361113,9.945841,18.094547,4.74e-43,0.0077080918,1.2742788,0.0,0.0,23.02871,0.0042421226,0.22784804,-0.9659258262890683,-0.25881904510252063,9.99,1
2025-04-13 21:00:00,2025-04-13 18:00:00,60.597176,0.0,10000.0,100.0,35.939594,301.44498,300.82837,0.61660767,2.070895286206739,8.344662,15.156683,4.74e-43,0.007214706,1.254904,0.0,0.0,17.28092,0.004371908,0.2791345,-1.0,-1.8369701987210297e-16,9.99,1
2025-04-13 22:00:00,2025-04-13 19:00:00,66.38149,1.0727406,10000.0,5.3579493,36.82776,300.06158,300.82837,-0.76678467,3.226423629935173,6.7953815,11.925678,4.72e-43,0.0075097186,2.1417482,0.0,0.0,21.92478,0.0049850633,0.19955814,-0.9659258262890684,0.2588190451025203,9.99,1
2025-04-13 23:00:00,2025-04-13 20:00:00,68.91697,0.0,10000.0,0.0,36.025154,299.19504,300.82837,-1.6333313,2.7752593919054225,6.148773,10.476414,4.71e-43,0.0075791073,1.9126246,0.0,0.0,17.06444,0.005223291,0.23968959,-0.8660254037844386,0.5000000000000001,9.99,1
2025-04-14 00:00:00,2025-04-13 21:00:00,68.92135,0.0,10000.0,0.0,36.110954,298.88852,300.82837,-1.9398499,1.5783388174444763,6.1339073,10.286296,4.7e-43,0.0071737166,1.0878124,0.0,0.0,9.681384,0.0049442225,0.41065216,-0.7071067811865477,0.7071067811865474,9.99,1
2025-04-14 01:00:00,2025-04-13 22:00:00,70.32908,0.0,10000.0,0.0,36.20362,298.438,300.82837,-2.3903809,0.8009203864132547,5.7886524,9.560812,4.7e-43,0.006967898,0.56327987,0.0,0.0,4.6362495,0.0049004583,0.78063583,-0.5000000000000004,0.8660254037844384,9.99,1
2025-04-14 02:00:00,2025-04-13 23:00:00,69.849495,0.0,10000.0,1.0922372,34.83504,298.1191,300.82837,-2.709259,0.7528707580086105,5.8848476,9.532371,4.68e-43,0.006784775,0.5258764,0.0,0.0,4.4305296,0.0047391313,0.81899273,-0.25881904510252157,0.9659258262890681,8.0,1
2025-04-14 03:00:00,2025-04-14 00:00:00,71.07962,0.0,10000.0,3.2307048,36.24932,297.85947,300.82837,-2.9689026,0.12545666234135777,5.5937862,9.002693,4.68e-43,0.0067050927,0.089174114,0.0,0.0,0.70177776,0.0047659543,3.1526954,0.0,1.0,9.99,1
2025-04-14 04:00:00,2025-04-14 01:00:00,71.862526,0.0,10000.0,5.3219957,37.04652,297.75577,300.82837,-3.0726013,0.7627163715237542,5.413763,8.7048,4.68e-43,0.0053937137,0.5481072,0.0,0.0,4.1291656,0.0038760589,0.83297974,0.25881904510252074,0.9659258262890683,9.99,1
2025-04-14 05:00:00,2025-04-14 02:00:00,71.34146,0.0,10000.0,5.371773,38.324112,297.5161,300.82837,-3.3122559,1.00013023978643,5.5207386,8.739611,4.68e-43,0.0036624908,0.7135075,0.0,0.0,5.521457,0.0026128744,0.64848197,0.49999999999999994,0.8660254037844387,9.99,1
2025-04-14 06:00:00,2025-04-14 03:00:00,70.18085,0.0,10000.0,2.1412492,38.991802,297.4373,300.82837,-3.3910828,0.9366149414114032,5.7797146,9.0506525,4.67e-43,0.0056178733,0.65732425,0.0,0.0,5.413367,0.0039426708,0.6770195,0.7071067811865475,0.7071067811865476,9.99,1
2025-04-14 07:00:00,2025-04-14 04:00:00,71.176674,0.0,10000.0,0.0,39.161034,297.12924,300.82837,-3.6991272,0.7379713084244158,5.541853,8.588008,4.67e-43,0.0020205607,0.5252634,0.0,0.0,4.0897284,0.0014381679,0.8493927,0.8660254037844386,0.5000000000000001,6.0,1
2025-04-14 08:00:00,2025-04-14 05:00:00,71.79237,0.0,10000.0,15.256315,39.692978,297.11465,300.82837,-3.7137146,0.5773006437275494,5.4037247,8.397187,4.68e-43,0.0011417409,0.41445786,0.0,0.0,3.1195738,0.00081968296,1.0599779,0.9659258262890683,0.25881904510252074,7.0,1
2025-04-14 09:00:00,2025-04-14 06:00:00,68.89029,0.0,10000.0,2.3046196,40.64242,297.07388,300.82837,-3.754486,0.8724786857028274,6.0594597,9.238429,4.68e-43,0.005322888,0.6010531,0.0,0.0,5.2867494,0.0036669532,0.708399,1.0,6.123233995736766e-17,9.99,1
2025-04-14 10:00:00,2025-04-14 07:00:00,64.421036,0.0,10000.0,0.0,41.35855,297.84137,300.82837,-2.9869995,0.4504458179741339,7.16148,11.063476,4.68e-43,0.0026342643,0.29018188,0.0,0.0,3.2258587,0.0016970203,1.1703428,0.9659258262890683,-0.25881904510252063,9.99,1
2025-04-14 11:00:00,2025-04-14 08:00:00,57.5082,0.0,10000.0,0.0,41.17688,299.70767,300.82837,-1.120697,1.1262041053365437,9.071442,14.762294,4.7e-43,0.0075766826,0.6476597,0.0,0.0,10.216295,0.0043572136,0.4689937,0.8660254037844387,-0.4999999999999998,9.99,1
2025-04-14 12:00:00,2025-04-14 09:00:00,49.383564,0.0,10000.0,1.4312446,40.525375,302.05957,300.82837,1.2312012,2.7131546766438057,11.659206,20.178066,4.72e-43,0.008104952,1.3398525,0.0,0.0,31.633232,0.0040025143,0.17554514,0.7071067811865476,-0.7071067811865475,8.0,1
2025-04-14 13:00:00,2025-04-14 10:00:00,42.93543,0.0,10000.0,1.0698795,41.101803,303.8981,300.82837,3.0697327,3.4193848932555735,14.036707,25.289513,4.74e-43,0.008929205,1.4681276,0.0,0.0,47.996906,0.0038337924,0.12199697,0.49999999999999994,-0.8660254037844387,8.0,1
2025-04-14 14:00:00,2025-04-14 11:00:00,44.09759,0.0,10000.0,3.9729276,40.39202,304.07617,300.82837,3.2478027,4.889462370296782,13.632626,25.02797,4.74e-43,0.009869379,2.156135,0.0,0.0,66.65621,0.0043521584,0.08838145,0.258819045102521,-0.9659258262890682,9.99,1
2025-04-14 15:00:00,2025-04-14 12:00:00,47.165466,0.0,10000.0,1.2390167,41.969707,304.61407,300.82837,3.7857056,4.676594307983972,12.6123905,24.39122,0.0,0.010078456,2.2057374,0.0,0.0,58.983032,0.004753551,0.09874288,1.2246467991473532e-16,-1.0,9.99,1
2025-04-14 16:00:00,2025-04-14 13:00:00,57.118954,29.864199,10000.0,29.864199,42.41401,302.78452,300.82837,1.9561462,6.167644338434368,9.386072,17.826239,8.1857655e-22,0.010307693,3.522894,0.0,8.1628096e-20,57.889957,0.005887646,0.09113304,-0.2588190451025208,-0.9659258262890683,9.99,1
2025-04-14 17:00:00,2025-04-14 14:00:00,54.951965,1.2226492,10000.0,1.2226492,41.5612,302.76508,300.82837,1.9367065,6.953936393544875,10.0090885,18.706104,0.0,0.01105337,3.8213248,0.0,0.0,69.60257,0.0060740444,0.077902555,-0.4999999999999997,-0.8660254037844388,9.99,1
2025-04-14 18:00:00,2025-04-14 15:00:00,57.777237,10.41318,10000.0,10.41318,41.2315,301.94345,300.82837,1.1150818,6.656251296299273,9.144785,16.718964,1.49e-43,0.010524696,3.845798,0.0,1.8217e-41,60.869984,0.0060808784,0.08551671,-0.7071067811865471,-0.7071067811865479,9.99,1
2025-04-14 19:00:00,2025-04-14 16:00:00,61.37162,0.0,10000.0,0.0,41.765526,301.30188,300.82837,0.47351074,6.709742932880262,8.131002,14.735392,0.0,0.010197049,4.117878,0.0,0.0,54.55694,0.006258094,0.09012325,-0.8660254037844384,-0.5000000000000004,9.99,1
2025-04-14 20:00:00,2025-04-14 17:00:00,65.542564,0.0,10000.0,0.0,39.16495,299.8129,300.82837,-1.0154724,6.751747063124668,6.988106,12.045549,0.0,0.009500442,4.425268,0.0,0.0,47.181923,0.0062268334,0.09565818,-0.9659258262890683,-0.25881904510252063,9.99,1
2025-04-14 21:00:00,2025-04-14 18:00:00,69.41448,0.0,10000.0,0.0,36.060684,298.93903,300.82837,-1.8893433,5.596767741972025,6.021286,10.153467,0.0,0.008266714,3.8849676,0.0,0.0,33.69974,0.005738297,0.12184889,-1.0,-1.8369701987210297e-16,9.99,1
2025-04-14 22:00:00,2025-04-14 19:00:00,69.32838,3.154201,10000.0,3.154201,34.80223,298.62155,300.82837,-2.2068176,3.8858775350390142,6.027193,9.991827,0.0,0.00789208,2.694016,0.0,0.0,23.420935,0.0054714507,0.17393504,-0.9659258262890684,0.2588190451025203,9.99,1
2025-04-14 23:00:00,2025-04-14 20:00:00,69.54276,19.196371,945.7419,19.196371,34.06199,298.39,300.82837,-2.4383545,2.892135489567929,5.9673386,9.786179,0.0,0.0075895116,2.011271,0.0,0.0,17.25835,0.0052779564,0.23241852,-0.8660254037844386,0.5000000000000001,9.99,1
2025-04-15 00:00:00,2025-04-14 21:00:00,70.876465,70.2734,946.0623,70.2734,33.6754,298.2797,300.82837,-2.5486755,3.8118971492878244,5.6572266,9.296323,0.0,0.0077732275,2.701738,0.0,0.0,21.564766,0.005509389,0.18118182,-0.7071067811865477,0.7071067811865474,7.0,1
2025-04-15 01:00:00,2025-04-14 22:00:00,73.30364,69.78894,716.63446,69.78894,33.333614,297.74594,300.82837,-3.082428,5.196198685151217,5.0942593,8.25411,4.010095e-05,0.00830851,3.8090026,0.0,0.0005607607,26.470781,0.0060904403,0.13840804,-0.5000000000000004,0.8660254037844384,9.99,1
2025-04-15 02:00:00,2025-04-14 23:00:00,72.1915,100.0,943.77295,100.0,33.643406,297.41177,300.82837,-3.4165955,4.901736605316272,5.3268394,8.42747,0.00034747354,0.007908342,3.5386374,0.0,0.009964234,26.110765,0.0057091513,0.14433287,-0.25881904510252157,0.9659258262890681,9.99,1
2025-04-15 03:00:00,2025-04-15 00:00:00,74.02909,63.257122,10000.0,63.257122,31.23659,297.16684,300.82837,-3.6615295,5.06483288806808,4.9145603,7.7556353,0.0,0.0077624866,3.7494497,0.0,0.0,24.891428,0.0057464982,0.14333297,0.0,1.0,9.99,1
2025-04-15 04:00:00,2025-04-15 01:00:00,74.56276,27.354717,10000.0,27.354717,30.684772,297.02658,300.82837,-3.8017883,5.277717049969143,4.794283,7.532446,9.4e-44,0.007411002,3.9352114,0.0,0.0,25.30287,0.0055258474,0.13865133,0.25881904510252074,0.9659258262890683,9.99,1
2025-04-15 05:00:00,2025-04-15 02:00:00,76.21877,9.809385,10000.0,9.809385,33.519623,296.84335,300.82837,-3.9850159,4.69162265453235,4.435421,6.9647856,0.0,0.007182967,3.5758972,0.0,0.0,20.809322,0.005474769,0.15906672,0.49999999999999994,0.8660254037844387,9.99,1
2025-04-15 06:00:00,2025-04-15 03:00:00,76.45669,84.8564,715.237,84.8564,34.195133,296.7125,300.82837,-4.1158752,4.055062929367071,4.3810863,6.8409157,0.0,0.0075289286,3.100367,0.0,0.0,17.765583,0.00575637,0.1840085,0.7071067811865475,0.7071067811865476,8.0,1
2025-04-15 07:00:00,2025-04-15 04:00:00,76.99179,42.53179,715.88873,42.53179,34.704166,296.74628,300.82837,-4.0820923,3.5216127763076495,4.2701626,6.6990695,4.2997824e-05,0.0070926794,2.7113526,0.0,0.0014681434,15.037859,0.005460781,0.2125898,0.8660254037844386,0.5000000000000001,8.0,1
2025-04-15 08:00:00,2025-04-15 05:00:00,79.95633,17.076565,716.0147,17.076565,36.05115,296.70776,300.82837,-4.1206055,3.840745879984982,3.6605606,5.822374,0.0013590112,0.0071042213,3.0709195,0.0,0.036437955,14.059283,0.0056802747,0.20289643,0.9659258262890683,0.25881904510252074,9.99,1
2025-04-15 09:00:00,2025-04-15 06:00:00,78.947365,34.81647,945.0201,34.81647,39.152775,296.93265,300.82837,-3.8957214,4.212910643735207,3.8718376,6.1989245,0.0,0.0074328,3.3259819,0.0,0.0,16.311707,0.0058679995,0.18304893,1.0,6.123233995736766e-17,9.99,1
2025-04-15 10:00:00,2025-04-15 07:00:00,83.71703,100.0,527.8107,100.0,41.161346,296.0107,300.82837,-4.8176575,2.963524654641117,2.901495,4.5346665,0.031986017,0.007047947,2.480975,0.0,0.6687097,8.598652,0.0059003322,0.27327034,0.9659258262890683,-0.25881904510252063,9.99,1
2025-04-15 11:00:00,2025-04-15 08:00:00,82.6845,73.98227,718.2869,73.98227,38.980328,296.9824,300.82837,-3.8459778,2.794255306986097,3.1243172,5.113825,0.010589987,0.007115619,2.310416,0.0,0.21686397,8.73014,0.005883514,0.28568488,0.8660254037844387,-0.4999999999999998,9.99,1
2025-04-15 12:00:00,2025-04-15 09:00:00,80.92081,12.807167,718.5025,12.807167,39.756504,297.49643,300.82837,-3.3319397,2.4666318827710447,3.4873028,5.81146,0.0058223223,0.0077441423,1.9960185,0.0,0.10465925,8.601892,0.006266623,0.31528017,0.7071067811865476,-0.7071067811865475,9.99,1
2025-04-15 13:00:00,2025-04-15 10:00:00,79.13697,71.4114,1224.8809,71.4114,43.09307,298.09872,300.82837,-2.7296448,4.0890319251739085,3.8664474,6.5880246,0.019326255,0.007857581,3.2359362,0.0,0.5496162,15.810028,0.006218251,0.18891469,0.49999999999999994,-0.8660254037844387,9.99,1
2025-04-15 14:00:00,2025-04-15 11:00:00,73.986374,76.73777,949.3681,100.0,45.758266,298.90158,300.82837,-1.9267883,3.4620446922161716,4.987398,8.6165695,0.0,0.007459209,2.5614414,0.0,0.0,17.266596,0.0055187983,0.2077076,0.258819045102521,-0.9659258262890682,9.99,1
2025-04-15 15:00:00,2025-04-15 12:00:00,65.86524,7.773818,950.47345,7.773818,44.97477,300.71722,300.82837,-0.11114502,2.6721978550246916,6.954767,12.583908,0.0015434148,0.008478914,1.7600496,0.0,0.024924181,18.584515,0.0055846577,0.23759215,1.2246467991473532e-16,-1.0,9.99,1
2025-04-15 16:00:00,2025-04-15 13:00:00,66.59738,52.526684,1931.1982,55.936592,40.550976,300.34293,300.82837,-0.48544312,4.146049088818412,6.7567577,12.046678,0.00047371376,0.008392031,2.7611601,0.0,0.014953449,28.01385,0.0055888733,0.15684554,-0.2588190451025208,-0.9659258262890683,9.99,1
2025-04-15 17:00:00,2025-04-15 14:00:00,67.57028,59.572155,1931.0862,59.572155,40.461834,299.96036,300.82837,-0.8680115,3.8562055582914603,6.5032825,11.43563,0.00015103241,0.008218894,2.6056488,0.0,0.0048151826,25.077993,0.0055535296,0.17079568,-0.4999999999999997,-0.8660254037844388,9.99,1
2025-04-15 18:00:00,2025-04-15 15:00:00,67.847,19.647144,1930.376,19.647144,39.993958,299.77414,300.82837,-1.0542297,3.237434035779487,6.4283257,11.214314,0.0,0.0077638766,2.1965017,0.0,0.0,20.81128,0.0052675577,0.20329092,-0.7071067811865471,-0.7071067811865479,9.99,1
2025-04-15 19:00:00,2025-04-15 16:00:00,65.74499,11.13121,10000.0,11.13121,37.097492,299.99014,300.82837,-0.8382263,3.5932503092817867,6.9474163,12.100481,0.0,0.0081074815,2.362382,0.0,0.0,24.963806,0.0053302627,0.1780139,-0.8660254037844384,-0.5000000000000004,9.99,1
2025-04-15 20:00:00,2025-04-15 17:00:00,68.756516,0.0,10000.0,0.0,35.75669,299.3381,300.82837,-1.4902649,3.614287408945506,6.192896,10.620045,0.0,0.007899572,2.485058,0.0,0.0,22.382906,0.0054314705,0.18511361,-0.9659258262890683,-0.25881904510252063,9.99,1
2025-04-15 21:00:00,2025-04-15 18:00:00,73.29138,17.126131,10000.0,17.126131,38.674232,298.774,300.82837,-2.0543823,2.9171183466918906,5.135811,8.780003,0.0,0.007430554,2.1379962,0.0,0.0,14.981768,0.0054459553,0.24291849,-1.0,-1.8369701987210297e-16,9.99,1
2025-04-15 22:00:00,2025-04-15 19:00:00,75.66534,5.275492,10000.0,5.275492,37.58673,298.41907,300.82837,-2.4093018,2.913985500740374,4.6059017,7.8324857,0.0,0.007389965,2.204877,0.0,0.0,13.421531,0.005591642,0.25104746,-0.9659258262890684,0.2588190451025203,9.99,1
2025-04-15 23:00:00,2025-04-15 20:00:00,79.36634,4.4356,10000.0,4.4356,37.300953,298.0345,300.82837,-2.7938843,2.8833338743726125,3.8174915,6.490647,0.0,0.0068931836,2.2883966,0.0,0.0,11.007103,0.0054708673,0.26603237,-0.8660254037844386,0.5000000000000001,9.99,1
2025-04-16 00:00:00,2025-04-15 21:00:00,84.93713,98.01885,10000.0,98.01885,39.093853,297.41583,300.82837,-3.4125366,2.692594334159592,2.6957855,4.565971,0.00023187278,0.007230595,2.2870123,0.0,0.004522831,7.2586565,0.00614146,0.30415136,-0.7071067811865477,0.7071067811865474,9.99,1
2025-04-16 01:00:00,2025-04-15 22:00:00,81.59111,31.792297,10000.0,100.0,39.03808,297.59082,300.82837,-3.2375488,2.027836330380434,3.3554726,5.639111,0.0,0.007116857,1.6545342,0.0,0.0,6.804349,0.0058067227,0.3834464,-0.5000000000000004,0.8660254037844384,9.99,1
2025-04-16 02:00:00,2025-04-15 23:00:00,81.3556,0.0,10000.0,0.0,39.60199,297.33978,300.82837,-3.4885864,1.4906002330024934,3.3961964,5.625892,0.0,0.0068838485,1.2126867,0.0,0.0,5.0623713,0.005600396,0.5114773,-0.25881904510252157,0.9659258262890681,9.99,1
2025-04-16 03:00:00,2025-04-16 00:00:00,83.09225,0.0,10000.0,96.34823,39.11423,297.17313,300.82837,-3.655243,1.6845919624513486,3.0487309,5.0510316,7.61e-43,0.0070201093,1.3997654,0.0,7.006e-42,5.1358676,0.0058331667,0.46560922,0.0,1.0,9.99,1
2025-04-16 04:00:00,2025-04-16 01:00:00,85.41488,3.7391922,10000.0,3.7391922,38.384132,296.9044,300.82837,-3.9239807,0.9096282389092484,2.5941582,4.287268,0.0,0.0068715443,0.7769579,0.0,0.0,2.3597195,0.0058693215,0.84600323,0.25881904510252074,0.9659258262890683,9.99,1
2025-04-16 05:00:00,2025-04-16 02:00:00,86.130615,1.10991,10000.0,10.522041,40.417103,296.7962,300.82837,-4.0321655,1.160699619829031,2.456133,4.050386,0.0,0.006933023,0.9997177,0.0,0.0,2.8508325,0.0059714555,0.68319696,0.49999999999999994,0.8660254037844387,9.99,1
2025-04-16 06:00:00,2025-04-16 03:00:00,85.91697,2.606076,10000.0,39.808685,40.32382,296.64304,300.82837,-4.1853333,1.7709513794415583,2.4937458,4.0749516,0.0,0.007009026,1.5215478,0.0,0.0,4.4163027,0.006021943,0.4592154,0.7071067811865475,0.7071067811865476,9.99,1
2025-04-16 07:00:00,2025-04-16 04:00:00,86.113144,1.5851498,10000.0,13.142683,41.178043,296.44873,300.82837,-4.3796387,0.6500070756460632,2.453062,3.9713063,0.0,0.006914541,0.5597415,0.0,0.0,1.5945077,0.0059543285,1.1481644,0.8660254037844386,0.5000000000000001,9.99,1
2025-04-16 08:00:00,2025-04-16 05:00:00,85.86397,1.4529288,10000.0,20.601505,41.75529,296.4381,300.82837,-4.390259,1.0027719947838976,2.49996,4.0399704,0.0,0.006909124,0.8610198,0.0,0.0,2.5068898,0.005932448,0.7786194,0.9659258262890683,0.25881904510252074,9.99,1
2025-04-16 09:00:00,2025-04-16 06:00:00,84.49453,0.0,10000.0,12.479053,42.507915,296.4988,300.82837,-4.3295593,0.2507676320623519,2.7622013,4.447631,0.0,0.0067778993,0.21188493,0.0,0.0,0.69267064,0.0057269544,2.4088464,1.0,6.123233995736766e-17,8.0,1
2025-04-16 10:00:00,2025-04-16 07:00:00,83.656105,0.0,10000.0,32.316456,43.53258,296.60168,300.82837,-4.2266846,0.19815913854697267,2.9261475,4.717349,0.0,0.0067990706,0.16577221,0.0,0.0,0.57984287,0.0056878375,2.8057532,0.9659258262890683,-0.25881904510252063,8.0,1
2025-04-16 11:00:00,2025-04-16 08:00:00,81.30053,0.0,10000.0,47.812733,45.200756,296.94803,300.82837,-3.8803406,0.3293151219075406,3.3972778,5.511141,0.0,0.0069234543,0.26773494,0.0,0.0,1.118775,0.0056288047,1.8937261,0.8660254037844387,-0.4999999999999998,8.0,1
2025-04-16 12:00:00,2025-04-16 09:00:00,76.02194,0.0,10000.0,100.0,45.297848,297.55032,300.82837,-3.2780457,0.5033486114635457,4.5005074,7.327282,0.0,0.0072839814,0.38265535,0.0,0.0,2.265324,0.005537424,1.2600002,0.7071067811865476,-0.7071067811865475,9.99,1
2025-04-16 13:00:00,2025-04-16 10:00:00,67.97558,0.0,10000.0,71.868546,44.761383,298.9228,300.82837,-1.9055786,1.025133150327134,6.3578415,10.620903,0.0,0.008086013,0.6968403,0.0,0.0,6.517635,0.005496514,0.60415584,0.49999999999999994,-0.8660254037844387,9.99,1
2025-04-16 14:00:00,2025-04-16 11:00:00,62.224518,0.0,10000.0,83.12284,45.192833,299.7054,300.82837,-1.1229553,0.47356211200393733,7.8163548,13.1220255,0.0,0.008033145,0.29467174,0.0,0.0,3.7015295,0.004998586,1.0848784,0.258819045102521,-0.9659258262890682,9.99,1
2025-04-16 15:00:00,2025-04-16 12:00:00,60.53185,0.0,10000.0,58.391106,45.04112,300.36295,300.82837,-0.46542358,1.8394224873874612,8.2965355,14.250956,9.4e-44,0.0076879617,1.1134365,0.0,0.0,15.260834,0.0046536652,0.31211275,1.2246467991473532e-16,-1.0,9.99,1
2025-04-16 16:00:00,2025-04-16 13:00:00,57.606728,0.0,5064.8145,100.0,45.542213,300.53424,300.82837,-0.29412842,2.1362367154455812,9.098927,15.461767,3.76e-43,0.007961788,1.230616,0.0,0.0,19.43746,0.0045865257,0.2576057,-0.2588190451025208,-0.9659258262890683,9.99,1
2025-04-16 17:00:00,2025-04-16 14:00:00,58.11743,0.0,4682.2725,100.0,46.418484,300.37296,300.82837,-0.45541382,3.0873123707655568,8.947628,15.131634,2.94e-43,0.0078095333,1.7942667,0.0,1.2612e-41,27.624123,0.0045387,0.18233994,-0.4999999999999997,-0.8660254037844388,9.99,1
2025-04-16 18:00:00,2025-04-16 15:00:00,57.376396,0.0,10000.0,100.0,46.652073,300.5184,300.82837,-0.30996704,1.9092826426703728,9.161724,15.53134,2.94e-43,0.007534109,1.0954776,0.0,8.408e-42,17.492321,0.0043228003,0.28555664,-0.7071067811865471,-0.7071067811865479,9.99,1
2025-04-16 19:00:00,2025-04-16 16:00:00,57.2955,0.0,10000.0,80.13715,47.29801,300.5842,300.82837,-0.24417114,1.3192990120850927,9.188595,15.620957,0.0,0.007211429,0.75589895,0.0,0.0,12.122504,0.0041318242,0.40368873,-0.8660254037844384,-0.5000000000000004,9.99,1
2025-04-16 20:00:00,2025-04-16 17:00:00,62.43804,0.0,3918.4463,100.0,46.54419,300.09683,300.82837,-0.73153687,1.6773468265543003,7.7837734,13.352221,4.82e-43,0.0070006927,1.0473025,0.0,7.006e-42,13.0560875,0.0043710954,0.35129914,-0.9659258262890683,-0.25881904510252063,9.99,1
2025-04-16 21:00:00,2025-04-16 18:00:00,64.65569,0.0,3919.1494,97.00507,45.629333,299.812,300.82837,-1.0163574,1.527089989067762,7.20739,12.354936,4.82e-43,0.0068559675,0.9873506,0.0,7.006e-42,11.006332,0.004432773,0.3973701,-1.0,-1.8369701987210297e-16,9.99,1
2025-04-16 22:00:00,2025-04-16 19:00:00,73.29254,0.0,10000.0,100.0,46.182514,299.26376,300.82837,-1.5646057,1.1598775264905234,5.15411,9.038342,4.82e-43,0.006873086,0.85010374,0.0,4.204e-42,5.9781365,0.0050374595,0.58174336,-0.9659258262890684,0.2588190451025203,9.99,1
2025-04-16 23:00:00,2025-04-16 20:00:00,75.183334,0.0,10000.0,4.6657214,47.168037,298.81772,300.82837,-2.0106506,0.45294563226823775,4.723484,8.179274,3.88e-43,0.006379863,0.34053963,0.0,1.401e-42,2.1394815,0.0047965935,1.3596874,-0.8660254037844386,0.5000000000000001,9.99,1
2025-04-17 00:00:00,2025-04-16 21:00:00,71.63528,0.0,10000.0,1.3224334,48.1336,298.45517,300.82837,-2.3731995,0.7825333147806559,5.492901,9.149274,2.41e-43,0.0054071643,0.5605699,0.0,2.803e-42,4.298378,0.0038734372,0.8117005,-0.7071067811865477,0.7071067811865474,9.99,1
2025-04-17 01:00:00,2025-04-16 22:00:00,70.16546,0.0,10000.0,3.7268248,48.597622,298.14142,300.82837,-2.6869507,0.6496300366841417,5.8133965,9.445045,6.57e-43,0.0047546388,0.45581588,0.0,0.0,3.7765567,0.003336114,0.9360012,-0.5000000000000004,0.8660254037844384,9.99,1
2025-04-17 02:00:00,2025-04-16 23:00:00,71.20264,0.0,10000.0,4.9310274,48.42452,297.86252,300.82837,-2.9658508,0.9006933170153408,5.566164,8.966035,6.57e-43,0.0012076751,0.6413174,0.0,0.0,5.0134068,0.0008598965,0.711533,-0.25881904510252157,0.9659258262890681,9.99,1
2025-04-17 03:00:00,2025-04-17 00:00:00,70.78573,0.0,10000.0,1.88407,47.540703,297.68463,300.82837,-3.1437378,1.2323319601545513,5.652933,8.999512,7.5e-43,4.2007912e-05,0.8723152,0.0,0.0,6.9662905,2.9735607e-05,0.53129196,0.0,1.0,7.0,1
2025-04-17 04:00:00,2025-04-17 01:00:00,71.377495,0.0,10000.0,0.0,46.57342,297.56982,300.82837,-3.258545,1.647009966078203,5.5148487,8.756776,7.5e-43,-0.0012466233,1.1755944,0.0,0.0,9.083011,-0.00088980846,0.40856946,0.25881904510252074,0.9659258262890683,6.0,1
2025-04-17 05:00:00,2025-04-17 02:00:00,70.979935,0.0,10000.0,2.0074427,47.016186,297.3754,300.82837,-3.4529724,1.3438741393740423,5.596222,8.77546,7.5e-43,-0.0014760555,0.95388097,0.0,0.0,7.5206175,-0.0010477032,0.49159366,0.49999999999999994,0.8660254037844387,6.0,1
2025-04-17 06:00:00,2025-04-17 03:00:00,71.23458,0.0,10000.0,5.1683373,48.328037,296.99622,300.82837,-3.8321533,0.9710107344900177,5.523426,8.502425,0.0,-0.0061754053,0.6916954,0.0,0.0,5.3633056,-0.0043990244,0.66511554,0.7071067811865475,0.7071067811865476,5.01,1
2025-04-17 07:00:00,2025-04-17 04:00:00,71.52899,0.0,10000.0,15.319002,48.53415,297.3133,300.82837,-3.5150757,1.1460791498209497,5.47048,8.577385,0.0,0.0040963874,0.81977886,0.0,0.0,6.2696033,0.0029301045,0.5740324,0.8660254037844386,0.5000000000000001,5.01,1
2025-04-17 08:00:00,2025-04-17 05:00:00,71.56474,0.0,4308.052,100.0,47.500523,297.3191,300.82837,-3.5092773,0.5805061979176813,5.462719,8.569597,0.0,0.002312249,0.4154378,0.0,0.0,3.1711423,0.0016547551,1.0516398,0.9659258262890683,0.25881904510252074,5.01,1
2025-04-17 09:00:00,2025-04-17 06:00:00,77.65456,0.0,10000.0,100.0,46.51332,297.0391,300.82837,-3.7892761,1.3203184732644275,4.1413555,6.62189,0.0,0.0070349234,1.0252875,0.0,0.0,5.467908,0.005462939,0.5467405,1.0,6.123233995736766e-17,6.0,1
2025-04-17 10:00:00,2025-04-17 07:00:00,77.08586,0.0,10000.0,11.222752,45.678658,297.06235,300.82837,-3.7660217,0.4587032179168271,4.26054,6.799928,0.0,0.0069222464,0.35359532,0.0,0.0,1.9543234,0.005336073,1.3797281,0.9659258262890683,-0.25881904510252063,4.01,1
2025-04-17 11:00:00,2025-04-17 08:00:00,72.64067,0.0,10000.0,11.084145,44.40501,298.02094,300.82837,-2.807434,0.6604541610996723,5.2510433,8.599351,1.67e-43,0.0077279755,0.47975832,0.0,1.401e-42,3.4680734,0.005613653,0.95522743,0.8660254037844387,-0.4999999999999998,6.0,1
2025-04-17 12:00:00,2025-04-17 09:00:00,65.627464,0.0,10000.0,4.821698,43.304756,299.8089,300.82837,-1.0194702,1.3278193508071818,6.9670467,12.0130415,4.5e-43,0.008536365,0.8714141,0.0,1.401e-42,9.250979,0.0056021996,0.4596342,0.7071067811865476,-0.7071067811865475,6.0,1
2025-04-17 13:00:00,2025-04-17 10:00:00,56.183784,0.0,10000.0,0.0,42.16352,301.46307,300.82837,0.6347046,1.2035104170572055,9.561256,16.872108,2.63e-43,0.008964703,0.6761777,0.0,1.401e-42,11.5070715,0.00503671,0.43101907,0.49999999999999994,-0.8660254037844387,7.0,1
2025-04-17 14:00:00,2025-04-17 11:00:00,48.894985,0.0,10000.0,0.0,41.71641,303.1197,300.82837,2.2913208,1.4255706510867407,11.906662,21.659224,0.0,0.008602375,0.6970326,0.0,0.0,16.973787,0.0042061303,0.32050294,0.258819045102521,-0.9659258262890682,8.0,1
2025-04-17 15:00:00,2025-04-17 12:00:00,45.52293,0.0,10000.0,0.0,41.69588,304.07794,300.82837,3.2495728,2.1242194730408275,13.128511,24.3923,0.0,0.009095466,0.9670069,0.0,0.0,27.887838,0.004140523,0.20466925,1.2246467991473532e-16,-1.0,9.99,1
2025-04-17 16:00:00,2025-04-17 13:00:00,42.91145,0.0,10000.0,0.0,41.27319,304.63852,300.82837,3.8101501,2.8577024108882862,14.119617,26.391783,2.23e-43,0.009326152,1.2262815,0.0,1.2612e-41,40.349667,0.0040019867,0.14508373,-0.2588190451025208,-0.9659258262890683,9.99,1
2025-04-17 17:00:00,2025-04-17 14:00:00,49.805332,0.0,10000.0,0.0,43.402,303.85178,300.82837,3.023407,3.8979450824226403,11.673763,22.186066,0.0,0.009499557,1.9413844,0.0,0.0,45.503685,0.004731286,0.124577336,-0.4999999999999997,-0.8660254037844388,9.99,1
2025-04-17 18:00:00,2025-04-17 15:00:00,54.6426,0.0,10000.0,0.0,45.639812,303.1057,300.82837,2.2773438,4.12500408550057,10.124762,19.207834,0.0,0.009428722,2.2540095,0.0,0.0,41.764687,0.005152099,0.12933147,-0.7071067811865471,-0.7071067811865479,9.99,1
2025-04-17 19:00:00,2025-04-17 16:00:00,57.607502,0.0,10000.0,0.0,47.229004,302.32306,300.82837,1.49469,3.979909777697861,9.21743,17.15953,0.0,0.008945442,2.2927265,0.0,0.0,36.68454,0.0051532458,0.14119798,-0.8660254037844384,-0.5000000000000004,9.99,1
2025-04-17 20:00:00,2025-04-17 17:00:00,63.11317,27.173801,1555.6486,27.173801,47.21273,300.93582,300.82837,0.10745239,3.689294698934316,7.657753,13.773516,0.0,0.008147561,2.328431,0.0,0.0,28.251707,0.005142184,0.16655652,-0.9659258262890683,-0.25881904510252063,9.99,1
2025-04-17 21:00:00,2025-04-17 18:00:00,64.40228,77.98074,10000.0,77.98074,44.579197,300.09592,300.82837,-0.7324524,2.8537795256720977,7.2856503,12.653307,0.0,0.0077773742,1.8378992,0.0,0.0,20.79164,0.0050088065,0.21803348,-1.0,-1.8369701987210297e-16,9.99,1
2025-04-17 22:00:00,2025-04-17 19:00:00,69.97264,0.0,10000.0,0.0,43.48417,299.4022,300.82837,-1.426178,2.1156012189206863,5.912184,10.245429,7.4e-44,0.0073633376,1.480342,0.0,2.803e-42,12.507824,0.005152322,0.31581783,-0.9659258262890684,0.2588190451025203,9.99,1
2025-04-17 23:00:00,2025-04-17 20:00:00,73.49423,0.0,10000.0,0.0,43.281673,299.05453,300.82837,-1.7738342,1.5294873462384153,5.1015263,8.8596,7.4e-44,0.0071602426,1.124085,0.0,2.803e-42,7.80272,0.005262365,0.4510267,-0.8660254037844386,0.5000000000000001,9.99,1
2025-04-18 00:00:00,2025-04-17 21:00:00,75.24839,0.0,10000.0,0.0,43.651344,298.84888,300.82837,-1.9794922,0.9685425974770558,4.710499,8.172939,1.47e-43,0.006946157,0.7288127,0.0,2.803e-42,4.562319,0.0052268715,0.70421517,-0.7071067811865477,0.7071067811865474,9.99,1
2025-04-18 01:00:00,2025-04-17 22:00:00,77.162155,4.872074,10000.0,4.872074,44.304474,298.62415,300.82837,-2.2042236,0.13176460990219424,4.294016,7.4409842,1.88e-43,0.006899622,0.1016724,0.0,0.0,0.5657993,0.0053238967,3.3293328,-0.5000000000000004,0.8660254037844384,9.99,1
2025-04-18 02:00:00,2025-04-17 23:00:00,77.16208,11.27297,10000.0,11.27297,42.98897,298.53906,300.82837,-2.2893066,0.49026562200047374,4.2913322,7.4034386,0.0,0.006871879,0.37829915,0.0,0.0,2.1038926,0.005302485,1.3072433,-0.25881904510252157,0.9659258262890681,9.99,1
2025-04-18 03:00:00,2025-04-18 00:00:00,77.14854,29.265339,10000.0,29.265339,42.289066,298.27557,300.82837,-2.5527954,1.7347245631288686,4.2858315,7.292466,0.0,0.007045857,1.3383147,0.0,0.0,7.4347367,0.005435776,0.42049113,0.0,1.0,9.99,1
2025-04-18 04:00:00,2025-04-18 01:00:00,78.82663,3.2925823,10000.0,3.2925823,41.961918,297.9032,300.82837,-2.925171,1.4470935335624424,3.924734,6.6083674,5.63e-43,0.0069664167,1.1406951,0.0,0.0,5.6794577,0.0054913918,0.5095143,0.25881904510252074,0.9659258262890683,9.99,1
2025-04-18 05:00:00,2025-04-18 02:00:00,78.14371,1.1473924,10000.0,1.1473924,42.561455,297.63315,300.82837,-3.195221,1.5513364039807969,4.057953,6.712141,9.4e-44,0.0069837635,1.2122718,0.0,0.0,6.29525,0.005457372,0.47321495,0.49999999999999994,0.8660254037844387,9.99,1
2025-04-18 06:00:00,2025-04-18 03:00:00,79.21219,0.0,10000.0,0.0,43.457714,297.40387,300.82837,-3.4244995,0.9317157791307589,3.8311749,6.2968373,9.4e-44,0.0069169425,0.73803246,0.0,0.0,3.569566,0.0054790615,0.7677714,0.7071067811865475,0.7071067811865476,9.99,1
2025-04-18 07:00:00,2025-04-18 04:00:00,79.87062,2.0674734,10000.0,9.954828,44.04708,297.32825,300.82837,-3.500122,0.3940246430930497,3.694891,6.0697722,0.0,0.0068922304,0.31470993,0.0,0.0,1.4558781,0.0055048675,1.6167337,0.8660254037844386,0.5000000000000001,9.99,1
2025-04-18 08:00:00,2025-04-18 05:00:00,80.640236,1.3687044,10000.0,1.3687044,44.590942,297.17438,300.82837,-3.6539917,0.4320519465815587,3.535284,5.7839828,0.0,0.0067728283,0.34840772,0.0,0.0,1.5274264,0.005461625,1.5156459,0.9659258262890683,0.25881904510252074,9.99,1
2025-04-18 09:00:00,2025-04-18 06:00:00,81.50045,1.4228672,10000.0,2.9513874,44.41865,297.09442,300.82837,-3.7339478,0.6310395474231535,3.361145,5.50047,0.0,0.006808474,0.5143001,0.0,0.0,2.1210155,0.0055489372,1.114857,1.0,6.123233995736766e-17,8.0,1
2025-04-18 10:00:00,2025-04-18 07:00:00,87.25646,3.6185973,10000.0,4.036734,44.484715,296.8019,300.82837,-4.0264587,1.4068290656328084,2.2443867,3.7228763,0.0,0.007080582,1.2275492,0.0,0.0,3.1574683,0.0061782654,0.5790734,0.9659258262890683,-0.25881904510252063,6.0,1
2025-04-18 11:00:00,2025-04-18 08:00:00,85.399315,10.065271,10000.0,10.065271,44.367386,297.3407,300.82837,-3.487671,1.1402267422553478,2.605589,4.4059534,0.0,0.007695605,0.9737458,0.0,0.0,2.970962,0.006571994,0.68857825,0.8660254037844387,-0.4999999999999998,5.01,1
2025-04-18 12:00:00,2025-04-18 09:00:00,77.63344,9.3918,10000.0,9.3918,43.634544,298.6447,300.82837,-2.1836548,1.3371835590619252,4.1953773,7.2963476,0.0,0.008434391,1.0381017,0.0,0.0,5.6099896,0.006547908,0.5401776,0.7071067811865476,-0.7071067811865475,6.0,1
2025-04-18 13:00:00,2025-04-18 10:00:00,70.046455,22.885414,10000.0,22.885414,43.43667,300.00836,300.82837,-0.8200073,1.3615941479919982,5.9213886,10.592357,0.0,0.008384643,0.95374846,0.0,0.0,8.062529,0.005873145,0.47924694,0.49999999999999994,-0.8660254037844387,9.0,1
2025-04-18 14:00:00,2025-04-18 11:00:00,62.969738,29.959297,10000.0,29.959297,43.437145,301.14847,300.82837,0.32009888,1.9594652218560533,7.7064476,13.9999075,0.0,0.0085347025,1.2338701,0.0,0.0,15.100516,0.00537428,0.30575773,0.258819045102521,-0.9659258262890682,9.0,1
2025-04-18 15:00:00,2025-04-18 12:00:00,55.37073,1.6063184,10000.0,1.6063184,43.332592,302.34845,300.82837,1.5200806,2.5097452176885033,9.85713,18.091492,7.4e-44,0.009043486,1.3896643,0.0,4.204e-42,24.738886,0.005007444,0.2121691,1.2246467991473532e-16,-1.0,9.99,1
2025-04-18 16:00:00,2025-04-18 13:00:00,56.92212,2.414459,10000.0,2.414459,44.518578,302.78296,300.82837,1.9545898,2.950341461279073,9.441822,17.906462,0.0,0.009237835,1.6793969,0.0,0.0,27.8566,0.0052583716,0.18660901,-0.2588190451025208,-0.9659258262890683,9.99,1
2025-04-18 17:00:00,2025-04-18 14:00:00,60.49601,3.2336361,10000.0,3.2336361,45.11424,302.52322,300.82837,1.6948547,3.815609777845189,8.437267,16.176493,0.0,0.0094017135,2.3082917,0.0,0.0,32.193317,0.0056876615,0.15449959,-0.4999999999999997,-0.8660254037844388,9.99,1
2025-04-18 18:00:00,2025-04-18 15:00:00,60.72982,3.7445166,10000.0,3.7445166,45.866825,302.17447,300.82837,1.3460999,4.3216621126730725,8.353403,15.759518,0.0,0.009460426,2.6245375,0.0,0.0,36.100586,0.0057452996,0.13734615,-0.7071067811865471,-0.7071067811865479,9.99,1
2025-04-18 19:00:00,2025-04-18 16:00:00,60.776806,1.827699,10000.0,1.827699,45.746822,301.59567,300.82837,0.76730347,4.3671158254293045,8.305933,15.22052,3.78e-43,0.009026265,2.6541936,0.0,0.0,36.272972,0.0054858755,0.13605379,-0.8660254037844384,-0.5000000000000004,9.99,1
2025-04-18 20:00:00,2025-04-18 17:00:00,66.842445,8.689615,10000.0,8.689615,46.6079,300.5637,300.82837,-0.26467896,3.8693540768093944,6.7080345,12.114195,0.0,0.008192765,2.5863707,0.0,0.0,25.955761,0.005476244,0.16839628,-0.9659258262890683,-0.25881904510252063,9.99,1
2025-04-18 21:00:00,2025-04-18 18:00:00,71.97559,4.7859674,10000.0,100.0,46.698376,299.32367,300.82837,-1.5046997,3.688842182304921,5.4511986,9.517708,0.0,0.00797685,2.655066,0.0,0.0,20.10861,0.005741385,0.18996726,-1.0,-1.8369701987210297e-16,9.99,1
2025-04-18 22:00:00,2025-04-18 19:00:00,71.11341,20.241922,10000.0,100.0,47.457462,299.60168,300.82837,-1.2266846,2.8385848815697887,5.6583233,9.973057,0.0,0.007561656,2.0186145,0.0,0.0,16.06163,0.005377352,0.24199885,-0.9659258262890684,0.2588190451025203,9.99,1
2025-04-18 23:00:00,2025-04-18 20:00:00,72.9101,3.7154462,10000.0,78.632545,48.081837,299.24792,300.82837,-1.5804443,2.580704542866883,5.238598,9.159181,3.77e-43,0.007333661,1.8815944,0.0,0.0,13.519274,0.0053469795,0.27198112,-0.8660254037844386,0.5000000000000001,9.99,1
2025-04-19 00:00:00,2025-04-18 21:00:00,74.493065,4.4481177,10000.0,20.440231,48.85526,299.00302,300.82837,-1.8253479,1.8734502005791247,4.8801155,8.499738,7.4e-44,0.007223277,1.3955904,0.0,2.803e-42,9.142653,0.00538084,0.37747627,-0.7071067811865477,0.7071067811865474,,0
2025-04-19 01:00:00,2025-04-18 22:00:00,76.85994,0.0,10000.0,2.0480247,47.81962,298.6714,295.7627,2.9086914,1.4097941676261236,4.35948,7.560659,5.45e-43,0.007015452,1.083567,0.0,1.401e-42,6.1459694,0.005392072,0.5090756,-0.5000000000000004,0.8660254037844384,,0
2025-04-19 02:00:00,2025-04-18 23:00:00,76.531746,0.0,10000.0,100.0,47.718452,298.4634,295.7627,2.700714,1.0140136186243522,4.422388,7.573593,5.42e-43,0.0069400747,0.77604234,0.0,1.401e-42,4.4843616,0.00531136,0.6869911,-0.25881904510252157,0.9659258262890681,,0
2025-04-19 03:00:00,2025-04-19 00:00:00,76.92666,0.0,10000.0,100.0,46.350277,298.0935,295.7627,2.3308105,1.43774629049561,4.326809,7.2837143,5.42e-43,0.006963691,1.1060102,0.0,1.401e-42,6.2208533,0.0053569353,0.5002559,0.0,1.0,,0
2025-04-19 04:00:00,2025-04-19 01:00:00,77.7697,0.0,10000.0,100.0,46.464764,297.8926,295.7627,2.1299133,0.8381110744749926,4.1436405,6.9338512,5.41e-43,0.0069597755,0.65179646,0.0,1.401e-42,3.472831,0.0054125963,0.82900304,0.25881904510252074,0.9659258262890683,,0
2025-04-19 05:00:00,2025-04-19 02:00:00,78.616,0.0,10000.0,100.0,47.36674,297.7915,295.7627,2.0288086,0.5105660430360255,3.9649315,6.6296644,5.41e-43,0.006948027,0.40138662,0.0,1.401e-42,2.0243595,0.005462261,1.2875919,0.49999999999999994,0.8660254037844387,,0
2025-04-19 06:00:00,2025-04-19 03:00:00,78.14606,0.0,10000.0,100.0,48.829613,297.83646,295.7627,2.073761,0.2759669189329479,4.0635853,6.793607,5.41e-43,0.0070304438,0.21565726,0.0,0.0,1.1214151,0.005494015,2.0785356,0.7071067811865475,0.7071067811865476,,0
2025-04-19 07:00:00,2025-04-19 04:00:00,77.53127,0.0,10000.0,100.0,49.462944,297.8983,295.7627,2.1355896,0.8869763799788857,4.1936264,7.010598,4.47e-43,0.0068512196,0.68768406,0.0,1.401e-42,3.7196474,0.005311838,0.7855433,0.8660254037844386,0.5000000000000001,,0
2025-04-19 08:00:00,2025-04-19 05:00:00,78.57975,0.0,10000.0,100.0,49.500217,297.7403,295.7627,1.9776001,0.944391643216821,3.970913,6.6205797,7.61e-43,0.006651828,0.7421006,0.0,4.204e-42,3.750097,0.0052269897,0.75239736,0.9659258262890683,0.25881904510252074,,0
2025-04-19 09:00:00,2025-04-19 06:00:00,79.49337,0.0,4310.243,100.0,49.970844,297.68198,295.7627,1.919281,0.5704763730838188,3.7815418,6.3161035,7.3e-44,0.0071110916,0.45349085,0.0,1.401e-42,2.1572802,0.0056528463,1.1856252,1.0,6.123233995736766e-17,,0
2025-04-19 10:00:00,2025-04-19 07:00:00,81.87387,0.0,4311.6924,100.0,49.83359,297.55487,295.7627,1.7921753,0.6183179551615464,3.298235,5.540543,0.0,0.0069926004,0.50624084,0.0,0.0,2.039358,0.0057251127,1.1397998,0.9659258262890683,-0.25881904510252063,,0
2025-04-19 11:00:00,2025-04-19 08:00:00,80.95134,0.0,10000.0,100.0,48.38378,297.7294,295.7627,1.9667053,0.30797337267588576,3.487196,5.883728,3.87e-43,0.0069794855,0.24930859,0.0,1.401e-42,1.0739635,0.005649987,1.9842309,0.8660254037844387,-0.4999999999999998,,0
2025-04-19 12:00:00,2025-04-19 09:00:00,67.42403,0.0,10000.0,11.833419,46.69499,299.8253,295.7627,4.0625916,1.3562416256572543,6.531893,11.396151,2.94e-43,0.0081154015,0.9144327,0.0,5.605e-42,8.858825,0.0054717306,0.4630003,0.7071067811865476,-0.7071067811865475,,0
