datetime,vel_vento,dir_vento,temp_ar,temp_orvalho,pressao,vis,clima,categ_nuvem,altura_nuvem,lmlt,umidade_relativa
2026-06-22T00:00:00Z,2.0239183370355636,358.1157418835902,18.619287109375023,17.011878395665853,1018.34921875,10000,Sem Info,No,NA,18.997766113281273,0.9036775156256166
2026-06-22T01:00:00Z,2.727076186340558,348.6958277931602,18.586877441406273,17.205611720961087,1018.3934375,10000,Sem Info,No,NA,18.997766113281273,0.9166958535572287
2026-06-22T02:00:00Z,0.8958120123496414,322.8081226917964,18.419976806640648,17.26851475288612,1017.57421875,10000,Sem Info,No,NA,18.997766113281273,0.9300310586001924
2026-06-22T03:00:00Z,0.6556588637740518,196.0511865990781,18.219110107421898,17.185164742613097,1018.388125,10000,Sem Info,No,NA,18.997766113281273,0.9368753202716844
2026-06-22T04:00:00Z,1.1736047997545653,177.43589721895736,17.969567871093773,17.048288813331034,1018.160859375,10000,Sem Info,No,NA,18.997766113281273,0.9434745918642161
2026-06-22T05:00:00Z,1.8837393037202939,40.45968821969893,17.809381103515648,17.098391103832334,1017.905234375,10000,Sem Info,Few,NA,18.997766113281273,0.9560707478939808
2026-06-22T06:00:00Z,1.3127399012952392,10.530766908985186,17.490625000000023,17.119672553411483,1017.896328125,10000,Sem Info,Broken,NA,18.997766113281273,0.976808104612947
2026-06-22T07:00:00Z,0.43201643918708094,349.44116076458033,16.826776123046898,16.413683996897888,1018.09375,10000,Sem Info,Overcast,NA,18.997766113281273,0.9740735644841118
2026-06-22T08:00:00Z,1.0745408576285669,345.9888705267017,16.930230712890648,16.45951644246657,1018.19703125,10000,Sem Info,Overcast,NA,18.997766113281273,0.9705275732336883
2026-06-22T09:00:00Z,0.4400172247924151,21.208128241011764,16.897851562500023,16.567455825765677,1018.53875,10000,Sem Info,Few,NA,18.997766113281273,0.9792271426267941
2026-06-22T10:00:00Z,0.5202927569718455,7.697165358519157,16.531488037109398,16.036553442595807,1018.894921875,10000,Sem Info,Overcast,NA,18.997766113281273,0.9689383204596607
2026-06-22T11:00:00Z,0.8775053805475836,339.0736167818447,17.979455566406273,16.342849490163687,1018.92046875,10000,Sem Info,No,NA,18.997766113281273,0.9015489518800431
2026-06-22T12:00:00Z,0.480883863729557,307.5778639735964,19.708123779296898,16.28862214083586,1019.080703125,10000,Sem Info,No,NA,18.997766113281273,0.8064054603042833
2026-06-22T13:00:00Z,1.2351096702938626,103.85399540648476,22.099023437500023,15.877948009423786,1018.18515625,10000,Sem Info,No,NA,18.997766113281273,0.678042628309959
2026-06-22T14:00:00Z,2.429393554049829,121.50031995401729,24.023095703125023,15.413145642770946,1017.765234375,10000,Sem Info,No,NA,18.997766113281273,0.5857652518918944
2026-06-22T15:00:00Z,1.9336293511174159,82.3033812822863,25.606896972656273,15.522793577603334,1016.712421875,10000,Sem Info,No,NA,18.997766113281273,0.5366238395962264
2026-06-22T16:00:00Z,2.988212083801902,70.03217373278915,26.844079589843773,15.13495359023703,1015.7496875,10000,Sem Info,No,NA,18.997766113281273,0.4864912417027536
2026-06-22T17:00:00Z,4.1622205390466,111.3551000607807,27.573999023437523,15.103302321135516,1014.81875,10000,Sem Info,No,NA,18.997766113281273,0.46513484528924726
2026-06-22T18:00:00Z,5.150003547482917,113.84823287015789,27.670129394531273,15.45895667348953,1013.903359375,10000,Sem Info,No,NA,18.997766113281273,0.4732156213188711
2026-06-22T19:00:00Z,5.309932237327645,112.6668257473763,27.620019531250023,16.02268957117253,1013.92453125,10000,Sem Info,No,NA,18.997766113281273,0.4920474074922708
2026-06-22T20:00:00Z,5.905732096769772,118.90171818122042,26.512933349609398,17.738359947917665,1013.494140625,10000,Sem Info,No,NA,18.997766113281273,0.5855349171145592
2026-06-22T21:00:00Z,5.375946029519667,121.40380056185752,25.354302978515648,18.07868621538752,1013.94828125,10000,Sem Info,No,NA,18.997766113281273,0.6407415528181918
2026-06-22T22:00:00Z,4.703503667887095,113.35788397735,24.634973144531273,17.880670826085723,1014.085390625,10000,Sem Info,No,NA,18.997766113281273,0.6605667671808068
2026-06-22T23:00:00Z,1.3252175185832678,144.72894125664882,23.321618652343773,17.918203597628885,1014.488828125,10000,Sem Info,No,NA,18.997766113281273,0.7165487670184031
2026-06-23T00:00:00Z,2.0295165083497606,147.8460489053237,22.588189697265648,17.691654539540053,1014.80765625,10000,Sem Info,No,NA,18.997766113281273,0.7384976324495753
2026-06-23T01:00:00Z,2.4580251272249605,149.2027007755215,22.170709228515648,17.296019832801075,1014.730859375,7000,Sem Info,No,NA,18.997766113281273,0.7388076248885114
2026-06-23T02:00:00Z,2.506860702444999,122.66804654478662,21.728936767578148,16.848171317150257,1014.812421875,7000,Sem Info,No,NA,18.997766113281273,0.7377707604062657
2026-06-23T03:00:00Z,3.3118554775033093,93.11662891430709,21.443475341796898,15.542375772593417,1014.525390625,7000,Sem Info,No,NA,18.997766113281273,0.690768054622557
2026-06-23T04:00:00Z,3.035766391502805,104.23551058196868,20.964807128906273,15.246863655889005,1014.069921875,7000,Sem Info,No,NA,18.997766113281273,0.6980058966624475
2026-06-23T05:00:00Z,3.017947410566491,118.81710449603248,20.606622314453148,15.139594316907916,1013.64609375,7000,Sem Info,No,NA,18.997766113281273,0.7086738649372826
2026-06-23T06:00:00Z,2.604140618235237,135.50334287662952,20.429986572265648,15.004210955648832,1012.93625,7000,Sem Info,No,NA,18.997766113281273,0.7102279833983759
2026-06-23T07:00:00Z,2.7762333800091517,138.54699051734335,20.308862304687523,14.571493969864338,1012.9828125,7000,Sem Info,No,NA,18.997766113281273,0.6958699348662846
2026-06-23T08:00:00Z,0.8579770717976984,146.75747161500425,20.230279541015648,14.540115269570592,1012.645703125,6000,Sem Info,No,NA,18.997766113281273,0.697843659833035
2026-06-23T09:00:00Z,2.474443901401211,173.62787241295018,20.258325195312523,14.383002442024193,1012.90171875,6000,Sem Info,No,NA,18.997766113281273,0.6895930728004726
2026-06-23T10:00:00Z,1.6605205466550401,151.18194102724578,20.532281494140648,14.161044556450143,1013.35875,6000,Sem Info,No,NA,18.997766113281273,0.668344077346546
2026-06-23T11:00:00Z,1.050534007116589,119.45994990759856,23.072595214843773,13.839377702803947,1013.473125,4000,Sem Info,No,NA,18.997766113281273,0.5603925855971426
2026-06-23T12:00:00Z,0.6644321757487991,181.31102341216405,25.564111328125023,13.455487946428304,1013.88671875,4000,Sem Info,No,NA,18.997766113281273,0.4706889160275929
2026-06-23T13:00:00Z,0.38040352983811304,2.6789608518081423,27.886956787109398,13.680758833880768,1013.2109375,7000,Sem Info,No,NA,18.997766113281273,0.41654462985327323
2026-06-23T14:00:00Z,2.7243572511817535,330.2696954220794,30.472009277343773,14.173745367536862,1013.152421875,10000,Sem Info,No,NA,18.997766113281273,0.3703355165973783
2026-06-23T15:00:00Z,3.141770295259137,347.87253299028106,31.981042480468773,13.765531761603372,1012.41046875,10000,Sem Info,No,NA,18.997766113281273,0.33092330133908887
2026-06-23T16:00:00Z,3.8888954001511684,318.8722422621588,33.1381774902344,12.974300853842957,1011.970859375,10000,Sem Info,No,NA,18.997766113281273,0.2944062143862496
2026-06-23T17:00:00Z,11.034787689517838,227.9549218081835,30.499353027343773,15.856016691198306,1011.823125,10000,Sem Info,Few,NA,18.997766113281273,0.41205270910741926
2026-06-23T18:00:00Z,10.379264127320132,226.61424205427247,28.300439453125023,16.745271870327674,1011.50375,10000,Sem Info,Broken,NA,18.997766113281273,0.4951591389908226
2026-06-23T19:00:00Z,10.186149202161351,218.3420881743324,25.811090087890648,18.25965723625903,1013.111015625,10000,Sem Info,Broken,NA,18.997766113281273,0.6307149286850072
2026-06-23T20:00:00Z,10.746511119431151,229.31496061297275,24.327661132812523,18.292322558471874,1013.62046875,10000,Sem Info,Overcast,NA,18.997766113281273,0.69048527338061
2026-06-23T21:00:00Z,8.915028296393563,235.3484351031849,23.600732421875023,18.370320817081144,1014.980703125,10000,Sem Info,Few,NA,18.997766113281273,0.7248839699247513
2026-06-23T22:00:00Z,5.871471172438513,241.9261193433305,23.132806396484398,18.796017159517053,1015.433984375,10000,Sem Info,No,NA,18.997766113281273,0.7658202339515782
2026-06-23T23:00:00Z,4.840245973804699,248.1473957733904,22.776666259765648,19.310830000578875,1015.8565625,10000,Sem Info,No,NA,18.997766113281273,0.8080817737619718
2026-06-24T00:00:00Z,4.717628834914567,255.96396949284477,22.573175048828148,19.587195729664806,1016.379765625,10000,Sem Info,Overcast,NA,18.997766113281273,0.8323218256952942
2026-06-24T01:00:00Z,5.099589360854852,255.9601472086483,22.518823242187523,19.782912736821196,1016.17296875,10000,Sem Info,Overcast,NA,18.997766113281273,0.8452906840806924
2026-06-24T02:00:00Z,4.349737291353602,241.31430854229217,22.503625488281273,19.736540180773964,1016.462578125,10000,Sem Info,Broken,NA,18.997766113281273,0.8436399104261205
2026-06-24T03:00:00Z,5.392788572354385,261.1458162845161,22.082482910156273,19.469394314309387,1016.189296875,8000,Sem Info,Overcast,NA,18.997766113281273,0.851304965276681
2026-06-24T04:00:00Z,5.685011032442134,258.3285433854169,21.856134033203148,18.832577673242653,1016.049296875,8000,Sem Info,Broken,NA,18.997766113281273,0.8295399201511429
2026-06-24T05:00:00Z,5.135314454951582,252.60852332918265,21.592797851562523,18.986626605512832,1015.67765625,9000,Sem Info,Broken,NA,18.997766113281273,0.851163425532976
2026-06-24T06:00:00Z,3.8524015030677363,256.80920578714,21.623712158203148,18.810939232918997,1015.11796875,9000,Sem Info,Broken,NA,18.997766113281273,0.8402780550732767
2026-06-24T07:00:00Z,2.716024879351074,282.15966571195224,21.632531738281273,18.753793609498267,1015.30515625,8000,Sem Info,Overcast,NA,18.997766113281273,0.8368282017078379
2026-06-24T08:00:00Z,2.2563658862126426,343.1849644853891,21.179254150390648,18.724659746579015,1015.178046875,9000,Sem Info,Overcast,NA,18.997766113281273,0.8588444373665035
2026-06-24T09:00:00Z,2.335925556295394,304.61922543794566,21.237573242187523,18.42296368146197,1015.436796875,9000,Sem Info,Broken,NA,18.997766113281273,0.8397522586384822
2026-06-24T10:00:00Z,3.000241056859183,309.7847062577481,21.302453613281273,18.32150382863203,1015.741328125,8000,Sem Info,Broken,NA,18.997766113281273,0.8311074244481549
2026-06-24T11:00:00Z,2.8294468606246452,278.42218970075203,21.989739990234398,18.48314276081113,1016.001953125,8000,Sem Info,Broken,NA,18.997766113281273,0.8049940788722776
2026-06-24T12:00:00Z,1.5332120254888841,294.99425889272356,23.022332763671898,18.54173827206724,1016.108359375,9000,Sem Info,Scattered,NA,18.997766113281273,0.7587849616070126
2026-06-24T13:00:00Z,1.060455732222802,1.5474205605860334,24.174310302734398,18.49826821487892,1015.141796875,9000,Sem Info,Broken,NA,18.997766113281273,0.7059309300290555
2026-06-24T14:00:00Z,2.8425958025794777,16.027050385558653,25.569146728515648,17.848401426299095,1014.551796875,10000,Sem Info,Overcast,NA,18.997766113281273,0.623503313712347
2026-06-24T15:00:00Z,2.71106482867428,74.35896896838779,26.526910400390648,17.86989805747746,1013.45546875,10000,Sem Info,Overcast,NA,18.997766113281273,0.589921721781872
2026-06-24T16:00:00Z,3.282272041546463,112.42728580389311,27.399987792968773,17.233124098275535,1012.70734375,10000,Sem Info,Overcast,NA,18.997766113281273,0.53830866218911
2026-06-24T17:00:00Z,2.7284207346728735,127.94726821247248,28.062646484375023,16.901115915050855,1012.180390625,9000,Sem Info,Overcast,NA,18.997766113281273,0.5070631113472358
2026-06-24T18:00:00Z,3.94495119427156,138.84665561987316,28.387109375000023,16.667028554808212,1011.912890625,2500,Sem Info,Overcast,NA,18.997766113281273,0.4902232043643253
2026-06-24T19:00:00Z,13.578948630006867,226.96662188301468,24.156518554687523,18.357088256238217,1014.45125,3000,Sem Info,Overcast,NA,18.997766113281273,0.7004561456898368
2026-06-24T20:00:00Z,10.76170229277975,238.396280749395,23.362817382812523,17.61140163421853,1015.5178125,5000,Sem Info,Overcast,NA,18.997766113281273,0.7010771294090345
2026-06-24T21:00:00Z,9.91594720307254,224.23806327210997,22.709863281250023,18.15077454602433,1017.3615625,5000,Sem Info,Overcast,NA,18.997766113281273,0.7545584552450072
2026-06-24T22:00:00Z,5.096290357774363,143.92399109068157,21.559442138671898,18.816262753274582,1018.658359375,8000,Sem Info,Overcast,NA,18.997766113281273,0.8438719841983391
2026-06-24T23:00:00Z,3.7623172396617974,139.34631676628825,21.464959716796898,18.43017522271217,1019.05421875,8000,Sem Info,Broken,NA,18.997766113281273,0.8284957468632264
2026-06-25T00:00:00Z,1.5867646240537723,38.68601294288396,21.082635498046898,18.601580537610804,1019.207109375,9000,Sem Info,Overcast,NA,18.997766113281273,0.8573266679691356
2026-06-25T01:00:00Z,2.4293867585572873,79.21758307760769,21.005212402343773,18.618044271363473,1018.488828125,9000,Sem Info,Overcast,NA,18.997766113281273,0.8623059623666424
2026-06-25T02:00:00Z,0.9374059200798809,173.39512935304958,20.825402832031273,18.694555487992,1018.937265625,9000,Sem Info,Overcast,NA,18.997766113281273,0.876087356270403
2026-06-25T03:00:00Z,2.414084004632271,209.70202206559364,20.997491455078148,18.49675794940712,1018.873125,8000,Sem Info,Overcast,NA,18.997766113281273,0.8561846193141435
2026-06-25T04:00:00Z,3.9956154926387017,245.2189882240608,20.728936767578148,17.81773550080045,1018.876015625,9000,Sem Info,Overcast,NA,18.997766113281273,0.8340942649634848
2026-06-25T05:00:00Z,3.9516319057407827,263.96538102729795,20.890039062500023,17.566512507676084,1018.7565625,10000,Sem Info,Overcast,NA,18.997766113281273,0.8128769713961229
2026-06-25T06:00:00Z,3.731484397949377,255.16924301042548,21.004052734375023,17.39084562684609,1018.8396875,3000,Sem Info,Overcast,NA,18.997766113281273,0.7982866352493864
2026-06-25T07:00:00Z,3.546584156230755,256.67797740778707,20.906304931640648,17.552042392071204,1019.451953125,7000,Sem Info,Overcast,NA,18.997766113281273,0.8113220562749949
2026-06-25T08:00:00Z,3.4619375317176635,255.03330324360277,20.931817626953148,17.647606839989223,1019.5790625,7000,Sem Info,Overcast,NA,18.997766113281273,0.8149497618387698
2026-06-25T09:00:00Z,2.3063372394841024,288.2300092367733,20.745538330078148,18.003230668559475,1020.3090625,3000,Sem Info,Overcast,NA,18.997766113281273,0.8430302309886761
2026-06-25T10:00:00Z,3.8632498239826627,335.369664216107,20.291497802734398,17.752507666986123,1021.158984375,8000,Sem Info,Overcast,NA,18.997766113281273,0.8534086355972942
2026-06-25T11:00:00Z,2.615462080521323,341.29593311318706,20.288598632812523,17.91604817484604,1021.98140625,6000,Sem Info,Overcast,NA,18.997766113281273,0.8624014304998411
2026-06-25T12:00:00Z,4.036080339921921,339.5971720042053,20.447595214843773,18.133808755485656,1022.749140625,3000,Sem Info,Overcast,NA,18.997766113281273,0.8657485148914914
2026-06-25T13:00:00Z,2.6816767219863435,341.07438326135275,20.801812744140648,18.102293894188108,1022.34484375,3000,Sem Info,Overcast,NA,18.997766113281273,0.8453633478276648
2026-06-25T14:00:00Z,1.4092092376644503,344.0253529094819,21.967797851562523,17.931709475650063,1022.626015625,2100,Sem Info,Overcast,NA,18.997766113281273,0.7786276477323608
2026-06-25T15:00:00Z,1.4989883109974393,127.89400227523468,23.213220214843773,17.610660788096123,1022.079765625,3000,Sem Info,Broken,NA,18.997766113281273,0.7074128498591166
2026-06-25T16:00:00Z,4.520219154566577,140.81320378441777,23.437371826171898,17.45919587371097,1021.59546875,3000,Sem Info,Scattered,NA,18.997766113281273,0.6912515656215025
2026-06-25T17:00:00Z,6.297772315955701,139.8549441458559,23.163476562500023,18.44580203995204,1020.98234375,3500,Sem Info,Broken,NA,18.997766113281273,0.7478182965190443
2026-06-25T18:00:00Z,3.609744847042996,166.7268431868505,23.301263427734398,18.970632908574792,1020.25796875,3000,Sem Info,Overcast,NA,18.997766113281273,0.7663750844354229
2026-06-25T19:00:00Z,2.6982030865916977,105.13766585353837,23.527215576171898,19.17201187579078,1020.492109375,3000,Sem Info,Broken,NA,18.997766113281273,0.7655490547436056
2026-06-25T20:00:00Z,5.944370137246057,98.85663335270236,22.623864746093773,19.3218804155136,1020.64296875,3000,Sem Info,Overcast,NA,18.997766113281273,0.81617552409616
2026-06-25T21:00:00Z,5.702730771646118,76.3598055543539,22.265191650390648,18.86541609833724,1021.322265625,3000,Sem Info,Overcast,NA,18.997766113281273,0.8107559387388577
2026-06-25T22:00:00Z,6.299008081176926,92.73873669790784,22.321679687500023,19.077694228630182,1021.510234375,3000,Sem Info,Overcast,NA,18.997766113281273,0.8187548105673471
2026-06-25T23:00:00Z,6.3454703155493695,84.56375682849819,22.175988769531273,18.87083834754912,1021.87109375,3000,Sem Info,Overcast,NA,18.997766113281273,0.815451374179551
2026-06-26T00:00:00Z,6.715013969689001,86.51115251038232,22.072747802734398,19.077801846950308,1022.103515625,1500,Sem Info,Overcast,NA,18.997766113281273,0.8312772339020011
2026-06-26T01:00:00Z,6.2528493871917945,93.2146182285629,21.766870117187523,19.46186379371215,1021.911171875,1500,Sem Info,Broken,NA,18.997766113281273,0.867466988978777
2026-06-26T02:00:00Z,5.030973790459327,111.03409762964117,21.794580078125023,19.53297516994481,1022.150546875,1500,Sem Info,Broken,NA,18.997766113281273,0.8698378658512849
2026-06-26T03:00:00Z,3.110522291948766,110.5686239549366,21.916009521484398,19.454171876395627,1021.9421875,1500,Sem Info,Broken,NA,18.997766113281273,0.8591853277547705
2026-06-26T04:00:00Z,1.7115804675187836,109.13089721954488,21.715997314453148,19.473106414005873,1021.8228125,2000,Sem Info,Broken,NA,18.997766113281273,0.8707790332571302
2026-06-26T05:00:00Z,2.2305503129899202,320.7596273757773,21.454003906250023,19.528928515909275,1021.654765625,3000,Sem Info,Broken,NA,18.997766113281273,0.8879385352914018
2026-06-26T06:00:00Z,3.7032773848836285,284.7528819576556,21.649591064453148,19.525910422562617,1021.534375,2000,Sem Info,Broken,NA,18.997766113281273,0.8772008563135
2026-06-26T07:00:00Z,7.355130682385579,273.7818211656614,21.949273681640648,17.9710625085063,1021.91296875,6000,Sem Info,Broken,NA,18.997766113281273,0.7814420734888268
2026-06-26T08:00:00Z,3.5815732507627493,339.58114885911016,21.880853271484398,17.77212394106296,1021.649140625,8000,Sem Info,Overcast,NA,18.997766113281273,0.7749437032336256
2026-06-26T09:00:00Z,4.800504893898269,0.7413412372187622,21.250726318359398,18.022988273722063,1021.9315625,8000,Sem Info,Overcast,NA,18.997766113281273,0.8182563523022889
2026-06-26T10:00:00Z,6.573773464227263,22.979458966825405,20.822412109375023,18.68114013875105,1022.26859375,8000,Sem Info,Overcast,NA,18.997766113281273,0.8755132702274833
2026-06-26T11:00:00Z,2.7661452937584703,66.22065141290182,20.915063476562523,19.096112413793183,1022.783203125,3500,Sem Info,Overcast,NA,18.997766113281273,0.8934051679464398
2026-06-26T12:00:00Z,2.79902734861164,52.26716997644826,21.962335205078148,18.595959828143595,1023.074609375,9000,Sem Info,Overcast,NA,18.997766113281273,0.8120624814549777
2026-06-26T13:00:00Z,1.7769913451138633,95.81556715114353,23.706597900390648,18.2830900474775,1022.486171875,10000,Sem Info,Overcast,NA,18.997766113281273,0.7163397222922421
2026-06-26T14:00:00Z,2.039910692351151,132.16448220022667,25.119195556640648,18.05587301575345,1022.568046875,9000,Sem Info,Overcast,NA,18.997766113281273,0.6488480690086711
2026-06-26T15:00:00Z,4.884249577710045,118.95254235644768,25.082543945312523,17.857550227550586,1022.0815625,9000,Sem Info,Overcast,NA,18.997766113281273,0.6422012344147532
2026-06-26T16:00:00Z,6.507661603655661,120.6789519206106,25.385064697265648,18.1409710152524,1021.69296875,10000,Sem Info,Overcast,NA,18.997766113281273,0.6420787705543743
2026-06-26T17:00:00Z,6.819219660820489,118.43240354126743,25.117547607421898,17.958581675686943,1021.19953125,10000,Sem Info,Overcast,NA,18.997766113281273,0.6449517934151036
2026-06-26T18:00:00Z,7.092743884604609,125.0440748027542,24.776513671875023,17.865864285346877,1020.608046875,10000,Sem Info,Overcast,NA,18.997766113281273,0.6543874637573107
2026-06-26T19:00:00Z,6.14427718414682,133.79802494278985,24.239923095703148,17.87406877787753,1021.25296875,10000,Sem Info,Overcast,NA,18.997766113281273,0.6761122437718194
2026-06-26T20:00:00Z,5.231961172003271,127.76834063308608,23.603692626953148,18.132246752352685,1021.17328125,8000,Sem Info,Broken,NA,18.997766113281273,0.7139993705560967
2026-06-26T21:00:00Z,2.875545610523105,126.986269030556,23.385888671875023,17.922281793664222,1022.27078125,8000,Sem Info,Overcast,NA,18.997766113281273,0.7139549027128634
2026-06-26T22:00:00Z,1.173036625248186,155.16029114844395,23.137200927734398,17.840415508557076,1022.557890625,9000,Sem Info,Overcast,NA,18.997766113281273,0.7210442025683639
2026-06-26T23:00:00Z,1.0583693599167074,1.7990005965090743,22.751184082031273,17.91457140109053,1022.999453125,7000,Sem Info,Overcast,NA,18.997766113281273,0.7415674262345061
2026-06-27T00:00:00Z,2.1435403461022693,348.89585551057706,21.992242431640648,18.14106809488732,1023.408984375,2000,Sem Info,Overcast,NA,18.997766113281273,0.7877729664115285
2026-06-27T01:00:00Z,1.9142608717961676,7.122283266906152,21.537469482421898,18.50952335383428,1023.06671875,3000,Sem Info,Overcast,NA,18.997766113281273,0.8289367402733389
2026-06-27T02:00:00Z,1.090711017176709,29.595075823872097,21.637109375000023,18.562591742808262,1022.943359375,4000,Sem Info,Overcast,NA,18.997766113281273,0.8266392845795234
2026-06-27T03:00:00Z,2.567521612902007,330.551696707033,20.655450439453148,19.25454386221605,1022.46234375,5000,Sem Info,Overcast,NA,18.997766113281273,0.9168210141696946
2026-06-27T04:00:00Z,1.4521850383771546,347.1839986883216,21.217736816406273,19.018821364044072,1022.224296875,4000,Sem Info,Overcast,NA,18.997766113281273,0.8727163905324656
2026-06-27T05:00:00Z,2.3090937673183882,312.65537900340945,21.535546875000023,18.638578012810356,1021.76234375,5000,Sem Info,Overcast,NA,18.997766113281273,0.8357639841792853
2026-06-27T06:00:00Z,3.6709492934767094,274.8218008552045,21.671960449218773,18.751891438663815,1021.26640625,2500,Sem Info,Overcast,NA,18.997766113281273,0.8347120327236894
2026-06-27T07:00:00Z,2.5495590156678274,286.2374594468758,21.505700683593773,18.250022605196225,1021.35671875,500,Sem Info,Overcast,NA,18.997766113281273,0.8171391393880895
2026-06-27T08:00:00Z,2.4921560180560056,5.414184071674072,21.238641357421898,18.091565333467575,1021.3140625,400,Sem Info,Overcast,NA,18.997766113281273,0.8224030118960218
2026-06-27T09:00:00Z,0.11012000146077511,5.019220191446834,21.035699462890648,18.14724454791708,1021.722734375,500,Sem Info,Broken,NA,18.997766113281273,0.8356409009030641
2026-06-27T10:00:00Z,1.3081420727454585,88.96218417677096,21.075189208984398,18.250118927656555,1022.27453125,500,Sem Info,Few,NA,18.997766113281273,0.8390198847271811
2026-06-27T11:00:00Z,1.5334400381927094,101.71594830251787,21.853814697265648,18.422749424512144,1022.511015625,500,Sem Info,No,NA,18.997766113281273,0.8086366573709078
2026-06-27T12:00:00Z,1.6425746868966251,86.31681077247345,23.118920898437523,18.606719433720972,1022.889140625,1500,Sem Info,No,NA,18.997766113281273,0.7574373291239982
2026-06-27T13:00:00Z,2.042426825549096,81.33853914706435,24.237725830078148,18.899692688088752,1022.271484375,3000,Sem Info,No,NA,18.997766113281273,0.7211401300573606
2026-06-27T14:00:00Z,4.277772573885235,118.21510182052842,24.999200439453148,18.586389695211366,1022.218125,6000,Sem Info,No,NA,18.997766113281273,0.675636772143168
2026-06-27T15:00:00Z,5.565758947053743,117.30430151703814,25.569482421875023,18.805348382412433,1021.35703125,7000,Sem Info,No,NA,18.997766113281273,0.6620861337190999
2026-06-27T16:00:00Z,7.09648229984346,119.703716818642,26.041162109375023,18.78676433356288,1020.684375,9000,Sem Info,No,NA,18.997766113281273,0.6430680177507448
2026-06-27T17:00:00Z,8.805418826951724,123.84937644484052,25.585382080078148,19.007553777852227,1020.090859375,9000,Sem Info,No,NA,18.997766113281273,0.6698715074536856
2026-06-27T18:00:00Z,9.26031698403353,130.1538263355117,24.870446777343773,19.227921774600613,1019.396953125,9000,Sem Info,No,NA,18.997766113281273,0.7086988268859876
2026-06-27T19:00:00Z,8.574306046221595,134.03747002701934,24.382043457031273,19.467342177356983,1019.830625,9000,Sem Info,No,NA,18.997766113281273,0.7406820861278447
2026-06-27T20:00:00Z,7.215996924144287,134.47255894622754,23.476220703125023,19.59633164188205,1020.06171875,10000,Sem Info,Few,NA,18.997766113281273,0.7884658254744017
2026-06-27T21:00:00Z,7.178205381423259,135.8714969571428,23.035638427734398,19.099441011244895,1020.8840625,10000,Sem Info,Overcast,NA,18.997766113281273,0.7850789516184041
2026-06-27T22:00:00Z,6.277132920082367,131.77767463941734,22.497552490234398,20.116920159684597,1021.306953125,10000,Sem Info,Broken,NA,18.997766113281273,0.8640925959042967
2026-06-27T23:00:00Z,4.529784836004081,138.9180420389304,22.457086181640648,20.029153703071795,1021.813671875,10000,Sem Info,Broken,NA,18.997766113281273,0.8615260653448715
2026-06-28T00:00:00Z,2.491240216172169,134.49566007236808,22.487512207031273,19.42763730970178,1021.8453125,10000,Sem Info,Few,NA,18.997766113281273,0.8284051683312386
