datetime,temp_ar_wrf,temp_orvalho_wrf,pressao_wrf,vel_vento_wrf,umidade_relativa_wrf
2026-06-01T00:00:00Z,20.117425537109398,17.60870179544242,10.165090625,3.810873992710113,85.62864
2026-06-01T01:00:00Z,20.499597167968773,17.26961921238691,10.161234375,3.919919730262756,84.14264
2026-06-01T02:00:00Z,20.101129150390648,17.30903598724931,10.1618375,4.100097949943542,86.45853
2026-06-01T03:00:00Z,20.120996093750023,17.174276962347385,10.16311796875,3.8899258669281007,85.755135
2026-06-01T04:00:00Z,19.859002685546898,17.177745020735482,10.15762109375,4.157534397735596,86.4986
2026-06-01T05:00:00Z,19.731958007812523,17.272989734693876,10.15490546875,3.8663595579528813,87.73032
2026-06-01T06:00:00Z,19.693078613281273,17.16827941436078,10.15152578125,4.299106507873535,87.66367
2026-06-01T07:00:00Z,19.377862548828148,17.063516984264574,10.15451328125,3.5890923163223265,88.20013
2026-06-01T08:00:00Z,19.207177734375023,16.89790574440542,10.15307421875,4.173695277976989,88.16349
2026-06-01T09:00:00Z,19.133782958984398,16.760371142774844,10.1544546875,4.690602452964783,87.55189
2026-06-01T10:00:00Z,19.386590576171898,16.613710779958524,10.16010546875,3.4990129388809206,86.338524
2026-06-01T11:00:00Z,20.939721679687523,16.47901467975289,10.16309140625,4.1590025996398925,79.80166
2026-06-01T12:00:00Z,22.592950439453148,16.768586507047704,10.168053125,2.95580627286911,74.78821
2026-06-01T13:00:00Z,24.187005615234398,16.27642404668342,10.1611484375,2.0546192631912232,66.59376
2026-06-01T14:00:00Z,25.672204589843716,15.754040427784496,10.16116953125,2.0582024080848695,59.520405
2026-06-01T15:00:00Z,26.782647705078148,15.488822749907532,10.152085937499999,1.4534715708446502,54.971764
2026-06-01T16:00:00Z,26.451715087890648,16.554748017541918,10.148292968749999,6.494388597068786,60.962845
2026-06-01T17:00:00Z,26.594903564453148,16.58607440179162,10.1443984375,6.315593768386841,59.98056
2026-06-01T18:00:00Z,25.728448486328148,16.777935109466725,10.139738281249999,7.859657405548096,63.571205
2026-06-01T19:00:00Z,24.397821044921898,17.444473936148377,10.147103125,8.447296875686646,70.5073
2026-06-01T20:00:00Z,23.173638916015648,17.926470922033,10.1474953125,8.077230282821658,76.68258
2026-06-01T21:00:00Z,22.596368408203148,18.52532006143233,10.15971328125,6.670192335128785,81.60468
2026-06-01T22:00:00Z,22.466058349609398,18.43072640734425,10.163009375,4.42318671634674,81.37976
2026-06-01T23:00:00Z,22.173730468750023,18.388204190431612,10.1679453125,2.8968891100883485,81.83897
2026-06-02T00:00:00Z,21.956628417968773,18.650341663444973,10.17236796875,2.4419330574035643,84.150276
2026-06-02T00:00:00Z,20.323999023437523,18.175208315316212,10.1771203125,2.2280837496376042,87.66481
2026-06-02T01:00:00Z,20.925347900390648,17.685881692937716,10.174690625,2.573322065792084,84.217384
2026-06-02T02:00:00Z,20.636712646484398,17.435514610863375,10.17699453125,3.3858119304084773,84.41245
2026-06-02T03:00:00Z,20.450524902343716,17.197937123244415,10.17910859375,4.126479239463806,83.83458
2026-06-02T04:00:00Z,20.093438720703148,17.23911272340084,10.17696953125,2.1836085400581355,85.92814
2026-06-02T05:00:00Z,19.670007324218773,17.35873236245011,10.17291640625,3.259117414188385,89.037895
2026-06-02T06:00:00Z,19.538018798828148,17.462892956735775,10.16854609375,2.7753205557250973,90.480515
2026-06-02T07:00:00Z,19.599420166015648,17.40956604562959,10.17201171875,2.5928906760215757,90.27596
2026-06-02T08:00:00Z,19.663385009765648,17.314247043790576,10.17336953125,3.2983501048469543,89.12336
2026-06-02T09:00:00Z,19.523339843750023,17.328236855865462,10.1769734375,2.5826046889114385,89.72235
2026-06-02T10:00:00Z,19.870874023437523,17.328276196815228,10.1845203125,4.227090926399231,88.005844
2026-06-02T11:00:00Z,20.095086669921898,17.156457707163767,10.19113671875,4.326330808525086,86.15119
2026-06-02T12:00:00Z,20.627496337890648,15.737894784577,10.20167578125,2.7824511600494386,77.05087
2026-06-02T13:00:00Z,22.179406738281273,15.060986751499476,10.197684375,1.8007329515075685,68.65367
2026-06-02T14:00:00Z,22.940484619140648,15.767991591230556,10.1986578125,2.268396273136139,69.39451
2026-06-02T15:00:00Z,23.781518554687523,15.18136284609823,10.19167421875,4.041477857055664,64.56275
2026-06-02T16:00:00Z,23.816003417968773,15.808733994301978,10.1877,5.2441585984039305,67.383026
2026-06-02T17:00:00Z,23.716790771484398,15.332289316148758,10.1829265625,2.276676459159851,63.93644
2026-06-02T18:00:00Z,24.464959716796898,15.698506509853244,10.17675859375,4.289966394882202,62.960037
2026-06-02T19:00:00Z,22.621789550781273,16.303924522777237,10.18269296875,5.675851668548584,72.012985
2026-06-02T20:00:00Z,22.785791015625023,16.337524502302866,10.18176875,1.090845860452652,69.8703
2026-06-02T21:00:00Z,22.276971435546898,16.924547656995866,10.19027265625,4.38889530368805,74.277534
2026-06-02T22:00:00Z,21.434747314453148,17.906739240309776,10.1961421875,4.415409602661133,83.29913
2026-06-02T23:00:00Z,21.281304931640648,16.7660964018358,10.200970312499999,3.5810915891838073,77.85096
2026-06-03T00:00:00Z,21.073419189453148,16.378023462962886,10.205386718749999,0.7017954702615737,76.259636
2026-06-03T00:00:00Z,19.115563964843716,17.635373353653364,10.2113046875,1.368997360048294,91.32019
2026-06-03T01:00:00Z,19.135400390625023,17.516001800112132,10.20762421875,2.6891401626968388,93.59082
2026-06-03T02:00:00Z,19.132104492187523,17.482220997475494,10.20976796875,2.010591048793793,92.99159
2026-06-03T03:00:00Z,19.037408447265648,17.206243115308343,10.21251328125,1.9100741368865968,91.54223
2026-06-03T04:00:00Z,18.697991943359398,16.992859725703955,10.20887890625,2.202021775493622,92.45464
2026-06-03T05:00:00Z,18.413507080078148,16.650283935097395,10.2058484375,1.7787299670505523,92.14435
2026-06-03T06:00:00Z,18.184350585937523,16.541006729125034,10.20169296875,1.3089367562484742,92.82753
2026-06-03T07:00:00Z,18.129052734375023,16.47909392355318,10.20456796875,1.3363626565933229,92.48383
2026-06-03T08:00:00Z,17.867517089843716,16.387328601390028,10.20367734375,1.5429966649913789,93.67146
2026-06-03T09:00:00Z,17.712609863281273,16.107543699088925,10.204284375,1.5831714286994933,92.79855
2026-06-03T10:00:00Z,17.847680664062523,15.840138596160282,10.21013984375,0.9033132492017745,90.9779
2026-06-03T11:00:00Z,19.398248291015648,15.635936066942376,10.215453125,1.7112004421997071,83.04085
2026-06-03T12:00:00Z,21.121728515625023,15.73028195674981,10.22387421875,1.2864088015556336,76.34485
2026-06-03T13:00:00Z,22.670953369140648,15.567645299075227,10.21822421875,0.8785124317598343,69.701805
2026-06-03T14:00:00Z,24.036157226562523,15.092106339996482,10.21661796875,1.575693238697052,62.774082
2026-06-03T15:00:00Z,25.005334472656273,14.942684486600928,10.20851953125,3.3840128269386294,59.42343
2026-06-03T16:00:00Z,25.093316650390648,14.56490315818392,10.205139843749999,5.306997917976379,58.032887
2026-06-03T17:00:00Z,25.060357666015648,15.699446825596649,10.199090625,6.439649414138794,62.482666
2026-06-03T18:00:00Z,24.528527832031273,15.656581929280575,10.19471015625,4.63467081943512,63.4321
2026-06-03T19:00:00Z,24.441583251953148,15.098935607099564,10.19985546875,7.391151304512023,60.35443
2026-06-03T20:00:00Z,23.054589843750023,16.349664724510834,10.203759374999999,6.830291225357056,69.65713
2026-06-03T21:00:00Z,22.226434326171898,17.030754988619385,10.214059375,5.771217128982544,75.55423
2026-06-03T22:00:00Z,21.790429687500023,17.51259176726967,10.2190515625,4.323650227775574,79.45897
2026-06-03T23:00:00Z,21.393670654296898,17.98466696196466,10.22558359375,4.2415824684906,83.55623
2026-06-04T00:00:00Z,20.384881591796898,17.516751138579412,10.228159375,3.233454700126648,86.83182
2026-06-04T00:00:00Z,19.112695312500023,17.52438138466705,10.2333390625,2.3011026951026916,90.6843
2026-06-04T01:00:00Z,19.782678222656273,17.400722821728213,10.23100859375,1.1894987862300872,88.42164
2026-06-04T02:00:00Z,19.463647460937523,17.298836378168797,10.23101953125,2.319773143939972,89.43883
2026-06-04T03:00:00Z,19.008782958984398,16.901793255072825,10.232489062500001,2.4247199194526674,90.01242
2026-06-04T04:00:00Z,18.603387451171898,17.039919777129786,10.231121875,1.5712618688869477,93.37938
2026-06-04T05:00:00Z,18.216333007812523,17.277439257305385,10.22620703125,1.4005940568065642,97.301216
2026-06-04T06:00:00Z,17.577447509765648,17.148697538391914,10.222059375,1.3934220897865295,100
2026-06-04T07:00:00Z,17.534509277343716,17.059839676532953,10.22648828125,1.2331664384174348,100
2026-06-04T08:00:00Z,16.745629882812523,16.135049414051025,10.225851562499999,2.1452404108428955,100
2026-06-04T09:00:00Z,16.840539550781273,16.197960247395486,10.22801484375,3.064593406677246,100
2026-06-04T10:00:00Z,16.700280761718773,16.11186294763504,10.2361515625,0.42627481769800185,100
2026-06-04T11:00:00Z,17.998803710937523,16.073661489400983,10.240196874999999,1.355853523492813,93.871346
2026-06-04T12:00:00Z,19.566339111328148,15.919956700963253,10.248479687500001,1.6657896478366852,83.891464
2026-06-04T13:00:00Z,21.165307617187523,15.556432314529731,10.2420546875,2.0816688441085818,75.45772
2026-06-04T14:00:00Z,22.061853027343716,15.794342000974904,10.24276171875,4.9557992026138304,73.208595
2026-06-04T15:00:00Z,23.162988281250023,16.430238184683272,10.23341875,6.338980723152161,72.3107
2026-06-04T16:00:00Z,24.033593750000023,15.757726983474,10.227882812499999,8.35018607170105,65.86819
2026-06-04T17:00:00Z,24.016473388671898,15.754776546080686,10.22202265625,9.463201757736206,66.08862
2026-06-04T18:00:00Z,23.575402832031273,15.067128167948484,10.21677109375,9.688013686065673,63.94402
2026-06-04T19:00:00Z,23.036340332031273,15.28867134661437,10.22181640625,9.445103203201294,66.13335
2026-06-04T20:00:00Z,22.239678955078148,15.315922834167257,10.22346875,8.265108220443725,67.72581
2026-06-04T21:00:00Z,21.771936035156273,15.389547948102548,10.2283765625,6.166530491714478,69.003235
2026-06-04T22:00:00Z,21.363214111328148,15.964696739997017,10.22731796875,5.594112493591308,73.01317
2026-06-04T23:00:00Z,20.922753906250023,15.719914935653442,10.23010859375,4.1379268579101565,73.53923
2026-06-05T00:00:00Z,20.420495605468773,15.758092161369415,10.23269140625,2.5799185467910766,75.74765
2026-06-05T00:00:00Z,18.880303955078148,15.971168075162913,10.2377,3.0611798835945128,83.219124
2026-06-05T01:00:00Z,18.777490234375023,16.134663465283108,10.23879296875,3.326327507801056,87.37419
2026-06-05T02:00:00Z,18.560540771484398,16.410527153853554,10.231568750000001,1.9703563844871521,89.873
2026-06-05T03:00:00Z,18.060876464843716,16.765182885982565,10.2314796875,2.2405354272460936,95.043915
2026-06-05T04:00:00Z,17.862878417968773,16.604610067382694,10.22671328125,1.6340588988685607,95.151436
2026-06-05T05:00:00Z,17.551446533203148,16.22883546405913,10.22334921875,0.9154037852907181,94.64621
2026-06-05T06:00:00Z,17.926721191406273,16.037129072619987,10.217807031249999,1.5452255002212525,91.88259
2026-06-05T07:00:00Z,17.545404052734398,15.97352830874178,10.2181515625,0.02538633999943719,92.68516
2026-06-05T08:00:00Z,17.289636230468773,15.853277821858663,10.21732109375,0.7387254058027266,93.51379
2026-06-05T09:00:00Z,16.860894775390648,15.980609134434289,10.21732421875,0.9854847628116608,97.55338
2026-06-05T10:00:00Z,16.174493408203148,15.623575226979217,10.221993750000001,0.6754087352323532,100
2026-06-05T11:00:00Z,18.258752441406273,15.259743345225738,10.22345546875,1.0391897624874116,87.03016
2026-06-05T12:00:00Z,20.003503417968773,14.090826340634363,10.22830703125,0.9188877524042129,73.45158
2026-06-05T13:00:00Z,21.698968505859398,13.025210450714397,10.22084375,1.1108112976646423,62.283207
2026-06-05T14:00:00Z,22.663751220703148,12.454460583539342,10.220798437500001,4.599443706130981,57.76681
2026-06-05T15:00:00Z,23.464837646484398,12.328258134871636,10.2118671875,5.0084176494598385,55.151897
2026-06-05T16:00:00Z,22.983178710937523,12.732575594023842,10.206919531250001,6.988710118141174,58.61966
2026-06-05T17:00:00Z,23.062890625000023,13.912657176171711,10.20040625,6.611270537872315,62.805912
2026-06-05T18:00:00Z,23.232354736328148,13.467689919613164,10.192878125,7.376415525550843,59.524075
2026-06-05T19:00:00Z,22.629602050781273,13.263796641428144,10.1957140625,7.497765100936888,59.838497
2026-06-05T20:00:00Z,21.682092285156273,13.622617891243396,10.1930890625,6.73219652217865,63.265495
2026-06-05T21:00:00Z,21.023034667968773,13.971369735272308,10.1978015625,5.561272598724365,66.46723
2026-06-05T22:00:00Z,20.967767333984398,13.654087121540217,10.19758828125,5.281626944160461,65.355316
2026-06-05T23:00:00Z,20.886804199218773,13.621615681964528,10.20096875,4.041786049690247,65.149895
2026-06-06T00:00:00Z,20.182000732421898,14.546254484936329,10.20242421875,4.5142995818710325,72.8238
2026-06-06T00:00:00Z,17.959741210937523,13.909222543623503,10.2055609375,2.3052690887641907,77.064926
2026-06-06T01:00:00Z,17.779901123046898,14.277512231025025,10.20283203125,3.9945130071258546,82.549904
2026-06-06T02:00:00Z,17.740991210937523,14.144750385178254,10.1969625,1.3873764162254334,81.43729
2026-06-06T03:00:00Z,17.442224121093716,14.10118821883394,10.1931765625,0.5491175921916961,82.45632
2026-06-06T04:00:00Z,17.151879882812523,14.078397347759411,10.189060937499999,0.6672206014823913,83.84877
2026-06-06T05:00:00Z,16.823358154296898,14.336624143625404,10.18193828125,1.1395891904354096,87.51611
2026-06-06T06:00:00Z,16.270989990234398,13.933269442277952,10.17752421875,1.5217200187397004,88.821915
2026-06-06T07:00:00Z,16.261193847656273,13.78898006204838,10.17823125,1.2498915660762786,87.82808
2026-06-06T08:00:00Z,16.011010742187523,13.996396383973678,10.174603124999999,1.8407849016094209,90.49743
2026-06-06T09:00:00Z,15.843774414062523,12.74227083798295,10.176021875,1.649614168996811,84.02149
2026-06-06T10:00:00Z,15.992639160156273,12.653314859601943,10.179408593749999,1.4599341154956818,83.19176
2026-06-06T11:00:00Z,17.430566406250023,12.24198418239466,10.17836953125,1.607618172197342,75.2385
2026-06-06T12:00:00Z,19.590753173828148,12.237439303068552,10.17986640625,1.3381135615158082,66.544876
2026-06-06T13:00:00Z,21.124902343750023,11.906063614020786,10.171128125000001,2.246244406147003,60.316013
2026-06-06T14:00:00Z,22.649774169921898,11.439207924163869,10.16841171875,1.295373615503311,53.654686
2026-06-06T15:00:00Z,23.734185791015648,11.579786999140028,10.15861875,2.5351824162292482,51.161945
2026-06-06T16:00:00Z,24.324304199218773,11.334692932711311,10.15267734375,3.7845265348625183,48.74392
2026-06-06T17:00:00Z,24.700433349609398,10.713314572699872,10.144703125,4.317659241027832,45.513023
2026-06-06T18:00:00Z,24.437890625000023,11.047281127376312,10.136292187499999,5.0386297966003415,46.89073
2026-06-06T19:00:00Z,23.773309326171898,12.052924992078692,10.13691796875,5.201715142974853,51.322372
2026-06-06T20:00:00Z,22.818414306640648,13.133200567662758,10.1321265625,5.182986299743653,56.92707
2026-06-06T21:00:00Z,21.965631103515648,13.423695241066842,10.13637421875,6.0018518125915525,60.22953
2026-06-06T22:00:00Z,21.138513183593716,13.442092513149973,10.13605859375,4.8759230868911745,63.19667
2026-06-06T23:00:00Z,20.620507812500023,13.42137149787902,10.1393953125,3.942888655319214,64.77915
2026-06-07T00:00:00Z,20.085137939453148,12.876049861985416,10.140771875,2.7899263376426697,64.438034
2026-06-07T00:00:00Z,18.084558105468773,13.77562240697226,10.147173437500001,1.6564651985740662,75.79605
2026-06-07T01:00:00Z,18.151422119140648,13.514298178914204,10.15339140625,2.4436591678810125,76.58838
2026-06-07T02:00:00Z,18.031671142578148,13.255727913628233,10.1453515625,1.6012148329734803,75.16988
2026-06-07T03:00:00Z,17.649621582031273,12.937203001776536,10.14946953125,1.97508053730011,75.36484
2026-06-07T04:00:00Z,17.217248535156273,12.662820670454632,10.140934375,1.646238880338669,76.23486
2026-06-07T05:00:00Z,16.948419189453148,12.90111884774202,10.13737109375,2.3499931696891783,78.58115
2026-06-07T06:00:00Z,16.486718750000023,12.736604484308408,10.13051171875,1.5284583146953583,80.49271
2026-06-07T07:00:00Z,16.406671142578148,12.09192719416856,10.13325078125,1.1184113743782043,75.936195
2026-06-07T08:00:00Z,15.878869628906273,12.209621688594767,10.13325,2.3743772319030763,80.954
2026-06-07T09:00:00Z,15.671258544921898,11.653064685093598,10.13397109375,2.002030940437317,78.942535
2026-06-07T10:00:00Z,15.200402832031273,12.487712746857133,10.139053125,2.433374802837372,87.21194
2026-06-07T11:00:00Z,17.602807617187523,12.13778025077321,10.1408171875,2.4301795635604857,73.798645
2026-06-07T12:00:00Z,20.212976074218773,11.99631463252541,10.1463140625,2.3299715394592284,62.884136
2026-06-07T13:00:00Z,23.203942871093716,10.935938256244553,10.1390609375,2.6695683083343504,49.270077
2026-06-07T14:00:00Z,25.510827636718773,9.871656081406211,10.13782890625,3.467889885540008,40.388973
2026-06-07T15:00:00Z,26.722619628906273,9.31491072412584,10.130332812499999,3.1124362580299376,36.429222
2026-06-07T16:00:00Z,26.217675781250023,11.728017760992682,10.12893828125,5.684431473426819,44.757946
2026-06-07T17:00:00Z,26.406854248046898,12.08254983018907,10.1260765625,5.662362100105286,45.03071
2026-06-07T18:00:00Z,26.240869140625023,9.340727801170631,10.123290625,7.303308525047302,37.37244
2026-06-07T19:00:00Z,25.122064208984398,11.19036973146987,10.1299,6.613191528053283,44.49399
2026-06-07T20:00:00Z,23.511773681640648,13.264334267663893,10.13303984375,4.5605451611709595,54.968346
2026-06-07T21:00:00Z,22.441827392578148,13.971878022064605,10.1433109375,2.3066856162643434,60.626774
2026-06-07T22:00:00Z,21.803063964843716,14.742736970201957,10.146846875,1.0358483055019378,65.83043
2026-06-07T23:00:00Z,21.070550537109398,15.500719881648047,10.152990625,1.577770063123703,72.17427
2026-06-08T00:00:00Z,20.225335693359398,15.699769492605276,10.15672890625,2.0495635136413575,77.23039
2026-06-08T00:00:00Z,18.083489990234398,14.348942645725566,10.16237890625,2.2800336733627318,78.72038
2026-06-08T01:00:00Z,18.201623535156273,13.98813604870296,10.1611484375,3.9458134729385375,79.13586
2026-06-08T02:00:00Z,18.144097900390648,13.734572918868084,10.1608265625,2.0970356069374083,77.24958
2026-06-08T03:00:00Z,17.771081542968773,13.827333849012128,10.167307812499999,1.735031032152176,79.09558
2026-06-08T04:00:00Z,17.293267822265648,13.825420723248548,10.158,1.6567754767227172,81.82981
2026-06-08T05:00:00Z,16.841088867187523,13.752074517309966,10.15877578125,1.8031280485534669,84.04756
2026-06-08T06:00:00Z,16.617578125000023,13.485707125657331,10.15676171875,0.5291184970998765,82.79869
2026-06-08T07:00:00Z,16.385583496093716,14.03525031956847,10.15567265625,2.347242376632691,87.53664
2026-06-08T08:00:00Z,15.731225585937523,12.940061262689465,10.15521875,3.4113321343421936,85.92797
2026-06-08T09:00:00Z,15.580804443359398,12.082287900377214,10.1591671875,1.24480094209671,81.698524
2026-06-08T10:00:00Z,15.993218994140648,11.920628131498033,10.1649109375,0.7338603069972992,78.80313
2026-06-08T11:00:00Z,17.508142089843716,11.886737738094151,10.1680109375,1.477378745508194,72.87736
2026-06-08T12:00:00Z,19.715386962890648,12.349414115145407,10.17339609375,0.2935222017288208,66.07606
2026-06-08T13:00:00Z,22.089593505859398,11.4482955188234,10.167734375,1.0883996683120727,54.567356
2026-06-08T14:00:00Z,23.449029541015648,12.239693790795659,10.166678124999999,2.1466363149261474,53.786278
2026-06-08T15:00:00Z,24.678643798828148,12.159364195901668,10.157732812499999,2.5620151036834717,49.98333
2026-06-08T16:00:00Z,25.833367919921898,10.198663195306006,10.15099765625,3.5707400242424012,40.976627
2026-06-08T17:00:00Z,25.889916992187523,10.825553709351553,10.1442859375,5.156297281036377,42.639645
2026-06-08T18:00:00Z,25.354180908203148,13.2100953860207,10.13665546875,5.4553970742797855,51.21059
2026-06-08T19:00:00Z,24.850579833984398,14.101349811505466,10.13904609375,5.970238199996947,54.94063
2026-06-08T20:00:00Z,23.447656250000023,14.80446161429505,10.13679609375,7.4578131396484375,61.064854
2026-06-08T21:00:00Z,22.323266601562523,15.358095004680443,10.14142421875,6.752181771774292,67.01653
2026-06-08T22:00:00Z,21.604852294921898,15.412059170720244,10.14217109375,4.817652433471681,69.906395
2026-06-08T23:00:00Z,21.195489501953148,15.703293020489394,10.145046875,2.669970117378235,72.50921
2026-06-09T00:00:00Z,20.691064453125023,15.573416430542352,10.1475859375,1.608457475748062,72.77594
2026-06-09T00:00:00Z,18.859521484375023,15.243677085303222,10.151619531249999,2.5841143693733217,79.48541
2026-06-09T01:00:00Z,18.752221679687523,14.844813861603225,10.1446125,1.4097019601917267,80.31723
2026-06-09T02:00:00Z,18.523278808593716,14.753097204482811,10.1519265625,0.7320250546169281,79.42539
2026-06-09T03:00:00Z,18.098779296875023,14.469061411104516,10.148178125,1.687446436958313,79.46098
2026-06-09T04:00:00Z,17.725122070312523,14.591395009142854,10.14605078125,1.8450771212863923,81.47566
2026-06-09T05:00:00Z,17.283685302734398,15.825486345671584,10.13843984375,2.2719166208839416,92.83938
2026-06-09T06:00:00Z,16.898126220703148,14.68996231783134,10.13323515625,1.4024089174938201,88.03228
2026-06-09T07:00:00Z,16.351007080078148,14.478634135200842,10.133934375,0.5863999216794967,91.166435
2026-06-09T08:00:00Z,16.323022460937523,15.176300184592549,10.13148046875,1.322834622001648,94.3278
2026-06-09T09:00:00Z,16.183862304687523,14.87515807937649,10.13633125,1.4333728924560547,93.27315
2026-06-09T10:00:00Z,16.517510986328148,15.266219559429306,10.1385,1.8299428932762145,94.77563
2026-06-09T11:00:00Z,18.007928466796898,15.252871837627078,10.1400828125,1.1016002771949769,87.650955
2026-06-09T12:00:00Z,20.237817382812523,14.561270939322268,10.14276953125,0.8607944835424423,73.75886
2026-06-09T13:00:00Z,22.807061767578148,13.74494337087427,10.1347765625,1.1983420610523223,60.27437
2026-06-09T14:00:00Z,25.402124023437523,12.868894472578438,10.131960156249999,1.7497713297271729,48.952007
2026-06-09T15:00:00Z,27.554010009765648,13.452310941896467,10.121703125,4.735518401184082,45.281357
2026-06-09T16:00:00Z,28.692712402343716,12.18261954043682,10.11330703125,4.032065700340271,38.88846
2026-06-09T17:00:00Z,29.188134765625023,10.804992148945448,10.1053640625,2.6894775525283814,34.295635
2026-06-09T18:00:00Z,29.598352050781273,8.997957569960063,10.0964640625,2.708603570327759,29.300537
2026-06-09T19:00:00Z,29.388543701171898,9.08532423643689,10.098303906249999,1.5962325398635864,29.175283
2026-06-09T20:00:00Z,26.909997558593716,12.638549067077316,10.0968578125,3.6961443024253846,42.352028
2026-06-09T21:00:00Z,24.669976806640648,15.66611578584195,10.1037875,3.7329235016441347,59.04937
2026-06-09T22:00:00Z,24.028710937500023,14.64795148726797,10.10804921875,4.102184390907287,56.478287
2026-06-09T23:00:00Z,22.957604980468773,17.93456304330476,10.11584296875,5.77322849143982,75.05591
2026-06-10T00:00:00Z,22.477441406250023,16.99050793112722,10.1240984375,4.396910165977479,72.129684
2026-06-10T00:00:00Z,20.359613037109398,13.795744927526815,10.12515546875,2.7384122863578795,65.81481
2026-06-10T01:00:00Z,20.436761474609398,12.946764312955668,10.12364609375,3.2756411738777165,63.773052
2026-06-10T02:00:00Z,19.937280273437523,12.845688474191189,10.1228890625,3.7545565390777593,64.86401
2026-06-10T03:00:00Z,19.546868896484398,12.34190689590007,10.127165625,3.1101479856491094,63.524033
2026-06-10T04:00:00Z,19.244805908203148,12.03017732497927,10.1232203125,3.470226588191986,62.79976
2026-06-10T05:00:00Z,19.130395507812523,11.287679014173657,10.118119531249999,3.096057325706482,57.693264
2026-06-10T06:00:00Z,19.036340332031273,10.748094159623852,10.11644375,3.1442046621131894,57.251778
2026-06-10T07:00:00Z,18.823754882812523,10.759340842615089,10.118670312499999,2.5658890619277956,57.156773
2026-06-10T08:00:00Z,18.460748291015648,11.004181962712185,10.117359375,2.064402641410828,61.395397
2026-06-10T09:00:00Z,18.127832031250023,10.784356306734312,10.12236484375,2.9711609860610966,61.58178
2026-06-10T10:00:00Z,18.240930175781273,10.53342312412535,10.12938984375,1.5402127354335784,60.969498
2026-06-10T11:00:00Z,19.618310546875023,11.632544838075756,10.134339062499999,0.9802885886478424,62.355106
2026-06-10T12:00:00Z,21.803277587890648,11.711506470656207,10.140328125,0.4952368879556655,55.520077
2026-06-10T13:00:00Z,23.766625976562523,12.05629452476818,10.13244609375,0.4008793101263045,51.216774
2026-06-10T14:00:00Z,25.305383300781273,12.136927323655618,10.132094531249999,0.9666110922145844,47.532818
2026-06-10T15:00:00Z,26.255181884765648,12.144352596499791,10.12225625,2.9051088162040712,45.451866
2026-06-10T16:00:00Z,26.463220214843716,10.677099223451718,10.11656875,4.700110079879761,40.960987
2026-06-10T17:00:00Z,26.177972412109398,13.254019086934797,10.110053125,5.7721579275512696,49.495747
2026-06-10T18:00:00Z,25.631402587890648,14.528760313174615,10.10425234375,7.173323994522096,55.18026
2026-06-10T19:00:00Z,24.369622802734398,16.338140971998772,10.10943203125,7.956897974853516,65.9646
2026-06-10T20:00:00Z,22.904595947265648,17.59275946046725,10.10818984375,8.137184641265868,76.33353
2026-06-10T21:00:00Z,22.063256835937523,18.51601566603676,10.11835078125,7.700576709632873,84.09509
2026-06-10T22:00:00Z,21.714105224609398,19.26361504325077,10.12175078125,6.527729015312195,89.5853
2026-06-10T23:00:00Z,21.683892822265648,19.480798065929378,10.129990625,5.444253013992309,90.89666
2026-06-11T00:00:00Z,21.444635009765648,19.57828423292554,10.133871875,4.461617642707825,91.87437
2026-06-11T00:00:00Z,20.114892578125023,17.797546109636837,10.1428234375,1.162275991783142,86.69152
2026-06-11T01:00:00Z,20.425683593750023,17.63341246664633,10.13974765625,1.787516237821579,86.70971
2026-06-11T02:00:00Z,20.109521484375023,16.91808082933074,10.13331796875,2.202704665489197,84.58323
2026-06-11T03:00:00Z,19.946771240234398,16.465125192184086,10.145497656249999,2.5466976980209353,82.852486
2026-06-11T04:00:00Z,19.750146484375023,16.399635660899417,10.132278125000001,1.3269580309009552,83.273636
2026-06-11T05:00:00Z,19.521966552734398,16.55849715088392,10.132582031250001,1.3443857450771333,85.42882
2026-06-11T06:00:00Z,19.380456542968773,16.504391156241244,10.128915625,0.1838206134498119,85.90862
2026-06-11T07:00:00Z,19.171777343750023,16.531334637229858,10.13213125,1.5273892570114136,87.411446
2026-06-11T08:00:00Z,19.240777587890648,16.220371475867616,10.13571953125,1.3549243111133575,85.26761
2026-06-11T09:00:00Z,19.449670410156273,16.15139229392119,10.1398765625,1.232698356370926,83.37705
2026-06-11T10:00:00Z,19.679437255859398,16.37699700339692,10.1495609375,2.349194881248474,83.4029
2026-06-11T11:00:00Z,19.642999267578148,16.572222790188757,10.15465703125,2.17250781211853,85.336429999999993
2026-06-11T12:00:00Z,19.721490478515648,16.94620897282944,10.1619515625,2.0325148995780946,87.35277
2026-06-11T13:00:00Z,19.765679931640648,17.36636882388843,10.15737421875,2.3055149477005004,89.82062
2026-06-11T14:00:00Z,19.783135986328148,17.551039347589544,10.15277109375,2.1373571676635743,91.19947
2026-06-11T15:00:00Z,19.820306396484398,17.133347954624742,10.14003125,1.923658132772446,88.963104
2026-06-11T16:00:00Z,20.523706054687523,16.93022524321535,10.13389921875,1.236230522031784,84.11267
2026-06-11T17:00:00Z,21.378686523437523,16.79249998707048,10.12567734375,0.5095119421005249,79.57668
2026-06-11T18:00:00Z,21.977227783203148,16.850263392523864,10.1188984375,1.743547692298889,76.905876
2026-06-11T19:00:00Z,21.796136474609398,17.25152580960203,10.12185,2.8160223751831053,79.915985
2026-06-11T20:00:00Z,21.773004150390648,16.71415474523484,10.11823515625,2.3582290964698793,75.38435
2026-06-11T21:00:00Z,20.724023437500023,17.702162748439555,10.1254234375,1.6901395307922364,85.56344
2026-06-11T22:00:00Z,20.228753662109398,17.744195786572448,10.1261328125,1.276581395816803,88.238075
2026-06-11T23:00:00Z,20.030358886718773,17.63697761230814,10.13056875,0.9541313760280609,86.97844
2026-06-12T00:00:00Z,19.704492187500023,17.709199322809578,10.13218046875,0.7447928034687042,88.729965000000007
2026-06-12T00:00:00Z,18.715814208984398,17.87733745401544,10.13543828125,2.1002574944496155,95.12697
2026-06-12T01:00:00Z,18.689752197265648,17.47863575725216,10.133821875,3.1615195268058778,95.11954
2026-06-12T02:00:00Z,18.581750488281273,17.024124187826118,10.13429765625,1.449659598712921,91.540596
2026-06-12T03:00:00Z,18.411157226562523,17.019227370734257,10.13041171875,1.2756502137851715,93.04926
2026-06-12T04:00:00Z,18.142114257812523,16.49642422822541,10.1262234375,1.2013046496486663,91.25332
2026-06-12T05:00:00Z,18.183312988281273,16.495126056558885,10.12031640625,2.785517792625427,90.68677
2026-06-12T06:00:00Z,17.843804931640648,16.330472389212897,10.11546640625,2.7807537833213805,92.79214
2026-06-12T07:00:00Z,17.229364013671898,16.31998159868788,10.11595625,1.8073628007316587,97.47064
2026-06-12T08:00:00Z,17.282647705078148,16.17109034593432,10.11299765625,1.2008617096328735,95.55998
2026-06-12T09:00:00Z,17.105096435546898,16.332141162736903,10.11462578125,2.135669986782074,97.83553
2026-06-12T10:00:00Z,16.403009033203148,15.858880103352636,10.1171890625,1.479423128604889,100
2026-06-12T11:00:00Z,17.541131591796898,15.837933567277616,10.117870312500001,1.3294246147346496,94.66962
2026-06-12T12:00:00Z,20.605310058593716,15.568547256883672,10.12073046875,1.2384833406734466,77.47858
2026-06-12T13:00:00Z,22.918664550781273,15.54953527808039,10.111260156250001,0.9831714642620086,67.639244
2026-06-12T14:00:00Z,25.255975341796898,15.15947765873544,10.10767578125,1.3693897842788696,57.445457
2026-06-12T15:00:00Z,27.303979492187523,15.102102481639893,10.09408359375,1.8024969488239289,50.99092
2026-06-12T16:00:00Z,27.906030273437523,14.751580337601728,10.088255468749999,2.00876946811676,47.71824
2026-06-12T17:00:00Z,27.493432617187523,15.04656840842064,10.0818046875,2.7490092467880247,49.319515
2026-06-12T18:00:00Z,27.935144042968773,15.482395524410208,10.076175,3.5048468169021607,49.43311
2026-06-12T19:00:00Z,26.967614746093716,17.221951980919698,10.08074765625,4.4110156562423715,58.368015
2026-06-12T20:00:00Z,25.608728027343716,18.100676470061973,10.08086953125,4.164131573905945,65.66639
2026-06-12T21:00:00Z,25.048944091796898,18.26830736268058,10.08353984375,3.640760000476837,68.10535
2026-06-12T22:00:00Z,24.429925537109398,18.46832655205329,10.0810921875,3.0471550332069395,71.27246
2026-06-12T23:00:00Z,24.186883544921898,18.035595825720247,10.0871265625,1.9311411889743804,67.85112
2026-06-13T00:00:00Z,23.956994628906273,17.892365970092403,10.08726328125,3.189913569126129,64.8436
2026-06-13T00:00:00Z,21.673883056640648,18.645953641080457,10.09826640625,3.01396986989975,83.13435
2026-06-13T01:00:00Z,21.904840087890648,18.337332187654244,10.09128125,3.7790949293327336,82.57381
2026-06-13T02:00:00Z,21.723718261718773,18.003223989644926,10.09552109375,0.4352203985714912,79.438065
2026-06-13T03:00:00Z,21.340783691406273,17.89668418366345,10.09519921875,0.4343777929568291,78.74436
2026-06-13T04:00:00Z,21.381402587890648,16.899517945512684,10.0912046875,2.618889157848358,69.12247
2026-06-13T05:00:00Z,22.991387939453148,16.18196605481561,10.087940625,6.077602781486512,58.313534
2026-06-13T06:00:00Z,23.926751708984398,16.158259084229936,10.087008593750001,6.852970495681762,55.61866
2026-06-13T07:00:00Z,23.406945800781273,16.109371914021494,10.090034375,5.750495461196899,54.81448
2026-06-13T08:00:00Z,22.256158447265648,16.06575412692622,10.088367187500001,4.664354172897339,58.010452
2026-06-13T09:00:00Z,22.086053466796898,16.00161670079013,10.09405390625,4.6263843768692015,58.399418
2026-06-13T10:00:00Z,22.760491943359398,15.869059840846136,10.10030234375,4.894615781211853,55.897797
2026-06-13T11:00:00Z,25.573815917968773,15.938940712654576,10.10567578125,5.869702055015564,55.38033
2026-06-13T12:00:00Z,27.131311035156273,15.977295911239736,10.1140234375,5.524681559219362,53.057655
2026-06-13T13:00:00Z,28.195458984375023,16.527687935516223,10.10833828125,2.249357151756286,51.695805
2026-06-13T14:00:00Z,29.585870361328148,16.29893686555318,10.112340625,7.289199327201843,46.852386
2026-06-13T15:00:00Z,30.116693115234398,15.880293409016542,10.11303203125,11.534696537322999,45.065704
2026-06-13T16:00:00Z,26.393701171875023,18.102207884932817,10.1111828125,8.699378059082033,64.03809
2026-06-13T17:00:00Z,25.465783691406273,18.6313163328824,10.11181953125,6.7410372480392455,70.90849
2026-06-13T18:00:00Z,25.678369140625023,17.65652629716747,10.10720703125,8.255629790725708,66.74937
2026-06-13T19:00:00Z,24.327416992187523,16.66994784684871,10.11979453125,8.234462286376953,66.99936
2026-06-13T20:00:00Z,23.375421142578148,15.904875932474432,10.12532109375,6.917282188186646,66.32271
2026-06-13T21:00:00Z,22.846246337890648,15.370979603430229,10.13718125,7.007593289413451,65.49546
2026-06-13T22:00:00Z,22.571618652343716,15.331408189225204,10.142809375,6.664903934898375,66.14313
2026-06-13T23:00:00Z,22.396325683593716,15.18364896387156,10.148421875,5.334033132019043,65.99276
2026-06-14T00:00:00Z,22.222833251953148,15.271061567676057,10.153746875000001,4.840042975959778,66.85883
2026-06-14T00:00:00Z,21.673089599609398,18.233530524897866,10.150909375,2.1608565084648133,80.94497
2026-06-14T01:00:00Z,21.895440673828148,17.695287064545134,10.14351953125,1.9204587224674226,79.61509
2026-06-14T02:00:00Z,21.786370849609398,17.814142688496695,10.147771875,2.305259356365204,80.845726
2026-06-14T03:00:00Z,21.484094238281273,17.8422267857913,10.14956796875,3.0956664076805116,82.66404
2026-06-14T04:00:00Z,21.263391113281273,17.77346522410063,10.14981640625,3.071127322254181,83.42616
2026-06-14T05:00:00Z,21.181207275390648,17.653767604469348,10.14432578125,2.8406805666351325,83.0702
2026-06-14T06:00:00Z,20.964715576171898,17.385702153234462,10.14015078125,2.278870419960022,82.34706
2026-06-14T07:00:00Z,20.989892578125023,17.25753686905124,10.14410859375,2.0215316555976868,81.66828
2026-06-14T08:00:00Z,20.924493408203148,17.063050603096645,10.1461609375,2.7898843956375123,81.049416
2026-06-14T09:00:00Z,20.899407958984398,17.11087653415909,10.1505828125,2.327436944694519,81.26911
2026-06-14T10:00:00Z,20.942102050781273,17.316442113619633,10.1551296875,1.3042821205711366,82.33282
2026-06-14T11:00:00Z,21.627404785156273,17.07070559711368,10.15708828125,0.1142784444195031,78.87442
2026-06-14T12:00:00Z,22.617669677734398,17.346025882632492,10.16086015625,1.44792132273674,77.315475
2026-06-14T13:00:00Z,23.536645507812523,17.538819842215986,10.153082812500001,2.2802482495880128,75.45312
2026-06-14T14:00:00Z,24.870965576171898,17.135917697848523,10.14919296875,2.627063677825928,68.46893
2026-06-14T15:00:00Z,25.719140625000023,17.470132679765,10.140096875000001,4.201719025688171,67.17116
2026-06-14T16:00:00Z,26.389611816406273,16.378480361500486,10.13324296875,4.882270464820862,60.15826
2026-06-14T17:00:00Z,26.139489746093716,17.38993165914563,10.12554765625,5.146576931686402,64.810524
2026-06-14T18:00:00Z,26.086297607421898,17.90223624546111,10.11582734375,5.399935376586914,66.580795
2026-06-14T19:00:00Z,25.477960205078148,17.988861526414283,10.1182546875,6.106934378242492,67.99601
2026-06-14T20:00:00Z,24.202539062500023,18.00348526727768,10.11688125,7.196679898300171,72.15102
2026-06-14T21:00:00Z,23.484277343750023,18.28552886893401,10.12377734375,7.4497222719573974,75.9428
2026-06-14T22:00:00Z,23.071679687500023,18.167726607562933,10.12578515625,6.036517690887451,76.902245
2026-06-14T23:00:00Z,23.110070800781273,18.589084272834235,10.13048984375,4.527640847091675,78.30342
2026-06-15T00:00:00Z,22.990625000000023,17.98685800223497,10.12932421875,3.7214538694381716,75.62889
2026-06-15T00:00:00Z,21.077050781250023,19.12073309661216,10.14366015625,1.6798826250171661,88.8836
2026-06-15T01:00:00Z,21.768395996093716,19.00086419044333,10.13782109375,1.068161144618988,87.06096
2026-06-15T02:00:00Z,21.562127685546898,18.93441615068336,10.14049921875,1.9804688104820252,87.47509
2026-06-15T03:00:00Z,21.193963623046898,18.82111073504697,10.1359546875,1.5949971045017242,87.79808
2026-06-15T04:00:00Z,20.930322265625023,18.60034603683599,10.1284265625,2.6612332037734987,88.55179
2026-06-15T05:00:00Z,20.672753906250023,18.28181231134184,10.129942968750001,1.383146414384842,87.95086
2026-06-15T06:00:00Z,20.555627441406273,18.35204042931293,10.12512578125,1.091694201231003,88.84102
2026-06-15T07:00:00Z,20.303277587890648,18.42398279477626,10.124069531249999,2.4869372923851016,90.75964
2026-06-15T08:00:00Z,20.112207031250023,18.466548916477407,10.123911718750001,1.405282292432785,90.722336
2026-06-15T09:00:00Z,19.954614257812523,18.503868966770117,10.128225,2.541743211765289,92.953224
2026-06-15T10:00:00Z,19.775781250000023,18.48227006629195,10.133053125,2.341221729240418,95.51526
2026-06-15T11:00:00Z,21.554986572265648,18.67385213454701,10.13649921875,2.858388434867859,88.187195
2026-06-15T12:00:00Z,22.964318847656273,18.1755320568584,10.14276953125,3.304562387809753,79.83954
2026-06-15T13:00:00Z,24.965509033203148,17.309447766000076,10.13686171875,3.5768077115631107,67.894035
2026-06-15T14:00:00Z,26.029931640625023,17.619836147178663,10.1362046875,3.99836471988678,65.96818
2026-06-15T15:00:00Z,26.569268798828148,17.907023804772948,10.1280453125,4.956685314369202,64.51569
2026-06-15T16:00:00Z,26.132592773437523,18.247468490668112,10.125357031250001,6.439487670936584,67.27766
2026-06-15T17:00:00Z,25.754785156250023,18.24772274116494,10.1226234375,7.13191263683319,68.56499
2026-06-15T18:00:00Z,23.593255615234398,19.181272475194167,10.121224999999999,10.151356517715454,81.6896
2026-06-15T19:00:00Z,23.145135498046898,18.91673142511232,10.127603125,10.974091817779541,82.28478
2026-06-15T20:00:00Z,22.536187744140648,19.043441560479728,10.1300765625,11.609636936416626,84.5156
2026-06-15T21:00:00Z,22.384820556640648,18.869814017215884,10.139384374999999,9.24387704864502,83.63903
2026-06-15T22:00:00Z,22.268914794921898,18.753538932680677,10.14151484375,7.894007212600708,83.153404
2026-06-15T23:00:00Z,22.281610107421898,18.758942867099588,10.1475203125,6.180096065559387,83.01265
2026-06-16T00:00:00Z,21.912377929687523,19.016938191849835,10.1541265625,5.215543028144836,86.327965
2026-06-16T00:00:00Z,20.426995849609398,20.11341634799202,10.15315859375,3.004447876110077,98.55535
2026-06-16T01:00:00Z,21.099877929687523,19.126955017395357,10.143870312499999,3.5117000478553773,91.97927
2026-06-16T02:00:00Z,21.021539306640648,18.8739212661996,10.1513984375,3.6377251140594478,90.76741
2026-06-16T03:00:00Z,20.819177246093716,19.278370682526344,10.148399218749999,3.3238408798599237,94.55486
2026-06-16T04:00:00Z,21.116693115234398,18.74502130933029,10.14429921875,3.2592304953956606,89.06408
2026-06-16T05:00:00Z,20.925531005859398,18.518363644862703,10.1370453125,2.5953731329345704,89.12273
2026-06-16T06:00:00Z,20.989434814453148,18.28188567956252,10.1325140625,1.8359355020904542,87.11315
2026-06-16T07:00:00Z,20.992791748046898,18.48321871198003,10.137296874999999,3.131305294151306,88.3481
2026-06-16T08:00:00Z,20.941827392578148,18.489438030138203,10.13434296875,3.087688621196747,88.6147
2026-06-16T09:00:00Z,20.816491699218773,18.53035562817361,10.1407015625,3.5306576024627687,89.63621
2026-06-16T10:00:00Z,20.888970947265648,18.593753752027784,10.14385234375,4.596953138885498,89.469185
2026-06-16T11:00:00Z,21.141931152343716,18.439449123358067,10.14861328125,5.245953994293213,88.187485
2026-06-16T12:00:00Z,21.730035400390648,17.24454269256305,10.15453125,4.469262210388184,79.378204
2026-06-16T13:00:00Z,21.886224365234398,17.687887032468105,10.15076875,5.324266437911988,81.496895
2026-06-16T14:00:00Z,22.424401855468773,17.441080016808954,10.15271328125,4.429456698532104,78.30055
2026-06-16T15:00:00Z,23.664727783203148,16.24885483741114,10.14421953125,4.996082528915405,68.44315
2026-06-16T16:00:00Z,23.850061035156273,17.103383953166272,10.14000390625,4.99827880695343,72.5967
2026-06-16T17:00:00Z,23.708825683593716,17.018288865981265,10.13556015625,4.568476139450073,71.476875
2026-06-16T18:00:00Z,23.058068847656273,17.291555025991666,10.1330890625,5.863626257362366,75.12993
2026-06-16T19:00:00Z,22.567529296875023,17.988555177391856,10.138846875,5.765341540679931,80.30845
2026-06-16T20:00:00Z,22.068139648437523,18.489145627800166,10.1394078125,6.028519512710571,84.28394
2026-06-16T21:00:00Z,21.594628906250023,18.37040702153994,10.14860625,5.716225830574036,85.6736
2026-06-16T22:00:00Z,20.804132080078148,18.7932824798564,10.1521125,6.636735128097535,92.80535
2026-06-16T23:00:00Z,20.963555908203148,18.20576841632109,10.1568125,7.722749431762696,87.43927
2026-06-17T00:00:00Z,20.749261474609398,18.50152804152373,10.16239765625,5.851160444602966,90.64621
2026-06-17T00:00:00Z,18.952447509765648,18.23431438578494,10.16994609375,2.530919857196808,95.86543
2026-06-17T01:00:00Z,19.456750488281273,17.94684100405081,10.161953125,1.3671807614326477,93.623856
2026-06-17T02:00:00Z,19.714379882812523,17.37537565084816,10.165779687499999,1.8255396779060362,88.84289
2026-06-17T03:00:00Z,19.532769775390648,16.956806403220963,10.16258359375,1.4857446693325043,87.2152
2026-06-17T04:00:00Z,19.119836425781273,16.86717538569053,10.160140625,1.2882861118030549,87.53285
2026-06-17T05:00:00Z,19.081414794921898,16.782041909632213,10.15568984375,0.8543600354003905,87.2111
2026-06-17T06:00:00Z,18.668267822265648,16.81467121936111,10.15547890625,1.7261514925575256,89.50354
2026-06-17T07:00:00Z,18.494927978515648,16.530019085360728,10.156402343749999,1.3677607660675049,89.59181
2026-06-17T08:00:00Z,18.348779296875023,16.534153734354057,10.155753125,2.09121725440979,90.67626
2026-06-17T09:00:00Z,18.517053222656273,16.822643751513016,10.161639062499999,2.1036378810310365,92.632
2026-06-17T10:00:00Z,18.663903808593716,16.542456376449497,10.16824609375,3.5655070059967042,89.85532
2026-06-17T11:00:00Z,19.579248046875023,16.533690194636765,10.172711718750001,3.04513231628418,87.09232
2026-06-17T12:00:00Z,20.871728515625023,16.084969080513158,10.18143671875,2.7844548756217957,79.10506
2026-06-17T13:00:00Z,22.167687988281273,15.483019169610392,10.17675390625,4.233275634231568,72.0119
2026-06-17T14:00:00Z,23.263024902343716,14.787810463382602,10.1779328125,3.9936185533142092,64.8665
2026-06-17T15:00:00Z,24.091119384765648,14.345239477466876,10.17114140625,2.8623277392196655,60.210297
2026-06-17T16:00:00Z,23.083489990234398,16.095107677145283,10.169939843749999,7.451975554046632,72.6661
2026-06-17T17:00:00Z,24.039208984375023,14.250368196033042,10.164184375,6.728752179832457,58.67049
2026-06-17T18:00:00Z,23.913354492187523,14.54059989566584,10.161746875,7.700277785949707,60.920696
2026-06-17T19:00:00Z,22.926721191406273,15.616610042017308,10.16893828125,8.570871462860108,68.358955
2026-06-17T20:00:00Z,21.792230224609398,15.384574984184216,10.1713359375,8.4185186353302,70.42764
2026-06-17T21:00:00Z,21.228479003906273,15.19061352089371,10.180929687499999,7.251251776657105,71.19144
2026-06-17T22:00:00Z,21.082635498046898,14.62425320360424,10.1855,5.410406511001587,69.13673
2026-06-17T23:00:00Z,20.651971435546898,14.372562073279902,10.19201484375,3.783337791843415,68.846596
2026-06-18T00:00:00Z,20.202935791015648,15.193652253121046,10.198146093750001,3.497145708618164,74.42678
2026-06-18T00:00:00Z,18.240380859375023,16.02895672488409,10.199953125,3.411935311355591,86.97057
2026-06-18T01:00:00Z,18.835382080078148,15.66115671775418,10.19890078125,1.7538281180381774,83.19195
2026-06-18T02:00:00Z,18.465844726562523,14.666549488772135,10.20056484375,1.6748550299072267,78.28871
2026-06-18T03:00:00Z,18.111474609375023,14.784385837122487,10.200678125,2.0831141053581237,79.904274
2026-06-18T04:00:00Z,17.962976074218773,13.680525654136362,10.19878984375,2.5229833175468444,73.011986
2026-06-18T05:00:00Z,17.242089843750023,15.328055254062336,10.200496875,1.2810234249210357,89.07983
2026-06-18T06:00:00Z,16.876702880859398,14.86184255015672,10.196459375,1.4998213099861144,88.91155
2026-06-18T07:00:00Z,16.734704589843716,14.434282217614586,10.19937421875,1.9183504994678497,86.1102
2026-06-18T08:00:00Z,16.799371337890648,13.770905346896548,10.199653125,3.6474540371894837,82.95839
2026-06-18T09:00:00Z,16.846612548828148,13.479927361129713,10.201578125,4.744007833786011,80.868416
2026-06-18T10:00:00Z,16.700341796875023,13.139145058682422,10.20903359375,3.502160674781799,81.34569
2026-06-18T11:00:00Z,18.396630859375023,13.000873967383308,10.21447265625,4.460055360946655,74.22046
2026-06-18T12:00:00Z,20.136376953125023,13.429075091754536,10.22239453125,4.354330920410156,69.974335
2026-06-18T13:00:00Z,21.432489013671898,12.754844746989797,10.214988281250001,4.038393613471985,62.852898
2026-06-18T14:00:00Z,22.646264648437523,12.076877487943133,10.2133046875,2.4893907838249207,56.18445
2026-06-18T15:00:00Z,23.339624023437523,12.09947110365001,10.20516953125,2.354621620578766,53.597607000000004
2026-06-18T16:00:00Z,21.425866699218773,13.596993844636902,10.205682812500001,1.7377848376178742,64.94541
2026-06-18T17:00:00Z,22.853082275390648,13.129786646192343,10.201367968749999,2.73082217376709,58.640488
2026-06-18T18:00:00Z,23.025109863281273,12.897632420468645,10.19644609375,3.730615764465332,57.044884
2026-06-18T19:00:00Z,22.877526855468773,12.230823161039533,10.20096640625,4.431644171066285,54.372025
2026-06-18T20:00:00Z,22.150476074218773,12.379105887391232,10.20162734375,5.178901472854614,56.17575
2026-06-18T21:00:00Z,20.938134765625023,12.880342357376945,10.20898125,4.773403849754334,61.80327
2026-06-18T22:00:00Z,20.462762451171898,12.826132980074584,10.2112625,3.0056319846534727,62.81986
2026-06-18T23:00:00Z,19.924645996093716,13.192305577570004,10.2150203125,1.686899568824768,65.660416
2026-06-19T00:00:00Z,18.921594238281273,15.12129851210607,10.2193640625,2.8910246445274357,81.01794
2026-06-19T00:00:00Z,17.731286621093716,13.16721757292266,10.22211796875,2.3657568753623957,74.44413
2026-06-19T01:00:00Z,17.474725341796898,13.572865358339294,10.2209875,4.537648533935547,80.38817
2026-06-19T02:00:00Z,17.221948242187523,13.656912964313264,10.219290625,1.6423186931991578,81.82336
2026-06-19T03:00:00Z,17.086083984375023,13.646238717485147,10.21396015625,1.5193812305736543,82.1212
2026-06-19T04:00:00Z,16.795159912109398,13.958497501010962,10.212315625,1.5643427125167846,85.541336
2026-06-19T05:00:00Z,16.515710449218773,14.427710257937912,10.208171875,0.8726380020761488,89.88698
2026-06-19T06:00:00Z,16.049432373046898,14.361431021209013,10.202400781249999,0.9692778274679184,92.28734
2026-06-19T07:00:00Z,15.818658447265648,13.755024377473818,10.199612499999999,0.5444455772304535,89.888405
2026-06-19T08:00:00Z,15.772790527343716,13.965718133537722,10.19183046875,0.6769528846073151,90.636856
2026-06-19T09:00:00Z,15.355676269531273,13.899515286169056,10.194614843750001,1.6092193835544586,93.63789
2026-06-19T10:00:00Z,15.385217285156273,13.482687929656846,10.19842109375,1.6261307012748718,91.31832
2026-06-19T11:00:00Z,17.070092773437523,12.988719775426397,10.1982453125,1.0586269853305816,80.525856
2026-06-19T12:00:00Z,18.986505126953148,12.2061226973869,10.198401562499999,0.23477981661319725,68.67556
2026-06-19T13:00:00Z,20.865411376953148,12.162935526206873,10.18651484375,0.43180690445423114,61.68732
2026-06-19T14:00:00Z,22.879907226562523,11.369951182295177,10.1816953125,1.178989880838394,52.19701
2026-06-19T15:00:00Z,24.290155029296898,10.52296219219947,10.17034140625,2.2978664407157896,45.713608
2026-06-19T16:00:00Z,25.470391845703148,10.556720988073211,10.16250625,2.21656174785614,42.66281
2026-06-19T17:00:00Z,26.186517333984398,10.56243595632934,10.15351796875,2.6958953744888308,40.746
2026-06-19T18:00:00Z,26.303735351562523,10.737611184121237,10.1435171875,3.111310775604248,40.536915
2026-06-19T19:00:00Z,25.557031250000023,12.25956673885223,10.143725,4.570207116127015,46.319412
2026-06-19T20:00:00Z,24.520349121093716,14.427035878078415,10.13937578125,4.468834911727905,55.37464
2026-06-19T21:00:00Z,23.686059570312523,15.396936080438117,10.142603125,3.3950845894050596,60.906567
2026-06-19T22:00:00Z,22.650537109375023,15.160583291554286,10.14348125,3.633856022014618,63.7076
2026-06-19T23:00:00Z,21.829339599609398,14.096952964510464,10.14648671875,5.507792602844239,62.524315
2026-06-20T00:00:00Z,21.100152587890648,13.495802393815206,10.15043828125,3.23326769903183,62.61154
2026-06-20T00:00:00Z,18.586450195312523,13.804851222000748,10.1548984375,2.7957129440116884,73.574524
2026-06-20T01:00:00Z,18.418572998046898,13.568191119386723,10.14523125,2.0570859628868106,74.9801
2026-06-20T02:00:00Z,18.087915039062523,13.448798717739653,10.14773828125,2.4347762682914733,75.7175
2026-06-20T03:00:00Z,17.705499267578148,13.499046492760016,10.14987109375,1.0109725254154205,76.576485
2026-06-20T04:00:00Z,17.274560546875023,13.989619295621909,10.1419625,1.2175678359413147,81.747116
2026-06-20T05:00:00Z,17.162164306640648,14.680861435050412,10.134075000000001,1.0674263484954833,85.25093
2026-06-20T06:00:00Z,17.026940917968773,14.313523915372684,10.126420312499999,1.549116490163803,83.17131
2026-06-20T07:00:00Z,17.277276611328148,13.458469504634428,10.125309375,1.2212442496585847,72.657394
2026-06-20T08:00:00Z,16.908654785156273,13.919672596420533,10.12073046875,2.489683219242096,78.62898
2026-06-20T09:00:00Z,16.909051513671898,13.067111510678666,10.121974999999999,3.23162987531662,72.8686
2026-06-20T10:00:00Z,16.872033691406273,12.919361842917578,10.12696640625,2.333525023708344,75.837944
2026-06-20T11:00:00Z,18.727532958984398,12.355280645088651,10.12746328125,1.48641214969635,68.67384
2026-06-20T12:00:00Z,21.578820800781273,11.69131295713201,10.130543750000001,0.6397397826004028,55.497295
2026-06-20T13:00:00Z,23.875146484375023,12.6828057032322,10.121804687500001,1.2311529904460907,52.315434
2026-06-20T14:00:00Z,26.168420410156273,11.787120033415258,10.12033359375,0.3763443088316916,43.152107
2026-06-20T15:00:00Z,27.981256103515648,12.75408158073263,10.11027109375,1.4142174457359313,41.75565
2026-06-20T16:00:00Z,29.292138671875023,12.320915571518888,10.1005015625,1.7465249953556061,37.717983
2026-06-20T17:00:00Z,29.987664794921898,12.21796494155655,10.091544531250001,2.0210744645690917,35.898964
2026-06-20T18:00:00Z,29.714685058593716,11.821336739783144,10.082121093749999,2.9037407189750666,35.309624
2026-06-20T19:00:00Z,29.117364501953148,11.82206321645067,10.08410546875,3.735433997135162,35.991978
2026-06-20T20:00:00Z,26.960382080078148,14.349256252740206,10.0787828125,5.503815759239197,47.3944
2026-06-20T21:00:00Z,25.786157226562523,13.688416129248775,10.080715625,2.5381776778793337,47.267014
2026-06-20T22:00:00Z,23.738244628906273,13.150317841353043,10.07835,2.5266329671669006,52.76071
2026-06-20T23:00:00Z,23.188653564453148,14.599108096596224,10.0781234375,2.1294111273384093,57.820015
2026-06-21T00:00:00Z,22.638665771484398,13.44323108959513,10.08547421875,2.885229464378357,52.82711
2026-06-21T00:00:00Z,20.335595703125023,14.45937470064783,10.09009921875,3.157074601154327,68.86664
2026-06-21T01:00:00Z,20.414056396484398,14.195461869456134,10.083725781250001,1.778359093132019,68.34588
2026-06-21T02:00:00Z,20.374597167968773,13.795049229800526,10.08777734375,2.150595084075928,66.33079
2026-06-21T03:00:00Z,20.433648681640648,13.83053641617705,10.084271093749999,1.3353221009349823,65.12719
2026-06-21T04:00:00Z,21.250115966796898,13.012695198427174,10.085909375,4.60234257068634,56.71583
2026-06-21T05:00:00Z,22.068780517578148,14.021733799673374,10.09150859375,15.946950988922119,60.40187
2026-06-21T06:00:00Z,20.959161376953148,16.898272949106985,10.093385156250001,8.072240806274413,78.2746
2026-06-21T07:00:00Z,20.402947998046898,17.65705079886128,10.101220312499999,5.324251607589722,84.60415
2026-06-21T08:00:00Z,20.247949218750023,17.98592034840722,10.10621875,5.808758699455261,87.16637
2026-06-21T09:00:00Z,20.060357666015648,18.37096733656343,10.11764375,7.192939876403809,90.90785
2026-06-21T10:00:00Z,19.906091308593716,18.00751522702516,10.12928359375,3.472021057186127,89.94667
2026-06-21T11:00:00Z,21.183862304687523,17.791185843162424,10.138978125,2.816785441608429,84.671036
2026-06-21T12:00:00Z,22.385766601562523,17.596486595072562,10.14653203125,2.87872335565567,79.67495
2026-06-21T13:00:00Z,23.436456298828148,17.22217400321083,10.14178515625,4.290416865921021,74.30106
2026-06-21T14:00:00Z,23.281488037109398,16.986018535238372,10.14751640625,6.592691388206482,73.78525
2026-06-21T15:00:00Z,23.454187011718773,16.654868988592124,10.14279453125,5.634670180854797,70.80876
2026-06-21T16:00:00Z,24.009515380859398,15.985626828890558,10.13898984375,5.935041674232483,66.71834
2026-06-21T17:00:00Z,24.637780761718773,16.00652528537961,10.134966406250001,5.239982935791016,63.83854
2026-06-21T18:00:00Z,23.904565429687523,16.904236949413747,10.13003359375,6.174569453277588,70.02397
2026-06-21T19:00:00Z,23.552758789062523,16.31973020439674,10.136177343750001,4.764894488906862,68.10435
2026-06-21T20:00:00Z,22.942834472656273,16.306361003728053,10.136003125,2.5226667828559877,69.515625
2026-06-21T21:00:00Z,22.111138916015648,16.2317732324891,10.144778125,2.861665240917206,71.83333
2026-06-21T22:00:00Z,21.671258544921898,16.263926874013677,10.145,1.3037701268672943,73.89425
2026-06-21T23:00:00Z,21.244439697265648,16.382156907355238,10.1491109375,1.5103687973880768,76.03512
2026-06-22T00:00:00Z,20.934320068359398,17.02323582226348,10.1528,3.908283952102661,81.39517
2026-06-22T00:00:00Z,18.619287109375023,17.07428481823316,10.1561796875,2.023918410587311,90.871216
2026-06-22T01:00:00Z,18.586877441406273,17.156168572875078,10.15209921875,2.727076127052307,94.48954
2026-06-22T02:00:00Z,18.419976806640648,17.218390312430888,10.14358515625,0.8958120026826858,95.36006
2026-06-22T03:00:00Z,18.219110107421898,17.135286347618162,10.151843750000001,0.6556588590717316,95.05022
2026-06-22T04:00:00Z,17.969567871093716,16.998732278678055,10.14968359375,1.1736048517894746,95.26942
2026-06-22T05:00:00Z,17.809381103515648,17.049977895681234,10.147620312499999,1.8837393079853058,96.14332
2026-06-22T06:00:00Z,17.490625000000023,17.069266432108193,10.14694609375,1.312739922876358,100
2026-06-22T07:00:00Z,16.826776123046898,16.3641362835391,10.1492390625,0.4320164406871795,100
2026-06-22T08:00:00Z,16.930230712890648,16.411048787219627,10.15030625,1.0745408480167389,100
2026-06-22T09:00:00Z,16.897851562500023,16.51735464735747,10.1531265625,0.4400172257566451,100
2026-06-22T10:00:00Z,16.531488037109398,15.986472724729792,10.15686875,0.5202927753543853,100
2026-06-22T11:00:00Z,17.979455566406273,16.293476845497388,10.15704296875,0.8775053601884842,94.66088
2026-06-22T12:00:00Z,19.708123779296898,16.239341614847127,10.15902421875,0.4808838587570189,85.83663
2026-06-22T13:00:00Z,22.099023437500023,15.82849237926463,10.14971640625,1.2351096740818024,72.92743
2026-06-22T14:00:00Z,24.023095703125023,15.364654567148872,10.146384375,2.4293935564804077,63.676155
2026-06-22T15:00:00Z,25.606896972656273,15.473615852085612,10.1351609375,1.9336293231201171,58.411877
2026-06-22T16:00:00Z,26.844079589843716,15.085480690348303,10.12555703125,2.9882121490859985,53.093533
2026-06-22T17:00:00Z,27.573999023437523,15.055141323419152,10.11694296875,4.162220316123962,50.69357
2026-06-22T18:00:00Z,27.670129394531273,15.410564793551984,10.107899999999999,5.150003663024902,51.129246
2026-06-22T19:00:00Z,27.620019531250023,15.975755980757036,10.1078734375,5.30993246799469,52.11397
2026-06-22T20:00:00Z,26.512933349609398,17.69033637876139,10.103796875,5.9057323229599,60.46876
2026-06-22T21:00:00Z,25.354302978515648,18.029959329166868,10.10808671875,5.3759459399795535,65.335335
2026-06-22T22:00:00Z,24.634973144531273,17.830379567533473,10.109088281250001,4.703503442993164,66.58858
2026-06-22T23:00:00Z,23.321618652343716,17.868548092452652,10.113034375,1.3252175535488129,72.39443
2026-06-23T00:00:00Z,22.588189697265648,17.642309323797313,10.1168859375,2.0295163937950136,74.55055
2026-06-23T00:00:00Z,20.916986083984398,17.548405221821874,10.11689921875,1.9406924958229064,81.187744
2026-06-23T01:00:00Z,20.500085449218773,17.357552388507287,10.1083375,1.6181685561466217,82.37726
2026-06-23T02:00:00Z,20.090722656250023,17.235884147776723,10.1142671875,2.572893608512878,81.40735
2026-06-23T03:00:00Z,19.617669677734398,17.357182138722294,10.11380234375,1.4972166187763214,84.2274
2026-06-23T04:00:00Z,19.211572265625023,17.851164765935717,10.10843515625,1.5677462714767456,88.47088
2026-06-23T05:00:00Z,19.074822998046898,17.404554652949724,10.10218359375,0.28542383198022836,83.43687
2026-06-23T06:00:00Z,18.721582031250023,17.53412184160889,10.0957953125,3.242961168422699,85.69732
2026-06-23T07:00:00Z,18.728936767578148,17.163357919607783,10.0960265625,2.6464663738250738,82.155785
2026-06-23T08:00:00Z,18.511407470703148,16.62335065223063,10.09087421875,2.7956656723594664,80.45472
2026-06-23T09:00:00Z,18.803125000000023,15.89494631228257,10.094996875,1.341049154291153,71.72863
2026-06-23T10:00:00Z,18.885461425781273,15.651687767252836,10.098021874999999,3.540157814216614,72.16548
2026-06-23T11:00:00Z,21.564813232421898,15.719536964743703,10.10244140625,1.1554204435920716,70.40763
2026-06-23T12:00:00Z,24.777551269531273,15.377138397542849,10.10723359375,1.6314215346050263,58.084183
2026-06-23T13:00:00Z,28.623864746093716,14.143551783424709,10.1004359375,4.489297975769043,43.2305
2026-06-23T14:00:00Z,30.620141601562523,12.549902527836151,10.10146875,4.899159421195984,35.21769
2026-06-23T15:00:00Z,32.2028747558594,11.944802319657644,10.09528984375,4.932574917945862,31.133621
2026-06-23T16:00:00Z,33.23635253906252,11.931701026913258,10.0923421875,5.252953442955017,29.371067
2026-06-23T17:00:00Z,29.309411621093716,15.245350215985855,10.094190625,10.784893054580689,46.737804
2026-06-23T18:00:00Z,27.909539794921898,16.232870609178196,10.0939046875,8.795447959823608,53.764748
2026-06-23T19:00:00Z,25.915246582031273,17.88016830356093,10.10492578125,8.99971618423462,66.4014
2026-06-23T20:00:00Z,24.006402587890648,18.32742572856107,10.110553125000001,9.750202788696289,75.030685
2026-06-23T21:00:00Z,23.264550781250023,18.173611093098152,10.120807812499999,6.670040787773132,76.5929
2026-06-23T22:00:00Z,22.758294677734398,18.081495697371377,10.123439062500001,6.494717644844055,77.863
2026-06-23T23:00:00Z,22.466424560546898,17.810550519478625,10.1282109375,6.615530084495545,77.29253
2026-06-24T00:00:00Z,22.171411132812523,18.03685651055818,10.13267734375,3.575622676124573,79.54985
2026-06-24T00:00:00Z,21.491571044921898,18.208849425396963,10.13311171875,3.040740223655701,81.72165
2026-06-24T01:00:00Z,22.160272216796898,17.917986015083027,10.1289484375,2.6896587605285647,79.766594
2026-06-24T02:00:00Z,21.819055175781273,18.23715638069728,10.1320859375,3.857368443355561,83.054855
2026-06-24T03:00:00Z,21.519281005859398,18.365424024048792,10.12569296875,3.543498807754516,85.23459
2026-06-24T04:00:00Z,21.480645751953148,18.26229200625489,10.128655468749999,3.7738554228210455,84.5982
2026-06-24T05:00:00Z,21.155572509765648,18.6067489006724,10.12067109375,3.5872362088012695,88.48106
2026-06-24T06:00:00Z,21.084832763671898,18.684307843581337,10.11883984375,2.907526158733368,88.684616
2026-06-24T07:00:00Z,20.803369140625023,18.788587914275908,10.11827109375,2.8658369642257693,90.52253
2026-06-24T08:00:00Z,20.759637451171898,18.58281799151863,10.1164734375,2.9983081226921082,89.96448
2026-06-24T09:00:00Z,20.817468261718773,18.46908966940437,10.1193359375,4.1965413894271855,89.07181
2026-06-24T10:00:00Z,20.582971191406273,17.388735126819512,10.123171875,8.754644181900025,84.29275
2026-06-24T11:00:00Z,21.379785156250023,17.012611925481153,10.129915625,9.32764519706726,80.05096
2026-06-24T12:00:00Z,22.327600097656273,16.74161359023577,10.13673203125,10.373956874237061,75.577705
2026-06-24T13:00:00Z,22.151879882812523,16.935952810109864,10.1353625,9.029804127426148,77.172386
2026-06-24T14:00:00Z,22.768823242187523,17.38555791343543,10.1358625,10.528028165359498,78.67782
2026-06-24T15:00:00Z,23.314233398437523,17.636388478376922,10.13005234375,10.862078393707275,78.16903
2026-06-24T16:00:00Z,23.455743408203148,17.895592407568653,10.1271484375,11.453987142868042,78.58559
2026-06-24T17:00:00Z,23.551019287109398,17.1462399152812,10.12745390625,10.988890625610352,74.1377
2026-06-24T18:00:00Z,22.528192138671898,17.434898464517786,10.128562500000001,10.80516239753723,79.22148
2026-06-24T19:00:00Z,22.081109619140648,16.941059447052645,10.13789921875,9.179126934738159,77.48633
2026-06-24T20:00:00Z,21.258538818359398,16.907389919079048,10.1453515625,8.162461998672486,80.44809
2026-06-24T21:00:00Z,20.732934570312523,17.555232894767382,10.157002343750001,5.94366318939209,86.33203
2026-06-24T22:00:00Z,20.234704589843716,17.32882963923028,10.16110390625,3.79729196647644,87.431435
2026-06-24T23:00:00Z,20.443017578125023,17.11081894584706,10.162962499999999,2.3424419866943365,84.43333
2026-06-25T00:00:00Z,20.461724853515648,17.393742745434892,10.16810625,2.8156006378936764,85.9134
2026-06-25T00:00:00Z,19.971887207031273,18.896474951425585,10.15848671875,0.914622586479187,93.85306
2026-06-25T01:00:00Z,20.390100097656273,18.65778654136257,10.1558390625,1.2403951777648925,92.51627
2026-06-25T02:00:00Z,20.416467285156273,18.24880634832461,10.15864453125,3.8036662243652346,90.136345
2026-06-25T03:00:00Z,20.379541015625023,18.01926029676801,10.160821875,2.652450640583038,89.087654
2026-06-25T04:00:00Z,20.361260986328148,17.596160758824922,10.16073359375,2.8401014888954164,86.802826
2026-06-25T05:00:00Z,20.287927246093716,17.678298289951417,10.1610609375,2.8271708382225036,87.67746
2026-06-25T06:00:00Z,20.187005615234398,17.657894215396237,10.158785937500001,2.8224937253379823,88.12016
2026-06-25T07:00:00Z,20.102777099609398,17.575567129582375,10.1614796875,1.4352841502380371,87.97039
2026-06-25T08:00:00Z,19.928491210937523,18.03115505230737,10.1640984375,2.4637771952056884,91.962296
2026-06-25T09:00:00Z,19.832696533203148,18.084346927825315,10.17033359375,1.5191885522460937,92.72466
2026-06-25T10:00:00Z,19.828912353515648,18.169124408650973,10.1814140625,4.080070990066529,93.34853
2026-06-25T11:00:00Z,20.146691894531273,18.160284067519555,10.187634375,5.1022852473449705,91.32275
2026-06-25T12:00:00Z,20.254602050781273,17.806835293807474,10.19648046875,6.1738399868011475,89.10378
2026-06-25T13:00:00Z,20.593530273437523,17.704770424686945,10.19414765625,5.872171767120362,86.996796
2026-06-25T14:00:00Z,20.559289550781273,18.11106520955297,10.202346875,6.700716845932007,89.55212
2026-06-25T15:00:00Z,21.012200927734398,18.005127292089867,10.1989421875,4.733723932189942,87.206505
2026-06-25T16:00:00Z,20.785607910156273,18.583779759445164,10.19872421875,6.509748176460266,91.72446
2026-06-25T17:00:00Z,20.729302978515648,17.818629129688695,10.196525000000001,8.06497580215454,87.735596
2026-06-25T18:00:00Z,20.752984619140648,17.998238201784353,10.19151953125,7.438915138053894,88.791595
2026-06-25T19:00:00Z,21.216485595703148,17.95410166914406,10.1945546875,5.955471833496094,85.37261
2026-06-25T20:00:00Z,20.468469238281273,18.48404287564179,10.195747656250001,6.9533754850006115,91.81422
2026-06-25T21:00:00Z,20.015100097656273,18.253300207099773,10.20190625,6.440693098068238,92.94737
2026-06-25T22:00:00Z,20.005273437500023,18.521243197188426,10.20100703125,5.693596612586975,94.382835
2026-06-25T23:00:00Z,20.712152099609398,18.32878199838445,10.20369140625,4.513849110832214,87.97449
2026-06-26T00:00:00Z,20.658319091796898,18.44203724792736,10.2071640625,4.46119822265625,89.12124
2026-06-26T00:00:00Z,18.789941406250023,18.407119355187373,10.22618671875,1.810816875476837,97.925835
2026-06-26T01:00:00Z,19.153253173828148,18.379704744203583,10.222992968749999,0.6623992984724045,97.39163
2026-06-26T02:00:00Z,19.159204101562523,18.36351741717993,10.218196875,1.1112889962482453,98.04532
2026-06-26T03:00:00Z,19.259790039062523,18.38801165574861,10.2167,0.7520098986959457,97.733955
2026-06-26T04:00:00Z,19.286920166015648,18.263570208059896,10.210246875000001,2.002085858974457,97.02257
2026-06-26T05:00:00Z,19.410882568359398,18.082652990131045,10.20649765625,0.8578958507108687,95.04615
2026-06-26T06:00:00Z,19.448144531250023,18.02948907126735,10.2032265625,0.90457736038208,94.48661
2026-06-26T07:00:00Z,19.413201904296898,17.906627629789067,10.20564296875,1.258656634120941,93.708015
2026-06-26T08:00:00Z,19.498132324218773,17.32190440859645,10.205059375,2.731244142780304,89.75602
2026-06-26T09:00:00Z,19.389581298828148,17.30683637892898,10.205621875,2.093705736141205,90.42133
2026-06-26T10:00:00Z,19.454675292968773,17.16486603872058,10.20766171875,1.7774771524047854,89.26262
2026-06-26T11:00:00Z,19.408105468750023,17.254266597490616,10.2091296875,1.9003455613422395,90.55794
2026-06-26T12:00:00Z,19.545007324218773,17.29035338825479,10.21400234375,1.4386557313156128,90.30411
2026-06-26T13:00:00Z,20.188592529296898,17.181559445962574,10.2099921875,1.4569542634773254,86.58698
2026-06-26T14:00:00Z,20.928094482421898,17.228815537811684,10.2101328125,0.7177707397508621,82.9469
2026-06-26T15:00:00Z,21.401940917968773,17.21055039561408,10.203284374999999,1.1848612981128692,80.61579
2026-06-26T16:00:00Z,21.865716552734398,17.337692360083754,10.196867187499999,2.269450616359711,79.405235
2026-06-26T17:00:00Z,22.047052001953148,17.51980319787588,10.19145390625,0.792189412741661,78.693405
2026-06-26T18:00:00Z,22.186914062500023,17.693753416769656,10.1860640625,1.5930164454460145,78.87663
2026-06-26T19:00:00Z,22.108300781250023,17.819312746633862,10.187521875,1.0758074502277375,79.28724
2026-06-26T20:00:00Z,21.889245605468773,17.973456710140614,10.18406640625,0.9218855630159377,80.74732
2026-06-26T21:00:00Z,21.443688964843716,18.0901296780578,10.190609375000001,1.6602716093349457,83.60502
2026-06-26T22:00:00Z,21.249169921875023,17.96150108546507,10.193953125,1.2625235247898101,83.7365
2026-06-26T23:00:00Z,21.208551025390648,17.795120878057777,10.199660937500001,1.0355162453174591,81.40045
2026-06-27T00:00:00Z,20.958215332031273,17.930593489744666,10.205250781250001,1.0323965479946136,84.01586
2026-06-27T00:00:00Z,19.255364990234398,18.70536420019815,10.214978125,1.7261244967365266,96.93967
2026-06-27T01:00:00Z,19.166284179687523,18.532642276879525,10.216753125,2.5476505462265013,98.400154
2026-06-27T02:00:00Z,19.112268066406273,18.3652650527216,10.211407812500001,1.5448671393871307,97.30506
2026-06-27T03:00:00Z,18.941766357421898,18.20332586005347,10.2060625,1.5710601533317565,96.41767
2026-06-27T04:00:00Z,18.761651611328148,18.01662091139626,10.20613203125,1.908921542778015,95.14441
2026-06-27T05:00:00Z,18.451715087890648,17.97154065911208,10.19746875,1.4289956301498412,98.40998
2026-06-27T06:00:00Z,18.376947021484398,17.838281755190675,10.19101875,1.128939396982193,96.819016
2026-06-27T07:00:00Z,18.161981201171898,17.637978253468766,10.19396171875,1.7999633968162536,97.76414
2026-06-27T08:00:00Z,17.905969238281273,17.668782006413235,10.1895109375,2.412363016872406,100
2026-06-27T09:00:00Z,17.790979003906273,17.6141011146399,10.19262109375,0.7062885944604874,100
2026-06-27T10:00:00Z,18.021356201171898,17.64645749672649,10.1968828125,1.195729027786255,100
2026-06-27T11:00:00Z,18.916925048828148,17.604247774163117,10.199639843749999,1.7814085781478879,97.08686
2026-06-27T12:00:00Z,21.078210449218773,17.337467652834206,10.202915625000001,0.32234933580398556,83.92165
2026-06-27T13:00:00Z,23.297937011718773,17.24706719271195,10.19629375,0.05312843831151719,73.80932
2026-06-27T14:00:00Z,25.362817382812523,17.4527297016142,10.19541484375,1.0731315039539338,66.714714
2026-06-27T15:00:00Z,26.688562011718773,17.444566842592103,10.18775,4.1340769989395145,62.702385
2026-06-27T16:00:00Z,26.340173339843716,18.544587155601644,10.1825390625,6.7276287829208385,69.491776
2026-06-27T17:00:00Z,26.277490234375023,18.82559255371972,10.177787499999999,8.284558188095094,70.839294
2026-06-27T18:00:00Z,25.606530761718773,18.83996185000644,10.17256640625,8.558553953323367,73.10638
2026-06-27T19:00:00Z,24.987207031250023,18.94399371951221,10.1782015625,7.629705843658448,74.9528
2026-06-27T20:00:00Z,23.885003662109398,19.012362282943503,10.17846953125,6.951603724937439,78.52687
2026-06-27T21:00:00Z,22.828820800781273,19.19615651455042,10.18689140625,5.934847489700317,83.72479
2026-06-27T22:00:00Z,22.527124023437523,19.15355281299582,10.1883390625,2.231885178337097,84.24439
2026-06-27T23:00:00Z,21.789270019531273,19.65770318321813,10.19264453125,3.3370268901443483,91.07708
2026-06-28T00:00:00Z,21.532708740234398,19.962581299786653,10.1954875,1.7490337529182434,93.84895
2026-06-28T00:00:00Z,20.438378906250023,18.84042273468901,10.19549140625,1.5920140083503724,90.82301
2026-06-28T01:00:00Z,20.567803955078148,18.641401814974163,10.19173125,2.9410628470230105,91.29887
2026-06-28T02:00:00Z,20.193597412109398,18.359968186841236,10.1887796875,1.8639086181545257,91.030266
2026-06-28T03:00:00Z,19.784814453125023,18.30351305742513,10.186327343750001,1.4074058092021942,91.80345
2026-06-28T04:00:00Z,19.405389404296898,18.311409633120004,10.185310937499999,1.431535902147293,94.02779
2026-06-28T05:00:00Z,19.070184326171898,18.11971553488459,10.17993125,1.3598732359981538,94.82296
2026-06-28T06:00:00Z,18.839501953125023,18.3589134697557,10.175459375,1.6176734782791138,96.89472
2026-06-28T07:00:00Z,18.560693359375023,18.677900253016944,10.17525546875,1.6586811731338502,100
2026-06-28T08:00:00Z,18.313623046875023,18.27943120990906,10.173660156250001,1.211703602104187,100
2026-06-28T09:00:00Z,18.097558593750023,17.689636186240563,10.1784203125,1.1147877936840058,100
2026-06-28T10:00:00Z,17.788873291015648,17.27595683531803,10.18270859375,1.395905357732773,100
2026-06-28T11:00:00Z,18.345971679687523,17.701436600736365,10.1864234375,1.3302419045257567,100
2026-06-28T12:00:00Z,20.364862060546898,18.234194182548023,10.190114062500001,0.6470616169786453,93.3395
2026-06-28T13:00:00Z,23.081292724609398,18.369333829777517,10.18311171875,0.7486540169048309,80.48143
2026-06-28T14:00:00Z,25.500573730468773,17.87183425612428,10.18127890625,1.0105575081157685,67.902054
2026-06-28T15:00:00Z,27.004266357421898,17.341610737377376,10.17256875,2.371964987297058,60.634937
2026-06-28T16:00:00Z,27.994622802734398,17.84885634772816,10.164214062500001,2.6991659239959715,59.27314
2026-06-28T17:00:00Z,28.578454589843716,16.97219830221903,10.15581015625,2.3983638878250124,53.843224
2026-06-28T18:00:00Z,28.334252929687523,16.692402540697373,10.145298437500001,4.7962791584014886,53.478394
2026-06-28T19:00:00Z,27.488214111328148,17.292907125154926,10.14835390625,4.835446966400147,57.5393
2026-06-28T20:00:00Z,26.456781005859398,17.760390348355358,10.1443078125,4.977701734809876,61.44539
2026-06-28T21:00:00Z,25.531121826171898,17.803687103221833,10.15142578125,3.8173471966552737,64.036934
2026-06-28T22:00:00Z,24.708245849609398,17.84004428933237,10.1517,5.3241830173492435,66.995926
2026-06-28T23:00:00Z,23.625695800781273,18.8590101589632,10.15537265625,2.624534644432068,76.49938
2026-06-29T00:00:00Z,22.898431396484398,17.651438964475705,10.15704375,1.7119171638679505,72.532394
2026-06-29T00:00:00Z,21.294152832031273,17.239011231456324,10.153953125000001,2.4847055606079103,77.743515
2026-06-29T01:00:00Z,21.150811767578148,17.19053200002813,10.15371171875,2.155655699825287,79.558075
2026-06-29T02:00:00Z,20.685388183593716,16.989876990738924,10.14718515625,3.461262817001342,80.40002
2026-06-29T03:00:00Z,20.105218505859398,17.187707893945067,10.15626328125,2.034993880634308,82.273735
2026-06-29T04:00:00Z,19.826226806640648,17.208221834597243,10.147719531249999,1.2482952209186553,82.4269
2026-06-29T05:00:00Z,19.636651611328148,16.942501723569762,10.14702890625,1.9423495526123047,80.41615
2026-06-29T06:00:00Z,19.461907958984398,16.55028962205569,10.1433578125,2.8726556683349616,77.35957
2026-06-29T07:00:00Z,19.781915283203148,15.096343447692524,10.142320312499999,2.046804841976166,64.89895
2026-06-29T08:00:00Z,19.016717529296898,16.024395713253618,10.141669531249999,2.334851642379761,76.837036
2026-06-29T09:00:00Z,18.824822998046898,15.971712296610525,10.1450171875,1.4289715308761597,76.95672
2026-06-29T10:00:00Z,18.997766113281273,15.702478045300808,10.150968749999999,0.543037507648468,75.76857
2026-06-29T11:00:00Z,21.375695800781273,15.675977585715083,10.155375,1.0677752086544037,72.13658
2026-06-29T12:00:00Z,24.709130859375023,15.024629947459662,10.16024140625,1.6540203967761993,57.151524
2026-06-29T13:00:00Z,26.602227783203148,14.939637492382962,10.15391796875,3.8083625703239443,52.02431
2026-06-29T14:00:00Z,27.990808105468773,15.8093667123017,10.15210390625,3.5831034150886536,51.402122
2026-06-29T15:00:00Z,29.170312500000023,14.52848493706485,10.143815625,3.4571905031967165,44.38101
2026-06-29T16:00:00Z,30.290399169921898,14.156434350158056,10.1355234375,3.073503186225891,40.58137
2026-06-29T17:00:00Z,31.266015625000023,13.5542227736539,10.1300015625,1.9184720385932923,36.587425
2026-06-29T18:00:00Z,31.517358398437523,13.275792052314596,10.12405,1.7205233852577209,35.009396
2026-06-29T19:00:00Z,30.408380126953148,13.950994536295935,10.1292921875,5.337972436370849,38.63119
2026-06-29T20:00:00Z,28.328485107421898,14.876180981975391,10.129829687500001,6.24840684715271,45.406456
2026-06-29T21:00:00Z,26.772973632812523,15.858297831280364,10.13810625,5.950858676376343,52.47255
2026-06-29T22:00:00Z,25.781762695312523,16.155219384132327,10.142886718749999,2.6142461083602906,56.391254000000004
2026-06-29T23:00:00Z,24.935937500000023,15.453795600281104,10.14935390625,0.5084220872068406,55.508545
2026-06-30T00:00:00Z,23.594934082031273,18.75519456799489,10.15783203125,7.87268120918274,76.67273
2026-06-30T00:00:00Z,20.721124267578148,18.966298573632304,10.17533203125,4.140857236900331,89.95098
2026-06-30T01:00:00Z,21.443566894531273,18.731911532141392,10.16847265625,3.577609475860595,87.53265
2026-06-30T02:00:00Z,21.188684082031273,18.783809791916884,10.1671078125,3.061615060863495,88.39506
2026-06-30T03:00:00Z,20.821832275390648,18.76475777362859,10.16814375,2.6175697226142884,89.8428
2026-06-30T04:00:00Z,20.370904541015648,18.787179478937663,10.1600421875,3.3341590765762326,92.743484
2026-06-30T05:00:00Z,19.986108398437523,18.843306269874187,10.15549921875,3.5188716672897344,95.29562
2026-06-30T06:00:00Z,19.634301757812523,18.56324280852372,10.1520921875,1.9378967483520508,95.332596
2026-06-30T07:00:00Z,19.295220947265648,18.4127099912696,10.1547859375,1.958152419605255,96.63838
2026-06-30T08:00:00Z,18.971734619140648,18.23741551685106,10.15340703125,1.3252977299785613,96.718666
2026-06-30T09:00:00Z,18.727136230468773,18.125043481206085,10.15676953125,2.5596468865966795,98.24912
2026-06-30T10:00:00Z,18.748406982421898,18.05310719142228,10.161403125,1.0498918096542358,98.43207
2026-06-30T11:00:00Z,19.948205566406273,18.140098847954736,10.16365546875,2.059452094459534,94.069824
2026-06-30T12:00:00Z,20.886102294921898,18.2898581829483,10.1689078125,2.268388394527436,91.1994
2026-06-30T13:00:00Z,22.975457763671898,18.161511246397843,10.1611328125,2.668319317131043,80.72839
2026-06-30T14:00:00Z,25.271722412109398,16.96930030687042,10.15842890625,2.236792856388092,65.3169
2026-06-30T15:00:00Z,27.256738281250023,15.9156814327448,10.1487625,3.188548716030121,54.56869
2026-06-30T16:00:00Z,28.320306396484398,14.295665054995265,10.14286875,4.61986135231018,46.33063
2026-06-30T17:00:00Z,28.500512695312523,16.46564927470265,10.136863281250001,4.783265087165833,52.706184
2026-06-30T18:00:00Z,28.676904296875023,17.196971151782382,10.1299765625,5.271886666564941,54.141323
2026-06-30T19:00:00Z,27.899743652343716,18.343703027452605,10.13353359375,6.893308972244263,60.093216
2026-06-30T20:00:00Z,26.251153564453148,18.617520385822264,10.13298125,7.173309627647399,65.91746
2026-06-30T21:00:00Z,24.913293457031273,19.13130731446809,10.140613281250001,6.146199973678589,72.91446
2026-06-30T22:00:00Z,24.337884521484398,18.98836611125016,10.14198671875,4.377259525527954,74.10354
2026-06-30T23:00:00Z,23.864587402343716,18.69248984064097,10.14537421875,3.0377259606552123,73.3556
2026-07-01T00:00:00Z,23.258111572265648,17.79812634273012,10.1487671875,2.1633672356796265,69.33204
