datetime,tmp_2m,tmp_sfc,dpt_2m,rh_2m,spfh_2m,ugrd_10m,vgrd_10m,prmsl,mslet,pres_sfc,vis_sfc,tcdc,lcdc,mcdc,hcdc,hgt_sfc,hgt_0deg,hgt_ceil,hgt_htfl,lftx,pwat,cwat,cpofp,sfcr,temp_ar,temp_orvalho,temp_sfc,umidade_relativa,pressao,pressao_eta,pressao_sfc,vel_vento,dir_vento
2026-06-01 00:00:00,292.939,293.352,290.4,85.2,0.0121412,1.46718,-0.404363,101977.0,101974.0,101496.0,24135.3,49.1,49.0,0.0,31.6,40.5394,4322.88,7711.18,4323.68,1.64249,28.607,0.02,-50.0,0.99704,19.789000000000044,17.25,20.202,0.852,1019.77,1019.74,1014.96,1.5218825802830518,285.40850412859186
2026-06-01 03:00:00,292.347,292.726,290.4,88.4,0.0121459,1.48399,-0.939377,101954.0,101951.0,101473.0,24134.9,49.9,49.9,0.0,2.7,40.5394,4255.36,7236.08,4256.0,2.12009,29.6475,0.02816,-50.0,0.99704,19.197000000000003,17.25,19.576000000000025,0.884,1019.54,1019.51,1014.73,1.7563187262649682,302.334122716141
2026-06-01 06:00:00,292.4,292.377,290.2,87.1,0.0119538,0.980994,-1.32366,101878.0,101875.0,101397.0,24135.2,67.7,67.7,0.0,0.0,40.5394,4211.52,6121.29,4212.32,2.44746,28.7628,0.04848,-50.0,0.99704,19.25,17.05000000000001,19.227000000000032,0.871,1018.78,1018.75,1013.97,1.647551220337626,323.4570294203167
2026-06-01 09:00:00,292.212,292.203,289.742,85.8,0.0116921,0.707178,-1.43808,101915.0,101912.0,101433.0,24135.2,78.8,78.8,0.0,0.0,40.5394,4150.88,6202.64,4151.68,2.67464,27.4441,0.18664,-50.0,0.99704,19.06200000000001,16.59200000000004,19.053,0.858,1019.15,1019.12,1014.33,1.6025525919869217,333.8142781558564
2026-06-01 12:00:00,294.866,295.506,289.73,72.6,0.0116203,1.25065,-0.207966,102049.0,102044.0,101568.0,24135.3,41.1,41.1,0.0,0.0,40.5394,4135.52,7722.03,4136.32,1.33394,25.631,0.01128,-50.0,0.99704,21.716000000000008,16.58000000000004,22.355999999999995,0.726,1020.49,1020.44,1015.68,1.2678230474541785,279.441118241662
2026-06-01 15:00:00,299.217,301.4,289.159,53.7,0.0111981,0.107769,1.55695,101918.0,101910.0,101440.0,24135.1,21.8,21.8,0.0,0.0,40.5394,4042.88,20000.0,4043.68,-0.362448,25.4509,0.00264,-50.0,0.99704,26.067000000000007,16.009000000000015,28.25,0.537,1019.18,1019.1,1014.4,1.560675321731269,183.95958497485253
2026-06-01 18:00:00,297.058,297.4,289.941,64.0,0.0118074,-0.771875,2.87456,101808.0,101801.0,101331.0,24134.8,75.2,75.2,0.0,0.0,40.5394,3928.0,1247.16,3928.8,-1.61783,26.7042,0.1488,-34.8,0.99704,23.908000000000012,16.790999999999997,24.25,0.64,1018.08,1018.01,1013.31,2.9763881146827944,164.9695247191955
2026-06-01 21:00:00,294.228,294.625,290.9,81.1,0.0125506,0.297268,0.988425,101972.0,101967.0,101492.0,24093.3,82.0,82.0,0.0,0.0,40.5394,3738.24,1117.59,3738.72,-1.39597,32.3792,0.04512,-6.10352e-06,0.99704,21.07800000000003,17.75,21.475000000000023,0.8109999999999999,1019.72,1019.67,1014.92,1.0321590209115066,196.738616269482
2026-06-02 00:00:00,293.155,293.701,291.1,88.1,0.0126621,0.873215,0.311057,102096.0,102092.0,101615.0,23700.5,32.6,32.6,0.0,0.0,40.5394,3680.8,20000.0,3681.44,-0.818458,34.2026,0.02,-50.0,0.99704,20.004999999999995,17.950000000000045,20.551000000000045,0.8809999999999999,1020.96,1020.92,1016.15,0.926963264360568,250.39306349851464
2026-06-02 03:00:00,291.702,291.881,291.085,95.8,0.012624,1.40053,-0.375918,102139.0,102136.0,101657.0,22779.4,25.0,25.0,0.0,0.0,40.5394,3591.04,20000.0,3591.68,-0.469653,33.9184,0.00064,-32.4,0.99704,18.55200000000002,17.935000000000002,18.730999999999995,0.958,1021.39,1021.36,1016.57,1.4501029700073027,285.0246973719804
2026-06-02 06:00:00,291.309,291.458,290.702,96.5,0.0123565,1.12444,-0.748706,102090.0,102087.0,101606.0,23686.3,73.5,73.5,0.8,0.0,40.5394,3517.12,783.566,3517.76,0.44642,33.2928,0.04928,-47.6,0.99704,18.15900000000005,17.55200000000002,18.30800000000005,0.965,1020.9,1020.87,1016.06,1.3508982152760436,303.65757735282864
2026-06-02 09:00:00,291.191,291.351,290.583,95.9,0.0122378,1.2356,-0.701287,102166.0,102163.0,101681.0,23781.5,90.6,90.6,0.0,0.0,40.5394,3385.6,1062.8,3386.08,1.7,31.723,0.10416,-33.5,0.99704,18.041,17.43300000000005,18.201000000000025,0.959,1021.66,1021.63,1016.81,1.420743050790325,299.57785669158034
2026-06-02 12:00:00,293.124,293.2,290.912,87.0,0.012486,0.960088,-0.485635,102383.0,102380.0,101899.0,10198.9,63.0,63.0,1.0,0.0,40.5394,3448.16,2203.19,3448.8,0.817788,31.3713,0.04552,-1.00001,0.99704,19.974000000000046,17.762,20.05000000000001,0.87,1023.83,1023.8,1018.99,1.0759230088482168,296.8313550525728
2026-06-02 15:00:00,294.477,294.848,291.326,82.1,0.0128086,0.126619,1.18258,102312.0,102307.0,101829.0,13892.3,50.8,2.2,50.5,5.0,40.5394,3547.36,7622.39,3548.0,0.1,32.0044,0.04176,-14.1,0.99704,21.327,18.176000000000045,21.69800000000004,0.821,1023.12,1023.07,1018.29,1.189339239897936,186.1113841396389
2026-06-02 18:00:00,295.063,295.438,290.521,75.6,0.0121927,-0.796311,1.51516,102186.0,102181.0,101705.0,13319.1,10.5,7.9,3.6,10.0,40.5394,3584.16,20000.0,3584.64,0.271024,32.6544,0.00184,-14.1,0.99704,21.91300000000001,17.371000000000038,22.28800000000001,0.7559999999999999,1021.86,1021.81,1017.05,1.7116719996310623,152.27527609880127
2026-06-02 21:00:00,291.963,291.624,290.4,90.5,0.0121004,-0.32075,0.247322,102322.0,102319.0,101839.0,22390.9,100.0,20.3,97.8,100.0,40.5394,3576.32,908.298,3576.8,1.40093,33.6705,0.0376,-6.10352e-06,0.99704,18.813000000000045,17.25,18.474000000000046,0.905,1023.22,1023.19,1018.39,0.4050293004018351,127.63488393814376
2026-06-03 00:00:00,291.7,291.606,290.4,92.6,0.0120907,0.27939,-0.665417,102440.0,102437.0,101956.0,24135.0,4.5,4.5,0.0,0.0,40.5394,3536.64,19999.9,3537.28,1.35493,32.9663,0.0,-16.5,0.99704,18.55000000000001,17.25,18.456000000000017,0.926,1024.4,1024.37,1019.56,0.7216914548399476,337.2238262661238
2026-06-03 03:00:00,290.7,290.641,290.0,95.5,0.0117346,0.775674,-0.610598,102459.0,102457.0,101974.0,24135.0,1.9,1.9,0.0,0.0,40.5394,3455.04,20000.1,3455.52,2.76534,31.1776,0.0,-50.0,0.99704,17.55000000000001,16.850000000000023,17.491000000000042,0.955,1024.59,1024.57,1019.74,0.987167702004072,308.2092478134688
2026-06-03 06:00:00,289.902,289.9,289.4,97.1,0.0113432,1.02534,-0.362551,102398.0,102397.0,101912.0,24134.8,7.9,7.9,0.0,0.0,40.5394,3425.28,19999.9,3425.76,3.95038,30.3026,0.0,-50.0,0.99704,16.75200000000001,16.25,16.75,0.971,1023.98,1023.97,1019.12,1.087550156636925,289.4731362448659
2026-06-03 09:00:00,289.428,289.397,288.9,97.2,0.011011,0.668543,-1.14521,102448.0,102447.0,101962.0,24134.7,10.0,9.8,0.0,5.0,40.5394,3349.44,19999.9,3349.92,5.6386,29.5423,0.0,-50.0,0.99704,16.27800000000002,15.75,16.247000000000014,0.972,1024.48,1024.47,1019.62,1.3260677535288308,329.72475900222537
2026-06-03 12:00:00,292.745,293.817,290.4,85.9,0.0120324,0.230173,0.368372,102624.0,102621.0,102139.0,24135.1,15.4,15.4,0.0,4.7,40.5394,3937.92,20000.0,3938.56,2.9,29.0806,0.0,-49.0,0.99704,19.595000000000027,17.25,20.66700000000003,0.8590000000000001,1026.24,1026.21,1021.39,0.4343702801907607,211.9987278032189
2026-06-03 15:00:00,297.114,299.214,289.038,60.3,0.011043,-1.07578,0.71968,102525.0,102520.0,102043.0,24134.8,30.2,20.6,0.0,26.0,40.5394,3864.96,20000.0,3865.6,2.10078,29.1622,0.00232,-46.6,0.99704,23.964,15.888000000000034,26.06400000000002,0.603,1025.25,1025.2,1020.43,1.2943113654758658,123.7819037408085
2026-06-03 18:00:00,296.51,296.9,288.662,61.6,0.0108427,-1.84957,1.8705,102368.0,102362.0,101888.0,23809.2,97.0,33.7,0.0,97.0,40.5394,3792.64,1250.39,3793.28,1.44273,29.2589,0.04032,-47.6,0.99704,23.360000000000014,15.512,23.75,0.616,1023.68,1023.62,1018.88,2.630528356604429,135.3223563029891
2026-06-03 21:00:00,292.941,293.209,289.485,80.1,0.0113657,-1.05527,0.765059,102534.0,102530.0,102050.0,24134.9,26.3,26.3,0.0,5.0,40.5394,3774.72,13369.2,3775.36,1.86003,29.6234,0.02352,-32.4,0.99704,19.791,16.335000000000036,20.059000000000022,0.8009999999999999,1025.34,1025.3,1020.5,1.3034224358898383,125.94169370279238
2026-06-04 00:00:00,291.801,291.801,290.4,91.4,0.0120749,-0.818162,0.0879565,102661.0,102658.0,102176.0,24134.9,3.1,2.5,0.0,1.5,40.5394,3588.0,19999.9,3588.64,0.3,31.9221,0.0,-15.2,0.99704,18.65100000000001,17.25,18.65100000000001,0.914,1026.61,1026.58,1021.76,0.8228762994133747,96.1360161439085
2026-06-04 03:00:00,290.997,290.94,290.156,94.6,0.0118347,-0.747686,-0.505037,102650.0,102648.0,102164.0,24135.1,4.0,4.0,0.0,0.0,40.5394,3653.12,19999.8,3653.6,0.343671,31.613,0.0,-50.0,0.99704,17.847000000000037,17.00600000000003,17.79000000000002,0.946,1026.5,1026.48,1021.64,0.9022730883524122,55.96228365047807
2026-06-04 06:00:00,290.293,290.26,289.7,96.2,0.0115143,-0.532634,-0.821602,102605.0,102604.0,102119.0,24135.3,2.7,2.7,0.0,0.0,40.5394,3848.48,20000.1,3849.12,2.49452,31.2017,0.0,-50.0,0.99704,17.14300000000003,16.55000000000001,17.110000000000014,0.962,1026.05,1026.04,1021.19,0.9791469881279318,32.95482205319706
2026-06-04 09:00:00,289.845,289.817,289.248,96.5,0.0111988,-0.0170728,-0.387717,102675.0,102674.0,102189.0,24134.8,28.3,28.3,0.0,0.0,40.5394,3640.8,20000.0,3641.44,3.85542,31.7122,0.0008,-50.0,0.99704,16.69500000000005,16.098000000000013,16.66700000000003,0.965,1026.75,1026.74,1021.89,0.3880927113317641,2.521343849297637
2026-06-04 12:00:00,292.121,292.435,289.944,87.2,0.0116928,-0.3502,0.0733984,102842.0,102839.0,102356.0,24134.6,92.3,92.3,0.0,0.0,40.5394,3695.52,1326.46,3696.16,2.97373,29.8198,0.05088,-46.6,0.99704,18.971000000000004,16.79400000000004,19.285000000000025,0.872,1028.42,1028.39,1023.56,0.3578091182775531,101.8372753845586
2026-06-04 15:00:00,,,,,,,,,,,,,,,,,,,,,,,,,,,,,,,,,
2026-06-04 18:00:00,295.031,295.165,289.629,71.2,0.0114937,-2.54892,2.63022,102562.0,102557.0,102080.0,18079.4,61.2,61.2,0.0,0.0,40.5394,3711.52,851.19,3712.0,1.31285,30.0485,0.0556,-6.10352e-06,0.99704,21.88100000000003,16.479000000000042,22.015000000000043,0.7120000000000001,1025.62,1025.57,1020.8,3.6626561966419935,135.89933161098986
2026-06-04 21:00:00,293.393,293.358,288.152,72.3,0.0104542,-2.03594,0.902852,102663.0,102659.0,102179.0,21963.0,100.0,100.0,0.0,0.0,40.5394,3663.2,1098.88,3663.84,3.87375,29.2797,0.34616,-34.8,0.99704,20.242999999999995,15.00200000000001,20.208000000000027,0.723,1026.63,1026.59,1021.79,2.227149168220216,113.91523111062
2026-06-05 00:00:00,291.387,291.395,289.047,86.1,0.0110212,-1.17562,-0.596812,102706.0,102703.0,102220.0,24135.0,44.6,44.6,0.0,0.0,40.5394,3565.28,14620.6,3565.92,4.66629,26.0105,0.02,-14.1,0.99704,18.237000000000023,15.897000000000048,18.245000000000005,0.861,1027.06,1027.03,1022.2,1.3184335204112494,63.08504305795952
2026-06-05 03:00:00,,,,,,,,,,,,,,,,,,,,,,,,,,,,,,,,,
2026-06-05 06:00:00,289.153,289.002,287.662,90.6,0.0101138,-0.113765,-0.670945,102575.0,102574.0,102087.0,24135.1,25.7,25.7,0.0,0.0,40.5394,3816.16,20000.2,3816.8,7.22492,24.1581,0.00064,-50.0,0.99704,16.003000000000043,14.512,15.852000000000032,0.906,1025.75,1025.74,1020.87,0.6805216148293896,9.623505459444402
2026-06-05 09:00:00,288.439,288.312,287.045,91.6,0.00975482,0.395059,-1.14333,102556.0,102556.0,102068.0,24135.1,35.0,35.0,0.0,0.0,40.5394,4216.8,20000.1,4217.6,8.46837,22.545,0.0024,-50.0,0.99704,15.289000000000044,13.89500000000004,15.162000000000036,0.916,1025.56,1025.56,1020.68,1.209659085189294,340.93824591671154
2026-06-05 12:00:00,292.0,293.5,287.9,77.0,0.010299,0.24123,-0.471958,102679.0,102677.0,102192.0,24134.9,0.0,0.0,0.0,0.0,40.5394,4362.88,19999.8,4363.68,7.13675,21.474,0.0,-46.6,0.99704,18.850000000000023,14.75,20.350000000000023,0.77,1026.79,1026.77,1021.92,0.5300342127297066,332.9272438419013
2026-06-05 15:00:00,295.528,296.9,286.686,57.2,0.00950493,-1.46379,1.44826,102515.0,102510.0,102032.0,24135.1,18.1,18.1,0.0,0.0,40.5394,4363.68,19999.9,4364.48,7.09451,22.2017,0.00216,-46.6,0.99704,22.378000000000043,13.536,23.75,0.5720000000000001,1025.15,1025.1,1020.32,2.0591595838351138,134.6944437697357
2026-06-05 18:00:00,294.698,295.351,286.8,60.8,0.00959397,-2.10604,2.18016,102321.0,102316.0,101839.0,24135.2,21.4,21.4,0.0,0.0,40.5394,4310.08,19097.5,4310.88,6.58919,22.5785,0.02096,-33.5,0.99704,21.548,13.650000000000034,22.201000000000025,0.608,1023.21,1023.16,1018.39,3.0312542135558345,135.99070037313575
2026-06-05 21:00:00,291.765,291.7,286.2,70.5,0.0092531,-1.54745,0.419934,102356.0,102354.0,101872.0,24135.2,64.7,64.7,0.0,3.5,40.5394,4319.52,7131.69,4320.16,8.22539,21.8332,0.03424,-34.8,0.99704,18.61500000000001,13.050000000000011,18.55000000000001,0.705,1023.56,1023.54,1018.72,1.603416997183203,105.1827975871239
2026-06-06 00:00:00,290.4,290.194,287.002,80.3,0.00968781,-0.388921,-0.863406,102386.0,102385.0,101901.0,24134.7,29.3,28.1,0.0,5.0,40.5394,4339.84,19123.9,4340.64,8.19487,21.3675,0.02,-50.0,0.99704,17.25,13.852000000000032,17.04400000000004,0.8029999999999999,1023.86,1023.85,1019.01,0.9469580059733378,24.249170117656437
2026-06-06 03:00:00,289.663,289.405,286.863,83.5,0.00964268,0.00843506,-1.02734,102289.0,102289.0,101804.0,24134.8,29.1,27.7,0.0,3.7,40.5394,4386.4,19124.1,4387.2,8.94737,21.0455,0.01696,-50.0,0.99704,16.513000000000034,13.713000000000022,16.254999999999995,0.835,1022.89,1022.89,1018.04,1.0273746277951403,359.52957883642546
2026-06-06 06:00:00,288.299,288.3,286.1,86.9,0.00922077,0.818271,-0.836619,102126.0,102126.0,101640.0,24135.0,47.9,0.0,0.0,47.9,40.5394,4362.08,20000.2,4362.88,9.60845,20.1883,8e-05,-50.0,0.99704,15.149,12.950000000000044,15.150000000000034,0.8690000000000001,1021.26,1021.26,1016.4,1.1702558611696845,315.6352204015275
2026-06-06 09:00:00,287.718,287.7,285.428,85.9,0.00874614,0.464709,-0.927273,102104.0,102104.0,101616.0,24134.9,95.5,0.0,0.0,95.5,40.5394,4384.64,20000.2,4385.28,10.9463,19.946,0.00208,-50.0,0.99704,14.56800000000004,12.27800000000002,14.550000000000011,0.8590000000000001,1021.04,1021.04,1016.16,1.0372028110307068,333.38195792195864
2026-06-06 12:00:00,292.044,293.346,285.972,67.4,0.0090757,0.0421338,-0.393811,102162.0,102160.0,101679.0,24135.1,0.0,0.0,0.0,0.0,40.5394,4407.36,19999.9,4408.16,8.63105,19.2258,0.0,-50.0,0.99704,18.894000000000005,12.822000000000005,20.196000000000023,0.674,1021.62,1021.6,1016.79,0.3960585320674711,353.89316083908574
2026-06-06 15:00:00,296.478,297.792,285.7,50.7,0.00898856,-0.739736,0.984006,101950.0,101945.0,101470.0,24134.9,0.0,0.0,0.0,0.0,40.5394,4339.84,20000.2,4340.64,5.98613,18.2862,0.0,-50.0,0.99704,23.32800000000003,12.550000000000011,24.642,0.507,1019.5,1019.45,1014.7,1.2310471793282336,143.0656319326627
2026-06-06 18:00:00,296.535,296.929,285.939,51.0,0.00908847,-2.2503,1.66295,101719.0,101713.0,101240.0,24134.8,0.0,0.0,0.0,0.0,40.5394,4375.04,19999.9,4375.84,4.95142,19.5838,0.0,-50.0,0.99704,23.385000000000048,12.789000000000044,23.779,0.51,1017.19,1017.13,1012.4,2.798080197653384,126.46404371514464
2026-06-06 21:00:00,291.631,291.736,286.466,71.5,0.00941599,-1.0985,0.501487,101727.0,101724.0,101246.0,24134.9,0.0,0.0,0.0,0.0,40.5394,4385.92,20000.2,4386.72,6.59398,18.2552,0.0,-50.0,0.99704,18.480999999999995,13.316000000000033,18.586000000000013,0.715,1017.27,1017.24,1012.46,1.2075559867637609,114.53763652142536
2026-06-07 00:00:00,290.646,290.71,286.3,76.1,0.00935029,-0.0139062,-0.7826,101804.0,101802.0,101321.0,24135.0,0.0,0.0,0.0,0.0,40.5394,4415.36,20000.2,4416.16,6.99997,19.5182,0.0,-50.0,0.99704,17.496000000000038,13.150000000000034,17.560000000000002,0.7609999999999999,1018.04,1018.02,1013.21,0.7827235414873122,1.0179947948444692
2026-06-07 03:00:00,289.379,289.517,285.8,79.4,0.00903849,0.406995,-0.984874,101814.0,101814.0,101331.0,24135.3,0.0,0.0,0.0,0.0,40.5394,4330.72,20000.1,4331.52,8.80805,18.839,0.0,-50.0,0.99704,16.229000000000042,12.650000000000034,16.36700000000002,0.794,1018.14,1018.14,1013.31,1.0656555381083517,337.5473468017749
2026-06-07 06:00:00,288.456,288.532,285.0,80.0,0.00858828,0.845867,-0.486743,101685.0,101685.0,101202.0,24135.0,0.0,0.0,0.0,0.0,40.5394,4274.88,20000.2,4275.68,10.2809,17.6277,0.0,-50.0,0.99704,15.30600000000004,11.850000000000025,15.382000000000003,0.8,1016.85,1016.85,1012.02,0.9759148168452,299.91770660519063
2026-06-07 09:00:00,287.885,287.8,284.432,80.1,0.0082528,0.809639,-0.758777,101743.0,101744.0,101258.0,24134.8,48.5,0.0,0.0,48.5,40.5394,4233.12,20000.2,4233.76,11.1067,17.5808,0.00016,-50.0,0.99704,14.735000000000014,11.28200000000004,14.650000000000034,0.8009999999999999,1017.43,1017.44,1012.58,1.1096205865294675,313.1426120156823
2026-06-07 12:00:00,292.895,294.068,285.4,61.9,0.00879302,0.662373,-0.0896826,101859.0,101856.0,101377.0,24135.2,90.7,0.0,0.0,90.7,40.5394,4219.68,20000.2,4220.48,8.05436,16.0411,0.00064,-50.0,0.99704,19.745000000000005,12.25,20.918000000000006,0.619,1018.59,1018.56,1013.77,0.6684167561273131,277.71072497245507
2026-06-07 15:00:00,298.755,300.99,285.7,44.1,0.00899595,0.431133,0.981211,101698.0,101691.0,101221.0,24135.0,5.0,0.0,0.0,5.0,40.5394,4208.96,20000.1,4209.76,4.50672,15.8729,0.0,-50.0,0.99704,25.605000000000015,12.550000000000011,27.840000000000032,0.441,1016.98,1016.91,1012.21,1.0717512258961963,203.72014269685724
2026-06-07 18:00:00,298.417,298.941,285.1,43.2,0.00865191,-1.66444,2.62245,101583.0,101575.0,101106.0,24135.1,5.7,0.0,0.0,5.7,40.5394,4186.88,20000.1,4187.52,4.52014,18.0351,0.0,-50.0,0.99704,25.267,11.950000000000044,25.791,0.432,1015.83,1015.75,1011.06,3.106059322694916,147.5971556706533
2026-06-07 21:00:00,292.386,292.711,287.362,72.3,0.00997924,-0.865735,-0.0100049,101815.0,101812.0,101334.0,24135.0,80.1,0.0,0.0,80.1,40.5394,4113.12,20000.1,4113.92,5.06814,19.9262,0.00048,-50.0,0.99704,19.236000000000047,14.212000000000046,19.561000000000035,0.723,1018.15,1018.12,1013.34,0.8657928090767503,89.33788858352636
2026-06-08 00:00:00,290.643,291.01,286.943,78.6,0.00970306,0.679419,-0.82677,101954.0,101952.0,101472.0,24135.0,21.7,0.0,0.0,21.7,40.5394,4165.44,20000.1,4166.24,6.99332,18.7304,0.0,-50.0,0.99704,17.492999999999995,13.793000000000006,17.860000000000014,0.7859999999999999,1019.54,1019.52,1014.72,1.0701209326337842,320.5874860148373
2026-06-08 03:00:00,289.429,289.684,286.315,81.6,0.00927878,0.712731,-1.14969,101990.0,101990.0,101507.0,24134.8,0.0,0.0,0.0,0.0,40.5394,4152.32,19999.9,4152.96,8.4817,17.6203,0.0,-50.0,0.99704,16.278999999999996,13.16500000000002,16.53400000000005,0.816,1019.9,1019.9,1015.07,1.3526908643370814,328.2038519170071
2026-06-08 06:00:00,288.515,288.701,285.8,83.9,0.00902656,0.504659,-0.902959,101928.0,101928.0,101443.0,24135.3,0.0,0.0,0.0,0.0,40.5394,4093.92,19999.9,4094.72,9.39732,16.951,0.0,-50.0,0.99704,15.365000000000007,12.650000000000034,15.551000000000045,0.8390000000000001,1019.28,1019.28,1014.43,1.0344156137462348,330.7994066322476
2026-06-08 09:00:00,287.829,287.915,285.2,84.1,0.00862843,0.627288,-0.880938,101964.0,101964.0,101478.0,24135.1,5.0,0.0,0.0,5.0,40.5394,4029.6,19999.9,4030.24,10.1346,16.2327,0.0,-50.0,0.99704,14.67900000000003,12.050000000000011,14.765000000000043,0.841,1019.64,1019.64,1014.78,1.0814536489318438,324.5465382049681
2026-06-08 12:00:00,292.704,294.173,285.4,62.3,0.00875513,0.353301,-0.310037,102129.0,102127.0,101646.0,24135.0,5.0,0.0,0.0,5.0,40.5394,4037.28,20000.0,4038.08,7.48368,16.236,0.0,-50.0,0.99704,19.55400000000003,12.25,21.023000000000025,0.623,1021.29,1021.27,1016.46,0.4700473784311534,311.2683599316657
2026-06-08 15:00:00,297.901,299.896,284.5,43.0,0.00826638,-0.914963,0.478733,101961.0,101955.0,101483.0,24134.9,54.0,0.0,0.0,54.0,40.5394,3967.36,20000.2,3968.16,5.89928,17.611,0.00016,-50.0,0.99704,24.751000000000037,11.350000000000025,26.74600000000004,0.43,1019.61,1019.55,1014.83,1.0326386476681957,117.61976191648677
2026-06-08 18:00:00,298.096,298.706,284.865,43.4,0.00844249,-2.05475,1.5268,101754.0,101747.0,101277.0,24134.9,21.8,0.0,0.0,21.8,40.5394,3923.2,19999.8,3923.84,4.89995,19.9258,0.0,-50.0,0.99704,24.946000000000023,11.715000000000032,25.55600000000004,0.434,1017.54,1017.47,1012.77,2.5599054284289484,126.6145182862718
2026-06-08 21:00:00,292.645,292.799,287.4,71.7,0.0100399,-0.917285,0.69342,101814.0,101810.0,101334.0,24135.1,4.0,0.0,0.0,4.0,40.5394,3903.52,20000.2,3904.16,5.13994,21.7386,0.0,-50.0,0.99704,19.495000000000005,14.25,19.649,0.7170000000000001,1018.14,1018.1,1013.34,1.1498882848455323,127.08739414660204
2026-06-09 00:00:00,291.472,291.5,287.772,78.7,0.0102359,-0.853398,-0.628289,101847.0,101844.0,101365.0,24135.2,0.0,0.0,0.0,0.0,40.5394,3931.84,20000.2,3932.48,5.38572,20.1371,0.0,-50.0,0.99704,18.322000000000003,14.622000000000014,18.350000000000023,0.787,1018.47,1018.44,1013.65,1.0597335579875726,53.63874233373423
2026-06-09 03:00:00,290.312,290.275,287.0,81.1,0.00976363,0.207566,-0.876589,101818.0,101817.0,101335.0,24135.2,1.9,0.0,0.0,1.9,40.5394,3924.16,20000.1,3924.8,7.0,18.8184,0.0,-50.0,0.99704,17.162000000000035,13.850000000000025,17.125,0.8109999999999999,1018.18,1018.17,1013.35,0.9008284627369408,346.67838902756625
2026-06-09 06:00:00,289.321,289.339,286.148,81.2,0.00922452,0.488752,-0.665615,101698.0,101697.0,101216.0,24135.1,26.6,0.0,0.0,26.6,40.5394,4061.6,20000.1,4062.4,8.0,17.7325,0.0004,-50.0,0.99704,16.17100000000005,12.998000000000047,16.18900000000002,0.812,1016.98,1016.97,1012.16,0.8257855930742555,323.7106706197824
2026-06-09 09:00:00,288.742,288.622,285.703,81.8,0.00896357,0.852424,-0.653489,101725.0,101724.0,101240.0,24135.3,100.0,0.0,0.0,100.0,40.5394,4123.2,20000.1,4124.0,8.87133,18.5547,0.00368,-50.0,0.99704,15.59200000000004,12.552999999999995,15.472000000000037,0.818,1017.25,1017.24,1012.4,1.0740924303322317,307.4746527263047
2026-06-09 12:00:00,293.604,294.495,286.721,64.7,0.00960113,0.766594,-0.341387,101820.0,101816.0,101340.0,24135.1,100.0,0.0,0.0,100.0,40.5394,4167.2,10557.2,4167.84,5.78367,18.369,0.01056,-50.0,0.99704,20.454000000000008,13.571000000000026,21.345000000000027,0.647,1018.2,1018.16,1013.4,0.8391730719017383,294.00482530240106
2026-06-09 15:00:00,299.81,301.253,286.3,43.5,0.00938998,0.853647,-0.0276562,101615.0,101607.0,101140.0,24134.9,100.0,0.0,0.0,100.0,40.5394,4108.16,10565.6,4108.8,3.00075,18.5922,0.01392,-50.0,0.99704,26.660000000000025,13.150000000000034,28.10300000000001,0.435,1016.15,1016.07,1011.4,0.8540948811504727,271.8556024767548
2026-06-09 18:00:00,301.2,301.781,284.6,35.5,0.00836312,0.5979,-0.873311,101348.0,101338.0,100875.0,24134.8,5.0,0.0,0.0,5.0,40.5394,4005.12,20000.0,4005.76,3.60112,21.6342,0.00016,-50.0,0.99704,28.05000000000001,11.450000000000044,28.63100000000003,0.355,1013.48,1013.38,1008.75,1.0583744671528126,325.6030607266523
2026-06-09 21:00:00,294.709,294.6,286.724,60.1,0.00960076,-0.498035,-0.675034,101422.0,101417.0,100946.0,24135.0,4.5,0.0,0.0,4.5,40.5394,3876.0,20000.1,3876.48,4.99291,25.295,0.00016,-50.0,0.99704,21.559000000000022,13.574000000000012,21.450000000000045,0.601,1014.22,1014.17,1009.46,0.8388741040114422,36.41962676132806
2026-06-10 00:00:00,293.022,293.207,286.1,64.4,0.00924476,1.20681,-0.783159,101588.0,101584.0,101109.0,24134.8,100.0,0.4,0.1,100.0,40.5394,3722.24,10943.3,3722.88,6.19532,28.3864,0.01,-50.0,0.99704,19.87200000000001,12.950000000000044,20.057000000000016,0.644,1015.88,1015.84,1011.09,1.4386550647674377,302.981543446873
2026-06-10 03:00:00,291.617,291.609,286.014,69.2,0.00912775,1.35078,-0.61398,101617.0,101615.0,101137.0,24134.9,42.2,3.9,0.0,42.2,40.5394,3576.48,20000.1,3576.96,7.7,27.0759,0.00064,-50.0,0.99704,18.46700000000004,12.864000000000033,18.459000000000003,0.6920000000000001,1016.17,1016.15,1011.37,1.4837715622022143,294.4435712847972
2026-06-10 06:00:00,291.13,291.232,285.707,70.6,0.00899659,0.788479,-0.781855,101536.0,101534.0,101055.0,24134.8,100.0,0.0,0.0,100.0,40.5394,4155.52,9120.46,4156.32,9.43986,24.7271,0.09248,-50.0,0.99704,17.980000000000018,12.557000000000016,18.08200000000005,0.706,1015.36,1015.34,1010.55,1.1104036988708206,314.7583157516145
2026-06-10 09:00:00,290.202,290.1,285.467,73.6,0.00881755,0.926975,-0.689768,101615.0,101614.0,101134.0,24134.9,82.7,0.0,0.0,82.7,40.5394,4115.68,20000.0,4116.32,10.2096,24.9591,0.00248,-50.0,0.99704,17.05200000000002,12.317000000000007,16.950000000000045,0.736,1016.15,1016.14,1011.34,1.155449066142251,306.65317019463504
2026-06-10 12:00:00,294.565,295.79,286.3,58.9,0.00930577,0.657385,0.0168799,101826.0,101822.0,101345.0,24135.1,1.6,0.0,0.0,1.6,40.5394,4175.84,20000.0,4176.64,8.25117,25.4544,0.0,-50.0,0.99704,21.41500000000002,13.150000000000034,22.640000000000043,0.589,1018.26,1018.22,1013.45,0.6576016797796445,268.52911983448064
2026-06-10 15:00:00,299.159,300.9,286.1,44.2,0.00920762,-1.11135,0.672588,101636.0,101629.0,101159.0,24135.0,3.8,0.0,0.0,3.8,40.5394,4250.88,20000.1,4251.52,5.70419,25.9282,0.0,-50.0,0.99704,26.00900000000001,12.950000000000044,27.75,0.442,1016.36,1016.29,1011.59,1.2990278827815822,121.18228765414293
2026-06-10 18:00:00,298.717,299.213,286.617,46.9,0.00956083,-2.15091,2.12639,101386.0,101379.0,100911.0,24135.3,0.0,0.0,0.0,0.0,40.5394,4093.44,20000.1,4094.08,3.72776,28.9509,0.0,-50.0,0.99704,25.567000000000007,13.46700000000004,26.063000000000045,0.469,1013.86,1013.79,1009.11,3.024557531309332,134.6715504817279
2026-06-10 21:00:00,293.781,294.058,290.0,79.0,0.0118922,-1.80949,1.09019,101558.0,101554.0,101080.0,24134.8,4.7,0.3,4.7,0.1,40.5394,3816.96,20000.2,3817.6,3.00348,34.8119,0.0,-50.0,0.99704,20.63100000000003,16.850000000000023,20.908000000000012,0.79,1015.58,1015.54,1010.8,2.112526519644192,121.06831941584444
2026-06-11 00:00:00,292.758,293.139,290.419,86.4,0.0122181,0.518105,0.394846,101754.0,101750.0,101274.0,24134.8,58.7,4.0,5.0,58.7,40.5394,3855.36,20000.2,3856.0,3.19663,37.8828,0.0,-50.0,0.99704,19.608000000000004,17.269000000000005,19.989000000000036,0.8640000000000001,1017.54,1017.5,1012.74,0.6514108954730494,232.6891020304566
2026-06-11 03:00:00,291.697,291.964,290.119,90.1,0.0119159,0.601616,-0.572014,101726.0,101724.0,101245.0,24134.6,89.2,12.9,75.8,88.3,40.5394,3746.24,14083.3,3746.88,4.20428,39.6349,0.00448,-50.0,0.99704,18.547000000000025,16.96900000000005,18.81400000000002,0.901,1017.26,1017.24,1012.45,0.8301456665260621,313.5551578145636
2026-06-11 06:00:00,291.116,291.193,289.719,91.3,0.0116375,0.0277539,0.0805811,101637.0,101635.0,101156.0,24134.9,100.0,5.1,100.0,71.8,40.5394,3837.28,4679.26,3837.92,3.97564,40.3097,0.03296,-50.0,0.99704,17.966000000000008,16.569000000000017,18.043000000000006,0.913,1016.37,1016.35,1011.56,0.0852267131973303,199.004832301315
2026-06-11 09:00:00,290.735,290.777,289.519,92.9,0.0115358,0.826506,-0.673137,101749.0,101747.0,101266.0,24135.0,99.8,6.9,99.8,81.9,40.5394,3773.28,4672.05,3773.92,5.37991,42.1662,0.05584,-50.0,0.99704,17.585000000000036,16.369000000000028,17.62700000000001,0.929,1017.49,1017.47,1012.66,1.0659388297669803,309.160643033955
2026-06-11 12:00:00,292.098,292.339,289.976,87.6,0.0118224,0.630718,-0.295354,101943.0,101940.0,101460.0,22753.6,100.0,100.0,100.0,99.7,40.5394,3759.36,2997.74,3760.0,3.61011,44.535,0.84064,-6.10352e-06,0.99704,18.94800000000004,16.826000000000022,19.18900000000002,0.8759999999999999,1019.43,1019.4,1014.6,0.6964475434948422,295.092855426611
2026-06-11 15:00:00,291.777,292.052,290.819,93.7,0.012456,0.634634,-0.264707,101842.0,101840.0,101361.0,24134.7,100.0,94.7,100.0,79.8,40.5394,3819.84,3355.71,3820.48,2.7083,43.3781,0.44912,-50.0,0.99704,18.62700000000001,17.66900000000004,18.902000000000044,0.937,1018.42,1018.4,1013.61,0.6876264318690782,292.64110615702515
2026-06-11 18:00:00,292.358,292.379,291.0,92.3,0.0126788,0.170981,1.13514,101594.0,101591.0,101115.0,24135.0,100.0,100.0,100.0,100.0,40.5394,3894.88,3231.28,3895.52,2.92853,42.2133,0.5976,-50.0,0.99704,19.208000000000027,17.850000000000023,19.22900000000004,0.923,1015.94,1015.91,1011.15,1.1479448253121751,188.56581079319403
2026-06-11 21:00:00,291.258,291.141,290.3,94.0,0.012095,-0.0532739,-0.205803,101679.0,101677.0,101198.0,24135.0,100.0,0.1,0.0,100.0,40.5394,3912.32,10514.9,3912.96,3.58913,36.5662,0.01952,-50.0,0.99704,18.108000000000004,17.150000000000034,17.991000000000042,0.94,1016.79,1016.77,1011.98,0.2125864135597804,14.512948866455872
2026-06-12 00:00:00,291.436,291.2,290.6,95.0,0.0123391,0.925297,-0.381147,101683.0,101680.0,101202.0,24134.7,100.0,0.0,3.6,100.0,40.5394,4308.48,10486.2,4309.12,2.55696,37.2271,0.01,-50.0,0.99704,18.286,17.450000000000045,18.05000000000001,0.95,1016.83,1016.8,1012.02,1.000723525164668,292.3876714797115
2026-06-12 03:00:00,290.965,290.736,289.722,92.9,0.0116933,0.586523,-0.940784,101663.0,101661.0,101181.0,24134.6,97.9,0.0,0.0,97.9,40.5394,4311.52,13227.5,4312.32,4.65679,33.6774,0.00624,-50.0,0.99704,17.814999999999998,16.572000000000003,17.586000000000013,0.929,1016.63,1016.61,1011.81,1.108640502681099,328.05890881325143
2026-06-12 06:00:00,290.461,290.193,289.282,93.6,0.0113957,0.731433,-0.897004,101526.0,101524.0,101045.0,24135.2,29.6,0.0,0.0,29.6,40.5394,4200.48,19999.9,4201.28,5.8177,32.7147,0.00064,-50.0,0.99704,17.311000000000035,16.132000000000005,17.043000000000006,0.936,1015.26,1015.24,1010.45,1.157415400582263,320.8055859622702
2026-06-12 09:00:00,290.07,289.688,289.0,93.6,0.0111366,0.942358,-0.877891,101518.0,101516.0,101036.0,24134.8,0.0,0.0,0.0,0.0,40.5394,4157.6,19999.9,4158.4,6.44653,31.0379,0.0,-50.0,0.99704,16.920000000000016,15.850000000000025,16.53800000000001,0.936,1015.18,1015.16,1010.36,1.2879173917782925,312.97162706515496
2026-06-12 12:00:00,294.602,295.645,289.8,74.0,0.011728,0.27137,-0.27137,101602.0,101597.0,101123.0,24135.2,24.5,0.0,0.0,24.5,40.5394,4163.68,19999.9,4164.32,3.6526,28.4098,0.00024,-50.0,0.99704,21.452,16.650000000000034,22.495000000000005,0.74,1016.02,1015.97,1011.23,0.3837751344211867,315.0
2026-06-12 15:00:00,301.057,302.847,288.8,47.0,0.0109947,-0.247473,0.510657,101316.0,101307.0,100843.0,24134.7,79.9,0.0,5.2,79.9,40.5394,4164.96,19999.9,4165.6,0.616209,29.643,0.0016,-50.0,0.99704,27.90700000000004,15.650000000000034,29.697000000000003,0.47,1013.16,1013.07,1008.43,0.5674622959968354,154.14438861694822
2026-06-12 18:00:00,302.534,303.077,288.555,42.4,0.0108716,-1.11066,-0.997998,101084.0,101072.0,100614.0,24135.1,100.0,0.0,86.3,100.0,40.5394,4074.72,7623.26,4075.52,-0.802753,34.6056,0.01728,-50.0,0.99704,29.38400000000001,15.40500000000003,29.92700000000002,0.424,1010.84,1010.72,1006.14,1.4931730119460371,48.05830791217579
2026-06-12 21:00:00,297.23,297.381,290.755,66.6,0.0124688,-1.80419,-0.804744,101219.0,101212.0,100745.0,24134.9,100.0,18.6,100.0,100.0,40.5394,4048.48,4166.87,4049.12,-1.66926,41.294,0.62368,-50.0,0.99704,24.08000000000004,17.605000000000018,24.230999999999995,0.6659999999999999,1012.19,1012.12,1007.45,1.9755289068085036,65.96113509699956
2026-06-13 00:00:00,294.417,294.481,291.258,82.8,0.0129515,1.25487,-0.659231,101317.0,101312.0,100841.0,24135.0,100.0,1.0,97.3,100.0,40.5394,4239.84,6686.23,4240.48,-1.67389,36.7405,0.14,-50.0,0.99704,21.267,18.108000000000004,21.331000000000017,0.828,1013.17,1013.12,1008.41,1.4174922321695451,297.71465597229087
2026-06-13 03:00:00,294.232,294.3,290.4,78.9,0.0122,1.34559,-0.94467,101274.0,101269.0,100797.0,24135.0,75.2,0.0,7.3,75.2,40.5394,4199.52,11329.5,4200.32,-1.05882,32.4993,0.01744,-50.0,0.99704,21.08200000000005,17.25,21.150000000000038,0.789,1012.74,1012.69,1007.97,1.6440845042150358,305.0707324373072
2026-06-13 06:00:00,293.717,293.668,290.3,80.4,0.0121132,0.922913,-1.05195,101212.0,101208.0,100736.0,24135.2,100.0,0.0,95.0,100.0,40.5394,4119.04,6678.82,4119.84,-1.3726,34.1815,0.12816,-50.0,0.99704,20.567000000000007,17.150000000000034,20.51800000000003,0.804,1012.12,1012.08,1007.36,1.399416738526805,318.73837630803166
2026-06-13 09:00:00,293.755,293.445,290.3,80.8,0.0121348,1.21719,-0.560173,101276.0,101271.0,100799.0,24135.1,100.0,0.0,23.7,100.0,40.5394,4269.28,8170.72,4270.08,-1.53733,36.2407,0.03768,-50.0,0.99704,20.605000000000015,17.150000000000034,20.295000000000016,0.8079999999999999,1012.76,1012.71,1007.99,1.3399049541027157,294.7127482647561
2026-06-13 12:00:00,298.734,299.536,291.1,62.2,0.0127172,0.820098,-0.421748,101460.0,101451.0,100985.0,24134.9,100.0,0.0,0.4,100.0,40.5394,4223.68,20000.2,4224.32,-4.09877,37.1648,0.00368,-50.0,0.99704,25.584000000000003,17.950000000000045,26.386000000000024,0.622,1014.6,1014.51,1009.85,0.9221887578516668,297.2151896442904
2026-06-13 15:00:00,303.41,304.817,290.5,46.0,0.0123397,2.08126,1.93472,101445.0,101432.0,100973.0,24135.1,100.0,47.5,96.0,100.0,40.5394,4017.92,3804.19,4018.56,-5.32923,43.5909,0.20064,-50.0,0.99704,30.260000000000048,17.350000000000023,31.66700000000003,0.46,1014.45,1014.32,1009.73,2.841616558580696,227.089751474453
2026-06-13 18:00:00,298.701,299.4,292.601,68.8,0.014012,-0.642119,1.39221,101472.0,101463.0,100998.0,23822.4,100.0,30.5,5.0,100.0,40.5394,4086.4,10180.2,4087.2,-4.45698,43.5199,0.01432,-49.0,0.99704,25.551000000000045,19.451000000000025,26.25,0.688,1014.72,1014.63,1009.98,1.533155404471771,155.2397710142497
2026-06-13 21:00:00,294.657,295.3,290.8,78.7,0.0124857,-1.08259,2.19507,101722.0,101717.0,101242.0,24135.1,97.1,97.1,0.0,0.0,40.5394,4053.28,572.249,4053.92,-0.296826,41.7042,0.3328,-50.0,0.99704,21.507000000000005,17.650000000000034,22.150000000000038,0.787,1017.22,1017.17,1012.42,2.4475157635855997,153.74787378389382
2026-06-14 00:00:00,294.676,295.419,291.1,79.8,0.012703,0.263679,1.09279,101833.0,101828.0,101354.0,23669.6,100.0,100.0,0.0,0.4,40.5394,4224.8,668.65,4225.6,-0.121754,38.9043,0.24,-50.0,0.99704,21.52600000000001,17.950000000000045,22.269000000000005,0.7979999999999999,1018.33,1018.28,1013.54,1.124151501863072,193.5655840898996
2026-06-14 03:00:00,294.447,295.085,291.6,83.6,0.0131171,0.444294,0.304999,101805.0,101800.0,101324.0,23746.8,100.0,96.3,0.0,100.0,40.5394,4384.32,685.867,4384.96,-0.632345,36.8037,0.19024,-33.5,0.99704,21.297000000000025,18.450000000000045,21.935,0.836,1018.05,1018.0,1013.24,0.538907736479075,235.5311756478895
2026-06-14 06:00:00,293.908,294.406,291.888,87.9,0.0133705,0.351775,-0.179382,101755.0,101751.0,101277.0,24135.2,100.0,99.9,0.0,100.0,40.5394,4426.88,527.034,4427.52,-1.02868,33.3184,0.22224,-33.5,0.99704,20.75800000000004,18.738,21.25600000000003,0.879,1017.55,1017.51,1012.77,0.3948715646244991,297.0185762953836
2026-06-14 09:00:00,293.6,293.824,292.2,91.9,0.0136414,-0.0152197,0.375388,101852.0,101847.0,101372.0,24134.8,100.0,94.6,0.0,100.0,40.5394,4424.0,415.449,4424.8,-1.10693,34.3331,0.19568,-33.5,0.99704,20.450000000000045,19.05000000000001,20.674000000000035,0.919,1018.52,1018.47,1013.72,0.3756964064402133,177.67827625776505
2026-06-14 12:00:00,295.284,296.5,292.3,82.9,0.0136484,-0.579738,0.0813989,101988.0,101983.0,101507.0,24135.1,91.5,60.1,0.0,79.8,40.5394,4389.12,324.629,4389.92,-1.34925,33.8447,0.02384,-47.6,0.99704,22.13400000000001,19.150000000000038,23.350000000000023,0.8290000000000001,1019.88,1019.83,1015.07,0.5854245720545133,97.99244403701404
2026-06-14 15:00:00,298.836,300.712,291.112,62.3,0.0127339,-1.30434,0.745984,101782.0,101774.0,101305.0,24135.0,50.4,49.5,0.0,38.9,40.5394,4419.2,14134.9,4420.0,-1.79387,33.4901,0.02368,-50.0,0.99704,25.686000000000035,17.962000000000046,27.56200000000001,0.623,1017.82,1017.74,1013.05,1.5025960747506295,119.76629689131452
2026-06-14 18:00:00,298.553,299.2,290.9,62.1,0.0125553,-2.25379,1.38087,101519.0,101511.0,101044.0,24134.7,100.0,1.4,0.4,100.0,40.5394,4392.0,8591.77,4392.8,-2.21345,35.5578,0.03504,-50.0,0.99704,25.40300000000002,17.75,26.05000000000001,0.621,1015.19,1015.11,1010.44,2.6431744779715167,121.4953000961967
2026-06-14 21:00:00,294.965,295.3,291.4,79.8,0.0129567,-1.08427,1.44884,101591.0,101585.0,101113.0,24135.0,100.0,0.0,5.0,100.0,40.5394,4240.96,8375.06,4241.76,-0.345831,42.2739,0.0416,-50.0,0.99704,21.815,18.25,22.150000000000038,0.7979999999999999,1015.91,1015.85,1011.13,1.8096349848795477,143.1898792993681
2026-06-15 00:00:00,293.882,294.2,291.872,88.2,0.0133775,-0.395479,0.30197,101758.0,101753.0,101280.0,24135.0,100.0,0.0,0.6,100.0,40.5394,4308.32,9130.49,4308.96,-0.362183,41.5655,0.05,-50.0,0.99704,20.732000000000028,18.72200000000004,21.05000000000001,0.882,1017.58,1017.53,1012.8,0.4975836817471007,127.3637275910798
2026-06-15 03:00:00,293.432,293.634,291.7,89.9,0.0132339,0.975974,0.605977,101716.0,101712.0,101237.0,24135.1,100.0,0.0,98.3,99.1,40.5394,4308.8,6569.43,4309.44,-0.339975,43.9249,0.04264,-50.0,0.99704,20.28200000000004,18.55000000000001,20.48400000000004,0.899,1017.16,1017.12,1012.37,1.1487964890288445,238.16407686729437
2026-06-15 06:00:00,292.437,292.469,291.407,93.8,0.0129818,1.24144,-0.0840625,101646.0,101643.0,101166.0,24134.9,100.0,13.4,0.0,100.0,40.5394,4218.56,19999.8,4219.2,0.272272,43.8486,0.00064,-50.0,0.99704,19.287000000000035,18.257000000000005,19.319000000000017,0.938,1016.46,1016.43,1011.66,1.2442828366196532,273.8737960046305
2026-06-15 09:00:00,292.091,292.089,291.165,94.3,0.012762,1.10331,-0.668173,101702.0,101698.0,101221.0,24135.1,46.9,46.9,5.0,5.0,40.5394,4285.44,7063.45,4286.24,0.871336,43.7456,0.01888,-50.0,0.99704,18.94100000000003,18.015000000000043,18.93900000000002,0.943,1017.02,1016.98,1012.21,1.2898636028778392,301.1994191678123
2026-06-15 12:00:00,295.582,296.857,291.433,77.7,0.0129985,0.871458,0.450226,101831.0,101825.0,101352.0,24135.1,52.8,52.8,15.6,4.3,40.5394,4115.36,7293.97,4116.0,-0.883231,43.0145,0.03568,-50.0,0.99704,22.432000000000016,18.283000000000012,23.70700000000005,0.777,1018.31,1018.25,1013.52,0.9808886261140966,242.67752542768997
2026-06-15 15:00:00,298.196,299.695,292.2,69.3,0.0136384,0.285625,2.4222,101720.0,101712.0,101243.0,16796.3,100.0,38.9,0.0,100.0,40.5394,4248.8,782.016,4249.44,-2.84807,42.3461,0.0296,-1.00001,0.99704,25.04600000000005,19.05000000000001,26.545000000000016,0.693,1017.2,1017.12,1012.43,2.4389822632862668,186.72524197917053
2026-06-15 18:00:00,295.757,296.1,293.6,87.7,0.0149241,1.30266,1.34063,101649.0,101643.0,101172.0,9630.85,74.4,74.4,0.0,3.9,40.5394,4190.24,419.566,4190.88,-3.00972,42.6362,0.09064,-6.10352e-06,0.99704,22.607000000000028,20.450000000000045,22.950000000000045,0.877,1016.49,1016.43,1011.72,1.8692811111494168,224.177021389438
2026-06-15 21:00:00,293.594,294.0,292.9,95.6,0.0142675,0.565413,0.104458,101764.0,101759.0,101284.0,23252.6,100.0,100.0,0.0,5.0,40.5394,4266.56,302.419,4267.36,-1.62408,41.2193,0.33968,-1.00001,0.99704,20.444000000000017,19.75,20.850000000000023,0.956,1017.64,1017.59,1012.84,0.5749811599809163,259.53283345656934
2026-06-16 00:00:00,293.302,293.626,292.8,96.7,0.0141133,1.00735,0.147047,101889.0,101885.0,101408.0,14927.2,100.0,100.0,0.0,43.4,40.5394,4312.48,374.846,4313.28,-0.921687,41.2168,1.04496,-6.10352e-06,0.99704,20.152000000000044,19.650000000000038,20.476,0.967,1018.89,1018.85,1014.08,1.018025953848427,261.6949583460632
2026-06-16 03:00:00,293.019,293.208,292.733,98.2,0.0140416,0.978943,0.288005,101827.0,101823.0,101346.0,15651.6,100.0,100.0,1.4,98.3,40.5394,4264.0,85.2307,4264.8,-0.60946,41.2212,1.04512,-6.10352e-06,0.99704,19.869000000000028,19.583000000000027,20.05800000000005,0.982,1018.27,1018.23,1013.46,1.02042945727473,253.60611860996016
2026-06-16 06:00:00,292.49,292.572,292.273,98.7,0.0137132,1.55597,-0.194713,101709.0,101705.0,101228.0,6957.21,100.0,100.0,0.0,100.0,40.5394,3940.16,57.2282,4207.2,-0.411187,39.5626,1.55792,-6.10352e-06,0.99704,19.340000000000032,19.123000000000047,19.422000000000025,0.987,1017.09,1017.05,1012.28,1.568105797855808,277.1328748494541
2026-06-16 09:00:00,292.363,292.37,292.002,97.7,0.0134045,1.15927,-0.19082,101770.0,101767.0,101290.0,17070.0,100.0,100.0,5.1,100.0,40.5394,4172.48,337.243,4173.12,-0.341446,37.2945,0.61136,-47.6,0.99704,19.213000000000022,18.852000000000032,19.220000000000027,0.977,1017.7,1017.67,1012.9,1.174869867389576,279.34727285044664
2026-06-16 12:00:00,292.258,292.3,291.8,97.0,0.0132646,1.22204,-0.067771,101954.0,101951.0,101472.0,19409.8,100.0,100.0,5.0,100.0,40.5394,4209.92,115.72,4210.72,-0.600076,36.9453,1.34128,-6.10352e-06,0.99704,19.108000000000004,18.650000000000038,19.150000000000038,0.97,1019.54,1019.51,1014.72,1.2239177546064932,273.1742159647536
2026-06-16 15:00:00,292.572,292.527,291.7,95.2,0.0132301,0.740245,-0.543628,101890.0,101887.0,101409.0,24135.2,99.3,99.3,5.0,85.2,40.5394,4152.32,866.577,4153.12,-0.956969,33.3806,0.23312,-34.8,0.99704,19.422000000000025,18.55000000000001,19.37700000000001,0.952,1018.9,1018.87,1014.09,0.9184193281987264,306.29316162572445
2026-06-16 18:00:00,293.612,293.508,291.7,89.2,0.0132208,0.440892,-0.736614,101763.0,101759.0,101283.0,23466.6,68.8,68.8,0.0,0.0,40.5394,4111.04,1610.81,4111.84,-1.5165,33.0816,0.1108,-15.2,0.99704,20.46200000000005,18.55000000000001,20.358000000000004,0.892,1017.63,1017.59,1012.83,0.8584788527739049,329.0978458277981
2026-06-16 21:00:00,292.122,291.792,291.1,94.3,0.0127596,0.767964,0.150347,101895.0,101891.0,101412.0,23745.4,49.3,49.3,0.0,0.0,40.5394,3980.48,14487.3,3981.28,-1.42109,32.1193,0.02864,-15.2,0.99704,18.97200000000004,17.950000000000045,18.642,0.943,1018.95,1018.91,1014.12,0.7825426031245839,258.9231024035677
2026-06-17 00:00:00,291.765,291.67,291.122,96.2,0.0127125,-0.573464,0.839333,102021.0,102018.0,101538.0,23650.4,95.0,95.0,0.0,0.0,40.5394,4044.96,386.727,4045.76,-0.781749,27.8961,0.3,-6.10352e-06,0.99704,18.61500000000001,17.972000000000037,18.52000000000004,0.962,1020.21,1020.18,1015.38,1.0165337398163428,145.657635605292
2026-06-17 03:00:00,291.608,291.586,290.922,95.9,0.0125205,-0.444172,0.331453,102011.0,102009.0,101529.0,23648.4,75.7,75.7,0.0,0.0,40.5394,4063.52,487.663,4064.32,0.901308,26.0598,0.13832,-32.4,0.99704,18.458000000000027,17.772000000000048,18.436000000000035,0.959,1020.11,1020.09,1015.29,0.5542110218977966,126.73128211299488
2026-06-17 06:00:00,291.386,291.408,290.743,95.9,0.0123874,-0.198552,0.0610193,101911.0,101908.0,101429.0,23428.7,61.3,61.3,0.0,0.0,40.5394,4023.52,7949.2,4024.16,1.65527,24.5708,0.05584,-32.4,0.99704,18.236000000000047,17.593000000000018,18.25800000000004,0.959,1019.11,1019.08,1014.29,0.207716758294775,107.08331910218658
2026-06-17 09:00:00,289.929,290.0,289.543,97.8,0.0115496,0.991663,-1.26417,101973.0,101972.0,101489.0,23992.7,33.3,33.3,0.0,0.0,40.5394,4047.84,20000.0,4048.48,4.64797,24.4206,0.03712,-47.6,0.99704,16.778999999999996,16.39300000000003,16.850000000000023,0.978,1019.73,1019.72,1014.89,1.6067113289166164,321.8880144932233
2026-06-17 12:00:00,292.635,292.808,290.443,87.4,0.012145,1.83656,-0.613564,102174.0,102171.0,101691.0,24068.7,0.4,0.4,0.0,0.0,40.5394,4170.08,20000.1,4170.88,2.8,23.3993,0.0,-32.4,0.99704,19.485000000000014,17.293000000000006,19.658000000000012,0.8740000000000001,1021.74,1021.71,1016.91,1.9363402117644517,288.4736123360881
2026-06-17 15:00:00,296.132,297.508,288.802,63.4,0.0109588,1.52442,1.73916,102124.0,102119.0,101644.0,24134.9,13.9,13.9,0.0,5.0,40.5394,4197.92,20000.1,4198.72,2.06454,23.4503,0.00144,-2.40001,0.99704,22.982000000000028,15.652000000000044,24.358000000000004,0.634,1021.24,1021.19,1016.44,2.312689741837413,221.2354269214725
2026-06-17 18:00:00,295.616,295.908,288.408,63.9,0.0107077,0.853083,2.79749,101995.0,101989.0,101515.0,24135.1,30.5,30.5,0.0,0.0,40.5394,4125.6,20000.1,4126.24,2.34028,22.4369,0.0072,-35.9,0.99704,22.466000000000008,15.258000000000038,22.75800000000004,0.639,1019.95,1019.89,1015.15,2.924671076375769,196.95886796859963
2026-06-17 21:00:00,291.729,291.844,288.763,82.7,0.0109015,0.4801,1.33249,102201.0,102199.0,101719.0,24135.0,39.6,39.6,0.0,0.0,40.5394,4030.88,14166.4,4031.52,4.00069,22.8668,0.01792,-35.9,0.99704,18.579000000000008,15.613,18.694000000000017,0.8270000000000001,1022.01,1021.99,1017.19,1.416342335065926,199.81423819379256
2026-06-18 00:00:00,290.929,290.907,289.115,88.9,0.011114,1.01965,0.796875,102324.0,102322.0,101840.0,24087.4,34.4,34.4,0.0,0.0,40.5394,4184.32,14309.6,4184.96,5.7485,21.5207,0.04,-16.5,0.99704,17.778999999999996,15.965000000000032,17.757000000000005,0.889,1023.24,1023.22,1018.4,1.2941004165539087,231.99172746945447
2026-06-18 03:00:00,289.861,289.539,288.0,88.2,0.0103101,0.937261,0.47408,102364.0,102363.0,101880.0,24134.9,0.1,0.1,0.0,0.0,40.5394,4188.8,20000.1,4189.44,8.21638,19.1732,0.0,-34.8,0.99704,16.711000000000013,14.850000000000025,16.38900000000001,0.882,1023.64,1023.63,1018.8,1.050338054400106,243.16906204506776
2026-06-18 06:00:00,288.894,288.5,286.6,86.4,0.0094902,0.728433,-0.209326,102351.0,102351.0,101866.0,24135.0,6.1,1.4,0.0,5.0,40.5394,4176.0,20000.1,4176.8,9.95338,17.219,0.00032,-35.9,0.99704,15.744000000000028,13.450000000000044,15.350000000000025,0.8640000000000001,1023.51,1023.51,1018.66,0.7579129302004287,286.0327878200381
2026-06-18 09:00:00,288.13,287.8,286.006,87.2,0.00910991,0.555059,-1.06439,102416.0,102417.0,101929.0,24135.2,4.0,4.0,0.0,0.0,40.5394,4192.48,20000.0,4193.12,11.0481,16.846,0.0,-50.0,0.99704,14.980000000000018,12.855999999999996,14.650000000000034,0.872,1024.16,1024.17,1019.29,1.2004234942640035,332.45882174660164
2026-06-18 12:00:00,291.958,292.433,286.766,71.5,0.00952215,0.552832,-1.01845,102621.0,102618.0,102135.0,24135.0,1.1,1.1,0.0,0.0,40.5394,4310.88,20000.0,4311.68,9.02938,17.3186,0.00016,-50.0,0.99704,18.80800000000005,13.616000000000042,19.283000000000012,0.715,1026.21,1026.18,1021.35,1.158819926789318,331.5061367609402
2026-06-18 15:00:00,296.058,298.1,285.219,50.4,0.00865045,-0.117112,0.363904,102469.0,102465.0,101986.0,24135.3,36.9,36.9,0.0,0.0,40.5394,4388.0,19999.9,4388.8,9.2077,18.1221,0.01104,-50.0,0.99704,22.908000000000012,12.069000000000017,24.950000000000045,0.504,1024.69,1024.65,1019.86,0.3822843728953617,162.1607271500931
2026-06-18 18:00:00,294.915,294.979,285.605,55.6,0.0088625,-2.19016,1.87063,102345.0,102340.0,101863.0,24135.1,53.4,53.4,0.0,0.0,40.5394,4398.56,8083.64,4399.36,8.73895,18.6557,0.0176,-50.0,0.99704,21.765000000000043,12.45500000000004,21.829000000000008,0.556,1023.45,1023.4,1018.63,2.8802877325885343,130.50085684239932
2026-06-18 21:00:00,290.807,290.86,286.3,74.6,0.00925879,-0.529644,0.582036,102488.0,102487.0,102003.0,24135.0,5.1,0.6,0.0,5.1,40.5394,4535.84,20000.1,4536.64,10.1898,19.3083,0.0,-50.0,0.99704,17.65700000000004,13.150000000000034,17.710000000000036,0.746,1024.88,1024.87,1020.03,0.7869489640580258,137.6982773488699
2026-06-19 00:00:00,290.084,290.247,286.125,77.4,0.00911538,-0.127253,-1.20913,102554.0,102554.0,102068.0,24135.0,86.6,8.8,0.0,86.6,40.5394,4741.12,20000.0,4741.92,10.959,19.3801,0.0,-50.0,0.99704,16.934000000000026,12.975000000000025,17.097000000000037,0.774,1025.54,1025.54,1020.68,1.2158078314063452,6.007888555439536
2026-06-19 03:00:00,289.1,289.152,286.103,82.5,0.00913887,-0.132803,-0.871692,102531.0,102530.0,102044.0,24135.1,100.0,0.0,0.0,100.0,40.5394,4749.28,19792.0,4750.24,11.5686,18.9303,0.00352,-50.0,0.99704,15.950000000000044,12.953000000000031,16.00200000000001,0.825,1025.31,1025.3,1020.44,0.8817502932650491,8.662448724791943
2026-06-19 06:00:00,288.149,288.246,285.5,84.2,0.0088001,0.951477,-0.499858,102375.0,102376.0,101887.0,24135.1,31.6,0.0,0.0,31.6,40.5394,4767.2,20000.0,4768.16,13.0843,17.1991,0.00016,-50.0,0.99704,14.999000000000024,12.350000000000025,15.096000000000004,0.8420000000000001,1023.75,1023.76,1018.87,1.0747867238168696,297.7151702336552
2026-06-19 09:00:00,287.475,287.51,284.8,84.1,0.00840566,0.417708,-0.730583,102302.0,102302.0,101813.0,24135.4,5.0,0.0,0.0,5.0,40.5394,4803.52,20000.0,4804.32,13.9589,17.076,0.00016,-50.0,0.99704,14.325000000000044,11.650000000000034,14.360000000000014,0.841,1023.02,1023.02,1018.13,0.8415649072727546,330.2414046960908
2026-06-19 12:00:00,291.653,292.724,285.2,66.0,0.00861296,0.440549,-0.299536,102358.0,102356.0,101873.0,24135.1,17.4,0.0,0.0,17.4,40.5394,4834.24,20000.0,4835.2,11.9176,15.1255,0.00032,-50.0,0.99704,18.503000000000043,12.050000000000011,19.57400000000001,0.66,1023.58,1023.56,1018.73,0.5327337390263546,304.2123830275547
2026-06-19 15:00:00,296.6,297.609,284.8,47.5,0.00843957,-0.749604,0.701609,102064.0,102059.0,101583.0,24134.9,76.6,0.0,0.0,76.6,40.5394,4819.84,20000.0,4820.64,9.3201,15.8806,0.00176,-50.0,0.99704,23.450000000000045,11.650000000000034,24.459000000000003,0.475,1020.64,1020.59,1015.83,1.026723597516391,133.10578530050282
2026-06-19 18:00:00,296.627,296.673,285.412,48.8,0.00876795,-1.73088,0.568152,101828.0,101822.0,101350.0,24135.2,7.3,0.0,0.0,7.3,40.5394,4777.6,20000.0,4778.4,7.72478,17.1035,0.00016,-50.0,0.99704,23.477000000000032,12.262,23.523000000000025,0.488,1018.28,1018.22,1013.5,1.8217415484925408,108.17214241362387
2026-06-19 21:00:00,292.548,292.3,286.012,65.6,0.00913057,-1.35997,-0.298477,101784.0,101781.0,101303.0,24134.9,9.8,0.0,0.0,9.8,40.5394,4734.4,20000.0,4735.2,8.66616,18.5142,0.0,-50.0,0.99704,19.398000000000025,12.862000000000023,19.150000000000038,0.6559999999999999,1017.84,1017.81,1013.03,1.3923386514885665,77.62137334058485
2026-06-20 00:00:00,291.156,291.021,286.224,72.7,0.00925339,-0.429397,-1.1517,101886.0,101884.0,101404.0,24135.0,100.0,0.0,0.0,100.0,40.5394,4712.32,20000.1,4713.28,10.0664,18.4217,0.0,-50.0,0.99704,18.00600000000003,13.074000000000012,17.871000000000038,0.727,1018.86,1018.84,1014.04,1.2291438783189703,20.447343785572
2026-06-20 03:00:00,290.084,290.1,285.512,74.4,0.00886576,0.698013,-0.795891,101819.0,101818.0,101337.0,24135.1,94.4,0.0,0.0,94.4,40.5394,4706.56,20000.1,4707.36,11.8679,17.4129,0.00192,-50.0,0.99704,16.934000000000026,12.362000000000023,16.950000000000045,0.7440000000000001,1018.19,1018.18,1013.37,1.0586144869828675,318.7485625152181
2026-06-20 06:00:00,289.336,289.257,285.2,76.3,0.00865579,0.598621,-0.635068,101682.0,101681.0,101199.0,24134.9,100.0,0.0,0.0,100.0,40.5394,4673.28,20000.1,4674.24,12.2784,17.1402,0.00208,-50.0,0.99704,16.186000000000035,12.050000000000011,16.107000000000028,0.763,1016.82,1016.81,1011.99,0.8727304659887839,316.69220285923257
2026-06-20 09:00:00,288.788,288.562,285.088,78.6,0.00861319,0.814124,-0.878416,101628.0,101628.0,101145.0,24134.8,100.0,0.0,0.0,100.0,40.5394,4681.44,10770.5,4682.24,12.5776,17.8789,0.00816,-50.0,0.99704,15.638000000000034,11.938000000000043,15.412000000000036,0.7859999999999999,1016.28,1016.28,1011.45,1.1976696357643872,317.17536369711854
2026-06-20 12:00:00,,,,,,,,,,,,,,,,,,,,,,,,,,,,,,,,,
2026-06-20 15:00:00,299.824,300.914,286.7,44.3,0.00961604,0.561445,0.0649853,101514.0,101506.0,101040.0,24135.2,100.0,0.0,0.0,100.0,40.5394,4620.16,9321.4,4620.96,6.09959,19.5553,0.01632,-50.0,0.99704,26.674000000000035,13.550000000000011,27.76400000000001,0.4429999999999999,1015.14,1015.06,1010.4,0.5651933980869646,263.3975935161127
2026-06-20 18:00:00,300.3,300.143,287.3,44.8,0.0100345,-1.118,-0.426399,101215.0,101206.0,100743.0,24134.9,93.1,0.0,0.0,93.1,40.5394,4615.68,20000.0,4616.48,4.56096,20.6818,0.00384,-50.0,0.99704,27.150000000000038,14.150000000000034,26.992999999999995,0.4479999999999999,1012.15,1012.06,1007.43,1.1965534284773915,69.12342627669148
2026-06-20 21:00:00,294.621,294.4,287.9,65.3,0.0103685,-1.42746,-1.04722,101194.0,101188.0,100717.0,24134.9,12.9,0.0,0.0,12.9,40.5394,4654.88,19999.8,4655.68,5.43531,21.1614,0.00016,-50.0,0.99704,21.471000000000004,14.75,21.25,0.653,1011.94,1011.88,1007.17,1.7703987629909823,53.73530555654156
2026-06-21 00:00:00,292.899,292.9,287.124,69.1,0.00992458,0.729731,-1.43918,101246.0,101242.0,100769.0,24135.2,100.0,0.0,3.4,100.0,40.5394,4845.12,8410.86,4845.92,6.78768,24.888,0.02,-50.0,0.99704,19.749000000000024,13.974000000000046,19.75,0.691,1012.46,1012.42,1007.69,1.6136128422769198,333.1128780213841
2026-06-21 03:00:00,292.857,292.621,286.6,66.9,0.00954702,0.753828,-0.977173,101203.0,101199.0,100725.0,24134.9,100.0,3.9,100.0,100.0,40.5394,4878.24,6240.47,4879.2,7.00007,32.5152,0.19848,-50.0,0.99704,19.70700000000005,13.450000000000044,19.471000000000004,0.669,1012.03,1011.99,1007.25,1.2341489883774162,322.3520548325894
2026-06-21 06:00:00,292.161,292.004,287.912,76.2,0.0104207,2.19002,-0.73113,101323.0,101320.0,100845.0,24135.3,100.0,0.0,0.0,100.0,40.5394,4694.72,8956.49,4695.68,6.16027,30.6564,0.028,-50.0,0.99704,19.011000000000024,14.762,18.85400000000004,0.762,1013.23,1013.2,1008.45,2.308839248908421,288.46139475341374
2026-06-21 09:00:00,291.14,290.906,289.712,92.0,0.0117128,1.28846,-0.10179,101540.0,101538.0,101060.0,24134.9,6.7,6.2,0.0,5.0,40.5394,4635.84,20000.1,4636.64,5.17967,29.148,8e-05,-50.0,0.99704,17.99000000000001,16.562000000000012,17.75600000000003,0.92,1015.4,1015.38,1010.6,1.2924745164605762,274.5170586940275
2026-06-21 12:00:00,293.597,294.4,291.136,85.9,0.0127729,1.06579,-0.749993,101841.0,101837.0,101361.0,24134.8,88.0,88.0,0.0,2.5,40.5394,4686.4,546.445,4687.2,3.44392,30.9674,0.18416,-6.10352e-06,0.99704,20.447000000000003,17.986000000000047,21.25,0.8590000000000001,1018.41,1018.37,1013.61,1.30322592981762,305.13392805882336
2026-06-21 15:00:00,294.279,295.3,291.624,84.8,0.0131527,1.21695,1.08312,101830.0,101825.0,101351.0,23974.9,87.9,87.9,0.0,1.1,40.5394,4640.32,646.804,4641.12,2.60002,29.1761,0.24592,-33.5,0.99704,21.12900000000002,18.474000000000046,22.150000000000038,0.848,1018.3,1018.25,1013.51,1.6291458611493326,228.33001102064327
2026-06-21 18:00:00,294.3,295.3,291.3,83.0,0.012925,0.198333,2.09268,101713.0,101709.0,101235.0,24122.9,98.9,52.2,0.0,98.9,40.5394,4534.72,393.216,4535.52,3.03524,26.721,0.064,-34.8,0.99704,21.150000000000038,18.150000000000038,22.150000000000038,0.83,1017.13,1017.09,1012.35,2.1020574590836,185.41401571320196
2026-06-21 21:00:00,292.918,293.272,290.8,87.2,0.0124672,-0.162297,0.380669,101833.0,101829.0,101353.0,23830.4,99.9,99.9,0.0,35.6,40.5394,4544.32,701.196,4545.12,4.95841,26.6566,0.27856,-34.8,0.99704,19.76800000000003,17.650000000000034,20.12200000000001,0.872,1018.33,1018.29,1013.53,0.4138226718897841,156.9091807080941
2026-06-22 00:00:00,291.283,291.322,290.042,92.5,0.0118985,-0.0614453,-1.11891,101889.0,101886.0,101407.0,24135.3,3.3,3.3,0.0,0.0,40.5394,4588.64,20000.0,4589.44,6.49223,25.521,0.0,-50.0,0.99704,18.13300000000004,16.891999999999996,18.172000000000025,0.925,1018.89,1018.86,1014.07,1.1205958740741866,3.14325886715784
2026-06-22 03:00:00,290.389,290.389,289.495,94.6,0.0114445,0.36769,-0.270217,101841.0,101839.0,101358.0,24134.8,0.1,0.1,0.0,0.0,40.5394,4645.92,20000.0,4646.72,7.32664,23.998,0.0,-50.0,0.99704,17.239000000000033,16.345000000000027,17.239000000000033,0.946,1018.41,1018.39,1013.58,0.4563038058015734,306.3123300961273
2026-06-22 06:00:00,289.926,289.8,289.016,94.7,0.0111339,-0.130154,0.0236035,101809.0,101808.0,101328.0,24135.1,0.6,0.6,0.0,0.0,40.5394,4607.2,20000.0,4608.16,8.00778,23.9622,0.0,-50.0,0.99704,16.77600000000001,15.866000000000042,16.650000000000034,0.947,1018.09,1018.08,1013.28,0.1322769402739948,100.2789086123689
2026-06-22 09:00:00,289.486,289.283,288.643,95.3,0.0108904,-0.0640283,-0.400098,101843.0,101842.0,101360.0,24134.8,0.2,0.2,0.0,0.0,40.5394,4624.32,20000.0,4625.12,8.12795,23.3682,0.0,-50.0,0.99704,16.336000000000013,15.492999999999997,16.133000000000038,0.953,1018.43,1018.42,1013.6,0.4051888853422438,9.09203904072922
2026-06-22 12:00:00,293.464,294.607,289.498,78.2,0.0114655,-0.524097,-0.397617,101932.0,101928.0,101450.0,24135.1,0.0,0.0,0.0,0.0,40.5394,4626.72,20000.1,4627.52,6.15583,22.4086,0.0,-50.0,0.99704,20.31400000000002,16.348000000000013,21.45700000000005,0.782,1019.32,1019.28,1014.5,0.6578578449011611,52.81347751094336
2026-06-22 15:00:00,298.595,299.9,289.7,58.1,0.0116709,-0.638535,1.05715,101733.0,101726.0,101256.0,24135.3,0.0,0.0,0.0,0.0,40.5394,4615.84,20000.2,4616.64,3.37355,22.7145,0.0,-50.0,0.99704,25.44500000000005,16.55000000000001,26.75,0.581,1017.33,1017.26,1012.56,1.2350275578807948,148.86737255421951
2026-06-22 18:00:00,299.2,299.429,289.943,56.3,0.0118417,-2.04721,1.28342,101463.0,101454.0,100988.0,24135.1,0.0,0.0,0.0,0.0,40.5394,4668.64,20000.2,4669.44,2.17941,23.9147,0.0,-50.0,0.99704,26.05000000000001,16.793000000000006,26.279,0.563,1014.63,1014.54,1009.88,2.416244126842319,122.08408235448331
2026-06-22 21:00:00,294.234,294.212,290.846,80.8,0.0125663,-0.80416,0.88821,101452.0,101447.0,100976.0,24135.2,0.0,0.0,0.0,0.0,40.5394,4698.56,19999.9,4699.36,2.91807,24.8271,0.0,-50.0,0.99704,21.084000000000003,17.696000000000026,21.06200000000001,0.8079999999999999,1014.52,1014.47,1009.76,1.1981612202454226,137.84320613533663
2026-06-23 00:00:00,293.615,293.395,290.127,80.7,0.0120168,-0.0763245,-0.9164,101503.0,101498.0,101025.0,24135.1,1.4,0.0,0.0,1.4,40.5394,4544.8,20000.1,4545.6,4.18449,21.6077,0.0,-50.0,0.99704,20.465000000000032,16.977000000000032,20.245000000000005,0.807,1015.03,1014.98,1010.25,0.9195729385428052,4.761023489836873
2026-06-23 03:00:00,292.614,292.372,289.6,82.4,0.0115748,0.0647461,-0.645862,101492.0,101487.0,101013.0,24135.0,17.9,0.0,0.0,17.9,40.5394,4626.88,20000.1,4627.84,5.80892,20.6763,0.0,-50.0,0.99704,19.464,16.450000000000045,19.22200000000004,0.8240000000000001,1014.92,1014.87,1010.13,0.6490992069855039,354.27536258716736
2026-06-23 06:00:00,291.8,291.604,288.8,82.8,0.0110188,0.0585327,-0.786328,101315.0,101311.0,100835.0,24134.8,2.5,0.0,0.0,2.5,40.5394,4621.6,20000.1,4622.4,7.33017,19.3795,0.0,-50.0,0.99704,18.650000000000038,15.650000000000034,18.454000000000008,0.828,1013.15,1013.11,1008.35,0.7885035196835142,355.7428669411785
2026-06-23 09:00:00,291.131,290.756,288.2,82.7,0.0105834,0.958893,-0.539032,101321.0,101318.0,100841.0,24134.6,5.0,0.0,0.0,5.0,40.5394,4388.64,19999.8,4389.44,8.71023,20.378,0.0,-50.0,0.99704,17.980999999999995,15.050000000000011,17.605999999999995,0.8270000000000001,1013.21,1013.18,1008.41,1.1000142192140063,299.342077311206
2026-06-23 12:00:00,296.6,297.186,289.0,62.4,0.0111487,0.787674,-0.703113,101454.0,101447.0,100977.0,24135.1,7.5,0.0,0.0,7.5,40.5394,4568.48,20000.2,4569.28,5.30629,23.3186,0.0,-50.0,0.99704,23.450000000000045,15.850000000000025,24.036,0.624,1014.54,1014.47,1009.77,1.0558400546697402,311.75352529685847
2026-06-23 15:00:00,303.6,304.832,288.114,38.9,0.0105608,1.57024,-0.306775,101308.0,101297.0,100837.0,24135.0,100.0,0.0,0.3,100.0,40.5394,4536.32,20000.2,4537.12,2.33465,27.0391,0.00416,-50.0,0.99704,30.450000000000045,14.964,31.682000000000016,0.389,1013.08,1012.97,1008.37,1.5999264227535592,281.0545324241435
2026-06-23 18:00:00,300.339,301.4,289.8,52.2,0.0117657,2.51552,2.93173,101282.0,101272.0,100808.0,24135.2,100.0,0.0,0.7,100.0,40.5394,4444.32,20000.1,4445.12,1.25129,31.3729,0.0032,-50.0,0.99704,27.18900000000002,16.650000000000034,28.25,0.522,1012.82,1012.72,1008.08,3.8630145823307473,220.6306703037392
2026-06-23 21:00:00,295.108,295.6,291.8,81.2,0.0132675,1.7658,0.905225,101583.0,101577.0,101106.0,24135.0,38.6,38.6,4.2,16.7,40.5394,4292.48,18661.3,4293.28,1.68736,37.5195,0.01104,-50.0,0.99704,21.958000000000027,18.650000000000038,22.450000000000045,0.812,1015.83,1015.77,1011.06,1.9843089327584555,242.85837205940095
2026-06-24 00:00:00,294.384,295.124,291.0,80.8,0.0126182,1.14432,-0.108933,101656.0,101652.0,101177.0,24135.1,87.6,87.6,4.4,5.0,40.5394,4304.64,690.497,4305.44,3.13443,43.3445,0.09,-50.0,0.99704,21.23400000000004,17.850000000000023,21.974000000000046,0.8079999999999999,1016.56,1016.52,1011.77,1.1494932191574685,275.437858126708
2026-06-24 03:00:00,,,,,,,,,,,,,,,,,,,,,,,,,,,,,,,,,
2026-06-24 06:00:00,293.7,294.114,291.7,88.2,0.0132374,1.04751,-0.591128,101583.0,101579.0,101105.0,24134.9,100.0,100.0,5.1,70.9,40.5394,4284.16,372.014,4284.96,3.20396,44.9531,0.57232,-50.0,0.99704,20.55000000000001,18.55000000000001,20.964,0.882,1015.83,1015.79,1011.05,1.20279238128781,299.4367883746154
2026-06-24 09:00:00,293.355,293.745,292.0,91.8,0.0134343,1.90818,-0.392224,101601.0,101597.0,101122.0,23664.8,100.0,100.0,10.6,89.5,40.5394,4268.0,358.467,4268.8,3.15331,45.7558,0.86272,-46.6,0.99704,20.20500000000004,18.850000000000023,20.595000000000027,0.918,1016.01,1015.97,1011.22,1.948073555740645,281.6152956053078
2026-06-24 12:00:00,292.777,293.284,291.0,89.7,0.0126413,2.64228,-0.714846,101799.0,101796.0,101318.0,24135.4,100.0,100.0,7.2,100.0,40.5394,4256.96,799.838,4257.76,4.38387,43.988,0.32432,-50.0,0.99704,19.62700000000001,17.850000000000023,20.13400000000001,0.897,1017.99,1017.96,1013.18,2.737270246452842,285.1384807798688
2026-06-24 15:00:00,293.13,294.11,290.3,83.9,0.0121498,3.52261,0.0104736,101743.0,101740.0,101264.0,24135.0,100.0,99.4,100.0,100.0,40.5394,4301.76,1290.61,4302.56,4.84935,44.5816,0.58288,-47.6,0.99704,19.980000000000015,17.150000000000034,20.96000000000004,0.8390000000000001,1017.43,1017.4,1012.64,3.5226255702809173,269.8296458285191
2026-06-24 18:00:00,292.391,292.756,290.8,90.2,0.0124628,2.14035,-0.208113,101695.0,101692.0,101214.0,24135.1,100.0,98.3,100.0,100.0,40.5394,4269.44,964.113,4270.24,4.24679,45.1003,0.50624,-49.0,0.99704,19.24100000000004,17.650000000000034,19.605999999999995,0.902,1016.95,1016.92,1012.14,2.150443940973352,275.55359201174525
2026-06-24 21:00:00,291.98,292.032,291.3,95.5,0.0128322,1.2528,-0.660754,101893.0,101890.0,101410.0,11907.0,100.0,100.0,100.0,100.0,40.5394,4246.08,393.307,4246.88,4.10002,46.146,1.8368,-6.10352e-06,0.99704,18.83000000000004,18.150000000000038,18.882000000000005,0.955,1018.93,1018.9,1014.1,1.416369898196089,297.80814045672514
2026-06-25 00:00:00,292.866,293.035,291.756,93.3,0.0132111,-0.570786,-0.847207,101905.0,101901.0,101424.0,24135.1,100.0,45.0,57.5,100.0,40.5394,4171.36,1459.26,4172.0,2.31284,45.1026,0.15,-47.6,0.99704,19.716000000000008,18.605999999999995,19.885000000000048,0.933,1019.05,1019.01,1014.24,1.0215460629090594,33.969202323853665
2026-06-25 03:00:00,292.715,292.915,291.899,94.7,0.0133015,0.0573511,0.391404,101932.0,101929.0,101450.0,19576.5,100.0,98.1,100.0,100.0,40.5394,4169.12,314.723,4169.76,1.62625,43.9195,0.42976,-16.5,0.99704,19.565,18.749000000000024,19.765000000000043,0.947,1019.32,1019.29,1014.5,0.3955834171034094,188.3360355738106
2026-06-25 06:00:00,292.398,292.437,291.678,95.7,0.0131584,0.939968,-0.426235,101959.0,101956.0,101478.0,24135.0,100.0,100.0,5.0,100.0,40.5394,4483.84,430.662,4484.64,2.14239,41.9214,0.50904,-1.00001,0.99704,19.248000000000047,18.52800000000002,19.287000000000035,0.957,1019.59,1019.56,1014.78,1.032093075380801,294.39224497559167
2026-06-25 09:00:00,292.051,292.107,291.7,97.2,0.0131073,0.508369,0.170366,102076.0,102073.0,101593.0,13636.5,100.0,100.0,4.8,100.0,40.5394,4385.28,233.047,4386.08,2.24728,43.3136,1.00544,-15.2,0.99704,18.90100000000001,18.55000000000001,18.95700000000005,0.972,1020.76,1020.73,1015.93,0.5361563336537207,251.47282909671367
2026-06-25 12:00:00,291.96,292.045,291.539,97.0,0.0129292,-0.0468213,0.926897,102375.0,102373.0,101892.0,13583.3,100.0,100.0,0.0,100.0,40.5394,4476.32,245.051,4477.12,2.43418,42.5682,1.60168,-6.10352e-06,0.99704,18.81,18.38900000000001,18.89500000000004,0.97,1023.75,1023.73,1018.92,0.9280788127862256,177.1082174024858
2026-06-25 15:00:00,291.839,291.93,291.4,97.3,0.0128879,-1.02023,0.556155,102414.0,102412.0,101929.0,6530.2,100.0,100.0,100.0,100.0,40.5394,4120.48,217.607,4121.12,2.75909,43.946,1.7084,-6.10352e-06,0.99704,18.68900000000002,18.25,18.78000000000003,0.973,1024.14,1024.12,1019.29,1.1619714441091054,118.59599745478164
2026-06-25 18:00:00,291.751,291.793,291.426,97.9,0.0128983,-1.18068,0.680207,102349.0,102346.0,101866.0,12780.0,100.0,100.0,19.6,27.9,40.5394,4113.92,185.217,4114.72,2.87511,43.4518,1.31504,-6.10352e-06,0.99704,18.601,18.27600000000001,18.64300000000003,0.979,1023.49,1023.46,1018.66,1.362602959503978,119.94687312948648
2026-06-25 21:00:00,291.745,291.8,291.4,97.7,0.0128721,-1.18438,1.94392,102425.0,102422.0,101941.0,5481.07,100.0,100.0,5.6,100.0,40.5394,4121.44,160.011,4122.24,3.17787,45.1523,1.8776,-6.10352e-06,0.99704,18.595000000000027,18.25,18.650000000000038,0.977,1024.25,1024.22,1019.41,2.27630862380302,148.6471329929796
2026-06-26 00:00:00,291.599,291.656,291.2,97.9,0.0127272,-0.574415,0.577102,102586.0,102584.0,102101.0,17438.1,100.0,100.0,5.0,100.0,40.5394,4005.28,351.598,4006.08,3.70192,43.7651,1.06,-6.10352e-06,0.99704,18.44900000000001,18.05000000000001,18.50600000000003,0.979,1025.86,1025.84,1021.01,0.8142476961152546,135.13369622865193
2026-06-26 03:00:00,291.7,291.749,291.4,98.3,0.0128789,0.176699,0.00980713,102527.0,102525.0,102043.0,17077.0,100.0,100.0,5.0,100.0,40.5394,4049.12,149.566,4049.76,2.60013,44.4666,0.76704,-17.6,0.99704,18.55000000000001,18.25,18.599000000000046,0.983,1025.27,1025.25,1020.43,0.1769709478977747,266.8232347406665
2026-06-26 06:00:00,291.622,291.7,291.3,98.2,0.0128031,1.00634,-0.219082,102409.0,102407.0,101924.0,17270.1,100.0,99.0,66.6,100.0,40.5394,4020.0,421.397,4020.64,2.5742,45.8845,0.70384,-17.6,0.99704,18.47200000000004,18.150000000000038,18.55000000000001,0.982,1024.09,1024.07,1019.24,1.029911218661104,282.28175832230124
2026-06-26 09:00:00,291.437,291.49,291.1,97.9,0.0126427,0.550061,-0.513688,102413.0,102410.0,101929.0,23655.7,100.0,95.5,94.5,100.0,40.5394,4010.72,475.182,4011.36,3.1629,46.5708,0.52896,-47.6,0.99704,18.287000000000035,17.950000000000045,18.340000000000032,0.979,1024.13,1024.1,1019.29,0.752623720769549,313.04163598525736
2026-06-26 12:00:00,292.045,292.263,291.43,96.1,0.0128645,-0.57428,-0.627566,102520.0,102517.0,102035.0,24134.9,100.0,100.0,100.0,100.0,40.5394,3999.84,3418.42,4000.48,2.67018,46.5674,0.71296,-47.6,0.99704,18.89500000000004,18.28000000000003,19.113,0.961,1025.2,1025.17,1020.35,0.8506683271146281,42.46135133583164
2026-06-26 15:00:00,292.832,292.954,292.03,95.0,0.013375,0.146914,0.217313,102393.0,102389.0,101909.0,24135.1,100.0,100.0,100.0,100.0,40.5394,4070.56,3070.08,4071.36,1.21777,45.451,0.77152,-50.0,0.99704,19.682000000000016,18.879999999999995,19.80400000000003,0.95,1023.93,1023.89,1019.09,0.2623140548369453,214.0605774961432
2026-06-26 18:00:00,293.115,292.964,291.905,93.2,0.0133673,1.08327,0.406733,102251.0,102247.0,101768.0,24135.2,100.0,1.1,99.1,100.0,40.5394,4030.08,4340.91,4030.72,1.24717,43.501,0.13064,-50.0,0.99704,19.965000000000032,18.754999999999995,19.81400000000002,0.932,1022.51,1022.47,1017.68,1.1571108962363978,249.4204600765395
2026-06-26 21:00:00,292.595,292.185,291.5,92.9,0.0129485,0.134023,0.120806,102338.0,102334.0,101856.0,24134.9,100.0,0.0,95.3,100.0,40.5394,4131.36,5703.69,4132.16,1.42085,41.8549,0.05232,-50.0,0.99704,19.44500000000005,18.350000000000023,19.035000000000025,0.929,1023.38,1023.34,1018.56,0.1804335172993089,227.96905124935464
2026-06-27 00:00:00,292.037,291.827,291.468,96.7,0.0129323,0.738831,-0.350272,102476.0,102472.0,101992.0,24135.2,100.0,0.1,97.8,100.0,40.5394,4030.08,7902.43,4030.88,1.3119,41.5651,0.05,-50.0,0.99704,18.887,18.31800000000004,18.67700000000002,0.967,1024.76,1024.72,1019.92,0.8176562361683546,295.3651376163989
2026-06-27 03:00:00,291.59,291.385,291.045,96.9,0.0125805,1.35869,-0.466381,102433.0,102430.0,101949.0,22722.3,99.2,9.3,0.1,99.2,40.5394,4040.48,18815.7,4041.28,2.54273,42.3527,0.00208,-46.6,0.99704,18.44,17.89500000000004,18.235000000000014,0.969,1024.33,1024.3,1019.49,1.4365060923160051,288.9451854546442
2026-06-27 06:00:00,291.039,290.715,290.413,96.6,0.0121273,0.767395,-0.52578,102301.0,102298.0,101817.0,24135.0,4.3,4.3,0.0,0.0,40.5394,4088.32,20000.1,4088.96,3.40777,38.4001,0.0,-50.0,0.99704,17.88900000000001,17.263000000000034,17.564999999999998,0.966,1023.01,1022.98,1018.17,0.9302363648154162,304.4169577997485
2026-06-27 09:00:00,290.721,290.482,290.0,95.6,0.0118258,0.20634,-0.466816,102308.0,102306.0,101825.0,24135.2,0.0,0.0,0.0,0.0,40.5394,4143.36,20000.1,4144.16,3.9978,34.3669,0.0,-50.0,0.99704,17.571000000000026,16.850000000000023,17.33200000000005,0.956,1023.08,1023.06,1018.25,0.5103855145436633,336.15381891446737
2026-06-27 12:00:00,294.119,294.695,291.609,85.6,0.0130564,0.275955,0.0687585,102417.0,102413.0,101934.0,24135.0,0.0,0.0,0.0,0.0,40.5394,4292.8,20000.1,4293.6,1.28578,31.9489,0.0,-50.0,0.99704,20.96900000000005,18.459000000000003,21.545000000000016,0.856,1024.17,1024.13,1019.34,0.2843921471265513,256.00875940572325
2026-06-27 15:00:00,299.51,300.827,291.6,61.8,0.0130757,-0.0526025,1.39371,102278.0,102270.0,101799.0,24135.1,2.1,2.1,0.0,0.0,40.5394,4262.24,20000.1,4263.04,-1.32618,32.0165,0.0,-50.0,0.99704,26.360000000000014,18.450000000000045,27.67700000000002,0.618,1022.78,1022.7,1017.99,1.3947023292108789,177.83852354869975
2026-06-27 18:00:00,298.9,299.163,291.728,64.5,0.0132044,-2.42897,2.14191,102104.0,102095.0,101625.0,24134.9,4.7,4.7,0.0,0.0,40.5394,4210.24,20000.1,4211.04,-1.6035,33.8483,0.00024,-50.0,0.99704,25.75,18.57800000000003,26.013000000000037,0.645,1021.04,1020.95,1016.25,3.238467802680768,131.40643501848373
2026-06-27 21:00:00,294.351,294.449,291.928,86.3,0.0133569,-0.904133,0.737454,102192.0,102187.0,101712.0,24134.9,0.0,0.0,0.0,0.0,40.5394,4221.12,20000.1,4221.92,0.583711,33.6819,0.0,-50.0,0.99704,21.201000000000025,18.77800000000002,21.299000000000035,0.863,1021.92,1021.87,1017.12,1.1667454237343295,129.20232589447815
2026-06-28 00:00:00,293.2,293.316,291.6,90.6,0.0130738,0.662034,-0.301135,102281.0,102277.0,101798.0,24135.1,0.1,0.1,0.0,0.0,40.5394,4360.64,20000.1,4361.44,1.62034,34.8793,0.0,-50.0,0.99704,20.05000000000001,18.450000000000045,20.166,0.906,1022.81,1022.77,1017.98,0.7273041354076024,294.4590479741965
2026-06-28 03:00:00,292.327,292.351,290.9,91.5,0.0125044,0.77282,-0.737273,102220.0,102216.0,101736.0,24134.9,0.0,0.0,0.0,0.0,40.5394,4310.88,20000.1,4311.68,3.05577,32.355,0.0,-50.0,0.99704,19.17700000000002,17.75,19.201000000000025,0.915,1022.2,1022.16,1017.36,1.0680927997739709,313.6515287381776
2026-06-28 06:00:00,291.743,291.7,290.205,91.1,0.0120078,0.263069,-0.822625,102089.0,102086.0,101606.0,24134.9,0.0,0.0,0.0,0.0,40.5394,4269.28,20000.2,4270.08,4.14418,29.9368,0.0,-50.0,0.99704,18.593000000000018,17.055000000000007,18.55000000000001,0.911,1020.89,1020.86,1016.06,0.8636649751992957,342.2661328540839
2026-06-28 09:00:00,291.3,291.106,289.809,91.0,0.0116801,0.218457,-0.530295,102112.0,102110.0,101629.0,24135.2,0.0,0.0,0.0,0.0,40.5394,4247.36,20000.2,4248.16,5.15902,29.0946,0.0,-50.0,0.99704,18.150000000000038,16.65900000000005,17.956000000000017,0.91,1021.12,1021.1,1016.29,0.5735296399263076,337.6106056511938
2026-06-28 12:00:00,295.517,296.448,290.409,73.1,0.01216,0.00772217,-0.277068,102232.0,102226.0,101752.0,24135.1,0.0,0.0,0.0,0.0,40.5394,4303.2,20000.2,4304.0,3.18026,28.9692,0.0,-50.0,0.99704,22.36700000000002,17.259000000000015,23.298,0.731,1022.32,1022.26,1017.52,0.2771755915182808,358.4035210149407
2026-06-28 15:00:00,300.311,301.288,290.739,55.7,0.0123997,-0.633767,0.614475,102076.0,102067.0,101598.0,24135.1,0.0,0.0,0.0,0.0,40.5394,4295.04,20000.2,4295.84,1.20001,27.5206,0.0,-50.0,0.99704,27.161,17.589,28.138000000000037,0.557,1020.76,1020.67,1015.98,0.8827457934841717,134.11454495181073
2026-06-28 18:00:00,300.439,300.461,290.941,55.9,0.0126175,-1.718,0.660576,101792.0,101782.0,101317.0,24135.0,0.0,0.0,0.0,0.0,40.5394,4282.72,20000.2,4283.36,0.326427,29.4686,0.0,-50.0,0.99704,27.289000000000044,17.790999999999997,27.311000000000035,0.5589999999999999,1017.92,1017.82,1013.17,1.840620724586138,111.0318969648311
2026-06-28 21:00:00,295.836,295.622,291.136,74.3,0.0127061,-1.00014,-0.5254,101848.0,101841.0,101371.0,24134.9,0.0,0.0,0.0,0.0,40.5394,4295.2,20000.2,4296.0,1.43,26.2165,0.0,-50.0,0.99704,22.686000000000035,17.986000000000047,22.47200000000004,0.743,1018.48,1018.41,1013.71,1.129745626059247,62.28586619027749
2026-06-29 00:00:00,293.966,293.915,289.863,76.7,0.0117009,-0.602871,-0.94248,101876.0,101872.0,101397.0,24135.1,0.0,0.0,0.0,0.0,40.5394,4359.36,20000.0,4360.0,4.48436,25.6698,0.0,-50.0,0.99704,20.81600000000003,16.713000000000022,20.765000000000043,0.767,1018.76,1018.72,1013.97,1.1188038224107923,32.60560406850095
2026-06-29 03:00:00,293.206,292.915,289.006,77.0,0.0111282,0.27709,-0.41817,101862.0,101858.0,101382.0,24134.8,2.8,0.0,0.0,2.8,40.5394,4444.64,20000.0,4445.44,6.06726,27.5032,0.0,-50.0,0.99704,20.05600000000004,15.855999999999996,19.765000000000043,0.77,1018.62,1018.58,1013.82,0.5016423197857214,326.4705397872074
2026-06-29 06:00:00,292.239,292.0,288.719,79.7,0.0109031,0.605498,-0.574863,101791.0,101788.0,101311.0,24135.2,1.5,0.0,0.0,1.5,40.5394,4435.04,20000.0,4435.84,6.89731,26.3577,0.0,-50.0,0.99704,19.089,15.569000000000017,18.850000000000023,0.797,1017.91,1017.88,1013.11,0.8349223297846333,313.5132834383301
2026-06-29 09:00:00,291.46,291.3,288.419,82.5,0.0107295,0.883228,-0.452351,101827.0,101825.0,101347.0,24135.2,0.0,0.0,0.0,0.0,40.5394,4316.48,20000.0,4317.12,7.80008,24.3386,0.0,-50.0,0.99704,18.31,15.269000000000004,18.150000000000038,0.825,1018.27,1018.25,1013.47,0.9923271271032552,297.1195523826328
2026-06-29 12:00:00,296.019,296.7,289.319,66.0,0.0113375,0.831343,-0.692463,101992.0,101986.0,101513.0,24135.0,0.0,0.0,0.0,0.0,40.5394,4254.56,20000.0,4255.36,5.26344,26.1048,0.0,-50.0,0.99704,22.869000000000028,16.16900000000004,23.55000000000001,0.66,1019.92,1019.86,1015.13,1.0819594216133983,309.79243771661737
2026-06-29 15:00:00,302.019,303.6,289.189,45.7,0.0112321,0.493245,-0.415059,101805.0,101794.0,101331.0,24135.2,0.0,0.0,0.0,0.0,40.5394,4269.6,20000.0,4270.4,1.8934,26.6044,0.0,-50.0,0.99704,28.869000000000028,16.039000000000044,30.450000000000045,0.457,1018.05,1017.94,1013.31,0.6446430046979491,310.0801577472027
2026-06-29 18:00:00,303.067,303.5,289.2,42.8,0.0112754,1.16265,0.124695,101616.0,101604.0,101143.0,24134.9,1.2,0.0,0.0,1.2,40.5394,4240.16,20000.0,4240.96,0.706094,28.7437,0.0,-50.0,0.99704,29.91700000000003,16.05000000000001,30.350000000000023,0.428,1016.16,1016.04,1011.43,1.1693176922996589,263.87838897365924
2026-06-29 21:00:00,296.7,296.8,290.5,68.1,0.01226,-1.04474,0.319116,101782.0,101775.0,101306.0,24135.2,0.0,0.0,0.0,0.0,40.5394,4290.4,20000.0,4291.2,1.14944,29.243,0.0,-50.0,0.99704,23.55000000000001,17.350000000000023,23.650000000000038,0.6809999999999999,1017.82,1017.75,1013.06,1.0923903556220185,106.98530005730709
2026-06-30 00:00:00,293.554,293.677,291.593,88.5,0.0130762,1.77754,-0.129292,102076.0,102071.0,101594.0,24135.2,29.6,29.6,0.0,5.0,40.5394,4316.48,20000.0,4317.28,1.82186,31.2242,0.0,-50.0,0.99704,20.404,18.44300000000004,20.527000000000044,0.885,1020.76,1020.71,1015.94,1.782235919530296,274.1601669703657
2026-06-30 03:00:00,293.365,293.516,291.733,90.5,0.0132029,1.01708,-0.564409,102024.0,102020.0,101543.0,24134.9,34.2,34.2,0.0,5.0,40.5394,4283.04,19999.9,4283.84,1.84344,31.4401,0.004,-50.0,0.99704,20.215000000000032,18.583000000000027,20.36600000000004,0.905,1020.24,1020.2,1015.43,1.1631892561750217,299.02724262879724
2026-06-30 06:00:00,292.428,292.539,290.819,90.7,0.0124763,0.787727,-0.730303,101876.0,101873.0,101395.0,24134.9,100.0,0.0,0.0,100.0,40.5394,4311.04,12995.7,4311.84,2.3922,30.1128,0.00608,-50.0,0.99704,19.27800000000002,17.66900000000004,19.38900000000001,0.907,1018.76,1018.73,1013.95,1.0741770330527458,312.83364964162456
2026-06-30 09:00:00,291.658,291.707,289.309,86.5,0.011351,-0.0825415,-1.04428,101921.0,101918.0,101439.0,24134.9,13.2,0.0,0.0,13.2,40.5394,4358.08,20000.1,4358.88,3.94155,28.304,0.00032,-50.0,0.99704,18.50800000000004,16.15900000000005,18.557000000000016,0.865,1019.21,1019.18,1014.39,1.047537024463694,4.519350664590604
2026-06-30 12:00:00,295.331,296.4,289.147,68.0,0.0111826,-0.453926,-0.390854,102060.0,102055.0,101580.0,24134.7,100.0,0.0,0.0,100.0,40.5394,4391.2,12556.8,4392.0,2.60109,26.6382,0.00752,-50.0,0.99704,22.18100000000004,15.997000000000014,23.25,0.68,1020.6,1020.55,1015.8,0.599012239267279,49.26983015136511
2026-06-30 15:00:00,300.109,301.294,288.417,48.4,0.0106739,-0.988047,0.683594,101883.0,101874.0,101407.0,24134.8,22.8,0.0,0.0,22.8,40.5394,4415.52,19999.9,4416.32,0.424434,26.1374,0.00032,-50.0,0.99704,26.959000000000003,15.266999999999996,28.144000000000005,0.484,1018.83,1018.74,1014.07,1.2014731087481734,124.67795902849343
2026-06-30 18:00:00,300.636,300.925,288.612,47.8,0.0108774,-1.59362,1.28033,101687.0,101678.0,101213.0,24134.7,22.2,0.0,0.0,22.2,40.5394,4415.68,20000.0,4416.48,-0.58994,27.484,0.0,-50.0,0.99704,27.486000000000047,15.462000000000046,27.775000000000038,0.478,1016.87,1016.78,1012.13,2.044228366230153,128.77873820618834
2026-06-30 21:00:00,295.548,295.524,291.112,75.9,0.0127245,-1.12412,0.493608,101772.0,101766.0,101294.0,24135.3,5.0,0.0,0.0,5.0,40.5394,4428.16,20000.1,4428.96,-0.657346,27.8933,0.0,-50.0,0.99704,22.398000000000025,17.962000000000046,22.374000000000024,0.759,1017.72,1017.66,1012.94,1.2277192806435842,113.70657309890817
2026-07-01 00:00:00,294.209,294.212,290.203,77.5,0.011989,0.839299,-0.800071,101900.0,101895.0,101421.0,24134.7,6.9,0.0,0.0,6.9,40.5394,4409.28,20000.1,4410.08,1.84669,27.7003,0.0,-50.0,0.99704,21.059000000000022,17.052999999999997,21.06200000000001,0.775,1019.0,1018.95,1014.21,1.159541468185593,313.6292478164327
