datetime,dew_point_temperature_htgl,geopotential_height_0deg,geopotential_height_ceil,geopotential_height_htfl,geopotential_height_sfc,high_level_cloud_cover,low_level_cloud_cover,mean_sea_level_pressure_eta_model,mid_level_cloud_cover,parcel_lifted_index_to_500_h_pa,precipitable_water,pressure,probability_of_precipitation,relative_humidity_htgl,relative_humidity_hybl,specific_humidity_htgl,specific_humidity_hybl,specific_humidity_spdy,surface_lifted_index,surface_roughness,temperature_htgl,temperature_sfc,temperature_sea_temperature,total_cloud_cover,total_column_integrated_cloud_water,water_temperature,u_component_of_wind_htgl,u_component_of_wind_spdy,v_component_of_wind_htgl,v_component_of_wind_spdy,wind_angle,wind_speed
2026-06-22T00:00:00Z,17.011878395665853,NA,NA,NA,4.089154243469238,0,0,0,0,NA,0,101834.921875,NA,90.36775156256166,89.86252031401017,0.012065496295690536,0.012147405184805393,0.012147405184805393,NA,NA,291.769287109375,297.1534118652344,292.14776611328125,0,0,0,0.03423512727022171,0.03423512727022171,-1.040632963180542,-1.040632963180542,358.1157418835902,1.0411959508167152
2026-06-22T01:00:00Z,17.205611720961087,NA,NA,NA,4.089154243469238,0,0,101888.078125,0,NA,25.37904930114746,101839.34375,NA,91.66958535572287,93.40571479789428,0.01221687812358141,0.012216824106872082,0.012216824106872082,NA,NA,291.73687744140625,291.9472351074219,292.14776611328125,0,0,0,0.27499938011169434,0.3289501965045929,-1.3757160902023315,-1.7498879432678223,348.6958277931602,1.4029324359723834
2026-06-22T02:00:00Z,17.26851475288612,NA,NA,NA,4.089154243469238,0,0,101806.125,0,NA,24.864011764526367,101757.421875,NA,93.00310586001925,94.2537963702905,0.012276642955839634,0.012276495806872845,0.012276495806872845,NA,NA,291.5699768066406,291.5980224609375,292.14776611328125,0,0,0,0.2785753905773163,0.33659711480140686,-0.36711758375167847,-0.5742335319519043,322.8081226917964,0.46084657808751817
2026-06-22T03:00:00Z,17.185164742613097,NA,NA,NA,4.089154243469238,0,0,101887.5546875,0,NA,25.194313049316406,101838.8125,NA,93.68753202716843,93.95696738275396,0.012200828641653061,0.012200674042105675,0.012200674042105675,NA,NA,291.3691101074219,291.29351806640625,292.14776611328125,0,0,0,0.09326233714818954,0.03158187121152878,0.3241511881351471,0.5108615159988403,196.0511865990781,0.3373008394590356
2026-06-22T04:00:00Z,17.048288813331034,NA,NA,NA,4.089154243469238,0,0,101864.828125,0,NA,25.430286407470703,101816.0859375,NA,94.34745918642162,94.18119210807852,0.012096199207007885,0.012096130289137363,0.012096130289137363,NA,NA,291.11956787109375,291.0284729003906,292.14776611328125,0,0,0,-0.02701028622686863,-0.1351107805967331,0.6031513810157776,0.8442806601524353,177.43589721895736,0.6037558645539578
2026-06-22T05:00:00Z,17.098391103832334,NA,NA,NA,4.089154243469238,0,0,101839.265625,0,NA,24.51767349243164,101790.5234375,NA,95.60707478939808,95.03459566911283,0.01213852223008871,0.012138772755861282,0.012138772755861282,NA,NA,290.9593811035156,290.8058776855469,292.14776611328125,0.017219172790646553,0,0,-0.628849446773529,-1.024000883102417,-0.7373379468917847,-1.2422847747802734,40.45968821969893,0.9690814592354793
2026-06-22T06:00:00Z,17.119672553411483,NA,NA,NA,4.089154243469238,0,0.07529661059379578,101838.4375,0,NA,24.13984489440918,101789.6328125,NA,97.6808104612947,99.77985958144056,0.012155327014625072,0.012154733762145042,0.012154733762145042,NA,NA,290.640625,291.0771179199219,292.14776611328125,0.5306808948516846,0.02453317541261032,0,-0.12342627346515656,-0.20543357729911804,-0.6639586091041565,-0.8334857821464539,10.530766908985186,0.6753333099922005
2026-06-22T07:00:00Z,16.413683996897888,NA,NA,NA,4.089154243469238,0,0.98580402135849,101858.25,0,NA,24.22100067138672,101809.375,NA,97.40735644841118,99.78516498961976,0.011610038578510284,0.011609543114900589,0.011609543114900589,NA,NA,289.9767761230469,291.0107116699219,292.14776611328125,0.98580402135849,0.04248371147665853,0,0.04072605073451996,-0.02575480192899704,-0.21848568320274353,-0.25547584891319275,349.44116076458033,0.22224897069053054
2026-06-22T08:00:00Z,16.45951644246657,NA,NA,NA,4.089154243469238,0,0.8838281631469727,101868.5859375,0,NA,24.43800926208496,101819.703125,NA,97.05275732336885,99.78916937408745,0.011643405072391033,0.01164369285106659,0.01164369285106659,NA,NA,290.0802307128906,290.9881591796875,292.14776611328125,0.9155265688896179,0.06348794887927713,0,0.13383688032627106,0.06810516119003296,-0.5363465547561646,-0.7154240012168884,345.9888705267017,0.5527928521012876
2026-06-22T09:00:00Z,16.567455825765677,NA,NA,NA,4.089154243469238,0,0.10427975654602051,101902.7578125,0,NA,24.52921485900879,101853.875,NA,97.9227142626794,99.78547359488068,0.011721169576048851,0.011720936745405197,0.011720936745405197,NA,NA,290.0478515625,290.4017028808594,292.14776611328125,0.10427975654602051,0.011419818623619524,0,-0.0818890631198883,-0.0878349244594574,-0.21103380620479584,-0.13836967945098877,21.208128241011764,0.226364939908848
2026-06-22T10:00:00Z,16.036553442595807,NA,NA,NA,4.089154243469238,0,0.97718346118927,101938.4375,0,NA,24.49776840209961,101889.4921875,NA,96.89383204596606,99.78800019617555,0.011319998651742935,0.011319426819682121,0.011319426819682121,NA,NA,289.6814880371094,290.9041748046875,292.14776611328125,0.97718346118927,0.023736048825355512,0,-0.035849932581186295,-0.04458420351147652,-0.26525065302848816,-0.3723783493041992,7.6971653585191575,0.26766233690625024
2026-06-22T11:00:00Z,16.342849490163687,NA,NA,NA,4.089154243469238,0,0,101940.890625,0,NA,24.462993621826172,101892.046875,NA,90.15489518800433,93.63296767523062,0.011547241359949112,0.011547367088496685,0.011547367088496685,NA,NA,291.12945556640625,293.16741943359375,292.14776611328125,0,0,0,0.1612359881401062,0.5482891798019409,-0.421652615070343,-0.22584864497184753,339.0736167818447,0.45142881129495416
2026-06-22T12:00:00Z,16.28862214083586,NA,NA,NA,4.089154243469238,0,0,101956.796875,0,NA,24.41996192932129,101908.0703125,NA,80.64054603042833,84.97192982694504,0.011504818685352802,0.011504555121064186,0.011504555121064186,NA,NA,292.8581237792969,296.399169921875,292.14776611328125,0,2.574184941697838e-43,0,0.19606173038482666,0.03166341781616211,-0.15086722373962402,-0.14701101183891296,307.5778639735964,0.247388603861201
2026-06-22T13:00:00Z,15.877948009423786,NA,NA,NA,4.089154243469238,0,0,101867.03125,0,NA,24.148223876953125,101818.515625,NA,67.8042628309959,72.31157458386181,0.011211718432605267,0.011211652308702469,0.011211652308702469,NA,NA,295.2490234375,299.92449951171875,292.14776611328125,0,1.718537983423456e-43,0,-0.6169124841690063,-0.7470875382423401,0.15214483439922333,1.0267311334609985,103.85399540648476,0.6353967766348375
2026-06-22T14:00:00Z,15.413145642770946,NA,NA,NA,4.089154243469238,0,0,101824.8984375,0,NA,23.861576080322266,101776.5234375,NA,58.57652518918945,63.236399945393096,0.010881575755774975,0.010881144553422928,0.010881144553422928,NA,NA,297.173095703125,302.7772521972656,292.14776611328125,0,1.7178435877669884e-43,0,-1.0656182765960693,-1.32548189163208,0.653019905090332,0.8025055527687073,121.50031995401727,1.2497909056557273
2026-06-22T15:00:00Z,15.522793577603334,NA,NA,NA,4.089154243469238,0,0,101719.4453125,0,NA,23.447093963623047,101671.2421875,NA,53.66238395962264,58.0589746303623,0.010971296578645706,0.010971199721097946,0.010971199721097946,NA,NA,298.75689697265625,304.95172119140625,292.14776611328125,0,1.7160401382567817e-43,0,-0.9857856035232544,-0.832462728023529,-0.13322420418262482,0.7137097120285034,82.3033812822863,0.9947471762683223
2026-06-22T16:00:00Z,15.13495359023703,NA,NA,NA,4.089154243469238,0,0,101623.0390625,0,NA,22.949800491333008,101574.96875,NA,48.64912417027536,52.8384652061421,0.01070705521851778,0.010706662200391293,0.010706662200391293,NA,NA,299.99407958984375,306.0394592285156,292.14776611328125,0,1.7144150379932013e-43,0,-1.4448587894439697,-1.705438256263733,-0.5249669551849365,0.33151549100875854,70.03217373278915,1.5372726581415663
2026-06-22T17:00:00Z,15.103302321135516,NA,NA,NA,4.089154243469238,0,0,101529.8515625,0,NA,22.794891357421875,101481.875,NA,46.51348452892473,50.47890162724485,0.010694872587919235,0.010694674216210842,0.010694674216210842,NA,NA,300.7239990234375,306.0136413574219,292.14776611328125,0,1.7127852286665753e-43,0,-1.9942220449447632,-2.3011369705200195,0.7797248363494873,0.8801512718200684,111.3551000607807,2.141236181499815
2026-06-22T18:00:00Z,15.45895667348953,NA,NA,NA,4.089154243469238,0,0,101438.25,0,NA,23.27198028564453,101390.3359375,NA,47.32156213188711,50.901577453931715,0.010956478305161,0.010956109501421452,0.010956109501421452,NA,NA,300.82012939453125,304.8136291503906,292.14776611328125,0,1.71107135995809e-43,0,-2.4231903553009033,-3.0020906925201416,1.0711919069290161,1.3676674365997314,113.84823287015789,2.6493968369222345
2026-06-22T19:00:00Z,16.02268957117253,NA,NA,NA,4.089154243469238,0,0,101440.34375,0,NA,23.905242919921875,101392.453125,NA,49.204740749227085,51.86013190198233,0.011366250924766064,0.011367368511855602,0.011367368511855602,NA,NA,300.77001953125,302.96807861328125,292.14776611328125,0,1.7110020446352507e-43,0,-2.5206809043884277,-3.2048957347869873,1.0527092218399048,1.1258388757705688,112.6668257473763,2.7316714530659136
2026-06-22T20:00:00Z,17.738359947917665,NA,NA,NA,4.089154243469238,0,0,101397.3046875,0,NA,24.172306060791016,101349.4140625,NA,58.55349171145592,60.01844633495031,0.012705923058092594,0.012706496752798557,0.012706496752798557,NA,NA,299.6629333496094,300.16619873046875,292.14776611328125,0,1.7101902112888873e-43,0,-2.659773111343384,-3.3357908725738525,1.468377709388733,1.8997243642807007,118.90171818122042,3.0381780891275887
2026-06-22T21:00:00Z,18.07868621538752,NA,NA,NA,4.089154243469238,0,0,101442.8046875,0,NA,26.364158630371094,101394.828125,NA,64.07415528181917,64.77628312733937,0.012980937957763672,0.012981349602341652,0.012981349602341652,NA,NA,298.5043029785156,298.4649658203125,292.14776611328125,0,1.710613570826824e-43,0,-2.3605117797851562,-3.0717759132385254,1.441077470779419,1.9014179706573486,121.40380056185751,2.765631960202314
2026-06-22T22:00:00Z,17.880670826085723,NA,NA,NA,4.089154243469238,0,0,101456.5703125,0,NA,25.185117721557617,101408.5390625,NA,66.05667671808068,66.01150154388557,0.012815102934837341,0.01281463447958231,0.01281463447958231,NA,NA,297.78497314453125,297.48602294921875,292.14776611328125,0,1.7110664858171886e-43,0,-2.2213938236236572,-3.165487766265869,0.9593449234962463,1.5651341676712036,113.35788397735001,2.419696923557029
2026-06-22T23:00:00Z,17.918203597628885,NA,NA,NA,4.089154243469238,0,0,101497.03125,0,NA,24.460979461669922,101448.8828125,NA,71.65487670184031,71.69923196408516,0.01284083817154169,0.012841003015637398,0.012841003015637398,NA,NA,296.47161865234375,296.38848876953125,292.14776611328125,0,1.7119090931512051e-43,0,-0.39367470145225525,-1.0212223529815674,0.5566026568412781,1.0748041868209839,144.72894125664882,0.6817523657210819
2026-06-23T00:00:00Z,17.691654539540053,NA,NA,NA,4.089154243469238,0,0,101528.984375,0,NA,24.311002731323242,101480.765625,NA,73.84976324495753,73.82279316202279,0.012651066295802593,0.01265055499970913,0.01265055499970913,NA,NA,295.7381896972656,295.6017761230469,292.14776611328125,0,1.712502800003914e-43,0,-0.5556530356407166,-0.9111426472663879,0.8839367628097534,1.2352304458618164,147.8460489053237,1.0440759056042477
2026-06-23T01:00:00Z,17.296019832801075,NA,NA,NA,4.089154243469238,0,0,101521.28125,0,NA,23.277812957763672,101473.0859375,NA,73.88076248885113,70.94572168595202,0.012333592399954796,0.012333463877439499,0.012333463877439499,NA,NA,295.3207092285156,294.9623107910156,292.14776611328125,0,1.7125440868444923e-43,0,-0.6474373936653137,-0.9916933178901672,1.0862027406692505,1.848376750946045,149.2027007755215,1.26452029345263
2026-06-23T02:00:00Z,16.848171317150257,NA,NA,NA,4.089154243469238,0,0,101529.4609375,0,NA,22.116680145263672,101481.2421875,NA,73.77707604062657,69.6348228182823,0.011980856768786907,0.011980237439274788,0.011980237439274788,NA,NA,294.8789367675781,294.3791809082031,292.14776611328125,0,1.7128944320123723e-43,0,-1.0856373310089111,-1.5126537084579468,0.6961120963096619,1.0993908643722534,122.66804654478662,1.2896435418784464
2026-06-23T03:00:00Z,15.542375772593417,NA,NA,NA,4.089154243469238,0,0,101500.7578125,0,NA,21.563135147094727,101452.5390625,NA,69.07680546225569,64.1021259500425,0.011009425856173038,0.011008837260305882,0.011008837260305882,NA,NA,294.5934753417969,293.9661865234375,292.14776611328125,0,1.712478212091701e-43,0,-1.701249599456787,-2.8248047828674316,0.09263159334659576,0.11709330230951309,93.11662891430709,1.7037695888053077
2026-06-23T04:00:00Z,15.246863655889005,NA,NA,NA,4.089154243469238,0,0,101455.2265625,0,NA,21.659570693969727,101406.9921875,NA,69.80058966624475,64.68349496923865,0.010803889483213425,0.010803615674376488,0.010803615674376488,NA,NA,294.11480712890625,293.49822998046875,292.14776611328125,0,1.7116471819283641e-43,0,-1.5137807130813599,-2.3729324340820312,0.3840438425540924,0.7531189918518066,104.23551058196867,1.5617367640869644
2026-06-23T05:00:00Z,15.139594316907917,NA,NA,NA,4.089154243469238,0,0,101412.859375,0,NA,22.38384437561035,101364.609375,NA,70.86738649372826,65.93582156136667,0.010732917115092278,0.010733233764767647,0.010733233764767647,NA,NA,293.7566223144531,293.17138671875,292.14776611328125,0,1.7107720651171308e-43,0,-1.3603039979934692,-2.1519367694854736,0.7483623623847961,1.482491374015808,118.81710449603247,1.5525698671528987
2026-06-23T06:00:00Z,15.004210955648833,NA,NA,NA,4.089154243469238,0,0,101341.84375,0,NA,23.53018569946289,101293.625,NA,71.02279833983759,65.26313939658247,0.01064580399543047,0.01064515020698309,0.01064515020698309,NA,NA,293.5799865722656,292.8479919433594,292.14776611328125,0,1.7093070230393339e-43,0,-0.9389445185661316,-1.3582969903945923,0.9555884003639221,1.1902648210525513,135.50334287662952,1.3396887697728395
2026-06-23T07:00:00Z,14.571493969864338,NA,NA,NA,4.089154243469238,0,0,101346.5,0,NA,23.338762283325195,101298.28125,NA,69.58699348662846,63.223713517790614,0.010347448289394379,0.010347492061555386,0.010347492061555386,NA,NA,293.4588623046875,292.64141845703125,292.14776611328125,0,1.7094245193753102e-43,0,-0.9454903602600098,-1.163502812385559,1.0704501867294312,1.6865078210830688,138.54699051734337,1.4282211396046751
2026-06-23T08:00:00Z,14.540115269570592,NA,NA,NA,4.089154243469238,0,0,101312.75,0,NA,22.436803817749023,101264.5703125,NA,69.7843659833035,62.23648038939751,0.010329637676477432,0.010329551063477993,0.010329551063477993,NA,NA,293.3802795410156,292.3870544433594,292.14776611328125,0,1.7089828101304498e-43,0,-0.24195893108844757,-0.5676928162574768,0.3691536784172058,0.4183920919895172,146.75747161500425,0.44138255813117255
2026-06-23T09:00:00Z,14.383002442024193,NA,NA,NA,4.089154243469238,0,0,101338.328125,0,NA,21.54081153869629,101290.171875,NA,68.95930728004726,59.777344385390165,0.010220890864729881,0.010220462456345558,0.010220462456345558,NA,NA,293.4083251953125,292.1789855957031,292.14776611328125,0,1.7095935004536175e-43,0,-0.14128084480762482,-0.8746351003646851,1.265102505683899,1.2522536516189575,173.62787241295018,1.272966860133144
2026-06-23T10:00:00Z,14.161044556450145,NA,NA,NA,4.089154243469238,0,0,101384.0390625,0,NA,21.83521270751953,101335.875,NA,66.8344077346546,58.265236443429735,0.01006806269288063,0.010067549534142017,0.010067549534142017,NA,NA,293.6822814941406,292.5030822753906,292.14776611328125,0,1.7103547461254718e-43,0,-0.41177281737327576,-0.8655136227607727,0.7484530806541443,0.6222255825996399,151.18194102724578,0.8542475443735288
2026-06-23T11:00:00Z,13.839377702803949,NA,NA,NA,4.089154243469238,0,0,101395.4609375,0,NA,22.71381950378418,101347.3125,NA,56.039258559714256,55.71071448226866,0.009855663403868675,0.009855164214968681,0.009855164214968681,NA,NA,296.22259521484375,296.0850830078125,292.14776611328125,0,1.710406710896831e-43,0,-0.47056323289871216,-0.8894836902618408,0.26579782366752625,0.5003386735916138,119.45994990759857,0.540442632684063
2026-06-23T12:00:00Z,13.455487946428303,NA,NA,NA,4.089154243469238,0,0,101436.703125,0,NA,24.246366500854492,101388.671875,NA,47.06889160275929,48.58490726402736,0.00960479024797678,0.00960439071059227,0.00960439071059227,NA,NA,298.714111328125,300.2397155761719,292.14776611328125,0,1.710874452485143e-43,0,0.00782059971243143,-0.0586572103202343,0.3417247533798218,0.36049485206604004,181.31102341216405,0.34181423149477275
2026-06-23T13:00:00Z,13.680758833880768,NA,NA,NA,4.089154243469238,0,0,101368.9375,0,NA,26.259870529174805,101321.09375,NA,41.65446298532732,43.653580687755294,0.009755531325936317,0.00975622609257698,0.00975622609257698,NA,NA,301.0369567871094,304.13201904296875,292.14776611328125,0,1.7093182874309183e-43,0,-0.00914680678397417,-0.07067298144102097,-0.19548305869102478,-0.15083806216716766,2.6789608518081423,0.19569693484963424
2026-06-23T14:00:00Z,14.173745367536862,NA,NA,NA,4.089154243469238,0,0,101362.9140625,0,NA,27.604427337646484,101315.2421875,NA,37.03355165973783,39.42947763580856,0.010078572668135166,0.01007738709449768,0.01007738709449768,NA,NA,303.62200927734375,307.4566955566406,292.14776611328125,0,1.7089824691143528e-43,0,0.6950458288192749,1.0623613595962524,-1.2170488834381104,-1.502614140510559,330.2696954220794,1.4015336916524783
2026-06-23T15:00:00Z,13.765531761603373,NA,NA,NA,4.089154243469238,0,0,101288.6015625,0,NA,29.55660629272461,101241.046875,NA,33.09233013390889,35.571075914790114,0.009818189777433872,0.009818575344979763,0.009818575344979763,NA,NA,305.13104248046875,309.6494445800781,292.14776611328125,0,1.7073193824812728e-43,0,0.3395577669143677,0.20252862572669983,-1.580199122428894,-2.021221876144409,347.87253299028106,1.6162700094962223
2026-06-23T16:00:00Z,12.974300853842955,NA,NA,NA,4.089154243469238,0,0,101244.546875,0,NA,29.397777557373047,101197.0859375,NA,29.44062143862496,31.742855211055787,0.009321172721683979,0.009319369681179523,0.009319369681179523,NA,NA,306.2881774902344,310.7417297363281,292.14776611328125,0,1.7065661626341203e-43,0,1.3158917427062988,2.0615968704223633,-1.5069606304168701,-2.0832197666168213,318.8722422621588,2.0006252573005847
2026-06-23T17:00:00Z,15.856016691198306,NA,NA,NA,4.089154243469238,0,0,101229.9453125,0,NA,31.024763107299805,101182.3125,NA,41.20527091074192,45.09292590395181,0.011267390102148056,0.011272660456597805,0.011272660456597805,NA,NA,303.64935302734375,308.49774169921875,292.14776611328125,0.14522585272789001,7.648129664377853e-5,0,4.215693473815918,5.291391372680664,3.80183744430542,5.216395378112793,227.95492180818354,5.676798342208123
2026-06-23T18:00:00Z,16.745271870327674,NA,NA,NA,4.089154243469238,0,0,101198.125,0,NA,32.389217376708984,101150.375,NA,49.51591389908226,53.88293792740072,0.01194100733846426,0.01194210909307003,0.01194210909307003,NA,NA,301.450439453125,305.812744140625,292.14776611328125,0.7771428823471069,4.6991551443840973e-4,0,3.8805060386657715,5.012116432189941,3.667785406112671,4.760941505432129,226.61424205427247,5.339567108054229
2026-06-23T19:00:00Z,18.25965723625903,NA,NA,NA,4.089154243469238,0,0,101359.0859375,0,NA,36.16022491455078,101311.1015625,NA,63.07149286850072,67.90920461729398,0.013143617659807205,0.01314312033355236,0.01314312033355236,NA,NA,298.9610900878906,302.4574890136719,292.14776611328125,0.6116041541099548,7.919984426224429e-4,0,3.250798463821411,4.079527854919434,4.110013961791992,5.178924560546875,218.34208817433242,5.240219978064733
2026-06-23T20:00:00Z,18.292322558471874,NA,NA,NA,4.089154243469238,0,0,101410.125,0,NA,38.48307418823242,101362.046875,NA,69.048527338061,72.45989820503931,0.013164414092898369,0.013164591044187546,0.013164591044187546,NA,NA,297.4776611328125,299.26678466796875,292.14776611328125,0.9635986685752869,4.5549341765989697e-4,0,4.192283630371094,5.354633331298828,3.6040287017822266,4.607244968414307,229.31496061297275,5.528495719519689
2026-06-23T21:00:00Z,18.370320817081144,NA,NA,NA,4.089154243469238,0,0,101546.25,0,NA,40.17851257324219,101498.0703125,NA,72.48839699247513,74.98814595490998,0.013212282210588455,0.013212286867201328,0.013212286867201328,NA,NA,296.750732421875,297.7248840332031,292.14776611328125,0.15831556916236877,1.7100449253991253e-43,0,3.7728028297424316,4.742572784423828,2.607696771621704,3.404315233230591,235.3484351031849,4.58629737858752
2026-06-23T22:00:00Z,18.796017159517053,NA,NA,NA,4.089154243469238,0,0,101591.625,0,NA,41.894561767578125,101543.3984375,NA,76.58202339515782,78.77284360465175,0.013570941053330898,0.013571413233876228,0.013571413233876228,NA,NA,296.2828063964844,296.93695068359375,292.14776611328125,0,1.7105485627327759e-43,0,2.665158987045288,3.345168352127075,1.4215013980865479,2.0667035579681396,241.9261193433305,3.0205527062096227
2026-06-23T23:00:00Z,19.310830000578875,NA,NA,NA,4.089154243469238,0,0,101633.9140625,0,NA,43.74582290649414,101585.65625,NA,80.80817737619718,82.70722134833542,0.014018123038113117,0.014018412679433823,0.014018412679433823,NA,NA,295.9266662597656,296.3481140136719,292.14776611328125,0,1.9694965626253885e-6,0,2.31112003326416,2.793653964996338,0.9268442988395691,1.3079758882522583,248.1473957733904,2.490043405735399
2026-06-24T00:00:00Z,19.587195729664806,NA,NA,NA,4.089154243469238,0,0,101686.2734375,0,NA,45.20384979248047,101637.9765625,NA,83.23218256952943,84.86557651676088,0.014259356074035168,0.014259629882872105,0.014259629882872105,NA,NA,295.7231750488281,295.9861145019531,292.14776611328125,0.8890739679336548,0.005987582520624056,0,2.3545026779174805,3.0122997760772705,0.5886163711547852,0.6770511865615845,255.96396949284477,2.426963554055152
2026-06-24T01:00:00Z,19.782912736821196,NA,NA,NA,4.089154243469238,0,0,101665.5859375,0,NA,46.478126525878906,101617.296875,NA,84.52906840806924,86.58814661912106,0.014440826140344143,0.014439178630709648,0.014439178630709648,NA,NA,295.6688232421875,296.1329345703125,292.14776611328125,0.9669065475463867,0.2666072308962807,0,2.545091390609741,3.3212034702301025,0.6364431977272034,0.7412946224212646,255.9601472086483,2.623461478750747
2026-06-24T02:00:00Z,19.736540180773964,NA,NA,NA,4.089154243469238,0,0,101694.5546875,0,NA,46.685062408447266,101646.2578125,NA,84.36399104261206,86.12112289667225,0.014394153840839863,0.014391826465725899,0.014391826465725899,NA,NA,295.65362548828125,295.96575927734375,292.14776611328125,0.793499767780304,0.03264268330396828,0,1.9630612134933472,2.423123836517334,1.0741075277328491,1.4018559455871582,241.31430854229217,2.2377033559107753
2026-06-24T03:00:00Z,19.469394314309387,NA,NA,NA,4.089154243469238,0,0,101667.265625,0,NA,46.783809661865234,101618.9296875,NA,85.1304965276681,87.27943708041693,0.014155615121126175,0.014152604155242443,0.014152604155242443,NA,NA,295.23248291015625,295.74505615234375,292.14776611328125,0.8997702598571777,0.10083410062149921,0,2.7412359714508057,3.435831308364868,0.4270206093788147,0.5353037714958191,261.1458162845161,2.7742965328187426
2026-06-24T04:00:00Z,18.832577673242653,NA,NA,NA,4.089154243469238,0,0,101653.28125,0,NA,46.61314392089844,101604.9296875,NA,82.95399201511428,84.94523568818269,0.013594263233244419,0.013592316769063473,0.013592316769063473,NA,NA,295.0061340332031,295.4561462402344,292.14776611328125,0.7262940406799316,0.0891656643578312,0,2.8641586303710938,3.6545729637145996,0.5916508436203003,0.7047828435897827,258.3285433854169,2.924629101388043
2026-06-24T05:00:00Z,18.986626605512832,NA,NA,NA,4.089154243469238,0,0,101616.125,0,NA,46.5958251953125,101567.765625,NA,85.1163425532976,87.46628402140247,0.013733786530792713,0.0137325469404459,0.0137325469404459,NA,NA,294.7427978515625,295.3548583984375,292.14776611328125,0.8574004173278809,0.20612616288092703,0,2.5210678577423096,3.1862101554870605,0.7896429300308228,1.1277610063552856,252.60852332918265,2.6418400974110945
2026-06-24T06:00:00Z,18.810939232918997,NA,NA,NA,4.089154243469238,0,0,101560.1171875,0,NA,46.276222229003906,101511.796875,NA,84.02780550732767,86.22345242752714,0.013588208705186844,0.013586517423391342,0.013586517423391342,NA,NA,294.7737121582031,295.326416015625,292.14776611328125,0.8599435091018677,0.026341861241871243,0,1.9295611381530762,2.3764970302581787,0.45224741101264954,0.6042918562889099,256.80920578714,1.9818511313007945
2026-06-24T07:00:00Z,18.753793609498267,NA,NA,NA,4.089154243469238,0,0,101578.84375,0,NA,46.525447845458984,101530.515625,NA,83.68282017078378,85.68122050905633,0.013536122627556324,0.013534695841372013,0.013534695841372013,NA,NA,294.78253173828125,295.2593078613281,292.14776611328125,0.9492560625076294,0.7258569545696998,0,1.3658990859985352,1.682466983795166,-0.2943114936351776,-0.26241016387939453,282.15966571195224,1.3972471393484414
2026-06-24T08:00:00Z,18.724659746579015,NA,NA,NA,4.089154243469238,0,0,101566.1640625,0,NA,45.933502197265625,101517.8046875,NA,85.88444373665035,88.25193246105928,0.01351266447454691,0.013508196920156479,0.013508196920156479,NA,NA,294.3292541503906,295.05029296875,292.14776611328125,0.9463388323783875,0.2873194622221409,0,0.33579322695732117,0.36548301577568054,-1.1111469268798828,-1.3089849948883057,343.1849644853891,1.1607775774820164
2026-06-24T09:00:00Z,18.42296368146197,NA,NA,NA,4.089154243469238,0,0,101592.0546875,0,NA,45.43003463745117,101543.6796875,NA,83.97522586384822,85.74704118901518,0.013250835239887238,0.013245956972241402,0.013245956972241402,NA,NA,294.3875732421875,294.7471008300781,292.14776611328125,0.6545206904411316,0.008221291821984212,0,0.9889394640922546,1.2388169765472412,-0.682713508605957,-0.9503005146980286,304.61922543794566,1.2017067023496757
2026-06-24T10:00:00Z,18.32150382863203,NA,NA,NA,4.089154243469238,0,0,101622.515625,0,NA,45.112796783447266,101574.1328125,NA,83.11074244481549,85.1730732009387,0.013160941191017628,0.013156196102499962,0.013156196102499962,NA,NA,294.45245361328125,294.9754638671875,292.14776611328125,0.7364620566368103,0.004041752009844086,0,1.1860792636871338,1.4263136386871338,-0.9876677393913269,-1.1871912479400635,309.7847062577481,1.543460910804996
2026-06-24T11:00:00Z,18.48314276081113,NA,NA,NA,4.089154243469238,0,0,101648.5546875,0,NA,44.87571334838867,101600.1953125,NA,80.49940788722776,83.5843802144355,0.013294444419443607,0.013289064168930054,0.013289064168930054,NA,NA,295.1397399902344,296.5195007324219,292.14776611328125,0.6170887351036072,5.031101908064735e-4,0,1.43989896774292,1.7838443517684937,-0.21319562196731567,-0.2173740565776825,278.42218970075203,1.4555965823445578
2026-06-24T12:00:00Z,18.54173827206724,NA,NA,NA,4.089154243469238,0,0,101659.140625,0,NA,44.5325927734375,101610.8359375,NA,75.87849616070126,80.09446509918334,0.013342979364097118,0.013336462900042534,0.013336462900042534,NA,NA,296.1723327636719,299.3482971191406,292.14776611328125,0.2801530361175537,3.594275859042377e-4,0,0.7148874998092651,0.8217611908912659,-0.3332703113555908,-0.3988380432128906,294.99425889272356,0.7887542315668389
2026-06-24T13:00:00Z,18.49826821487892,NA,NA,NA,4.089154243469238,0,0,101562.3671875,0,NA,43.54410171508789,101514.1796875,NA,70.59309300290555,75.64907598130135,0.013318842276930809,0.013310829177498817,0.013310829177498817,NA,NA,297.3243103027344,302.3860778808594,292.14776611328125,0.7129751443862915,0.0016499617023161693,0,-0.014732110314071178,-0.19860036671161652,-0.5453478693962097,-1.5779439210891724,1.5474205605860334,0.5455468208406052
2026-06-24T14:00:00Z,17.848401426299095,NA,NA,NA,4.089154243469238,0,0,101503.2578125,0,NA,42.60115432739258,101455.1796875,NA,62.3503313712347,67.64011972145636,0.012782547622919083,0.012773268856108189,0.012773268856108189,NA,NA,298.7191467285156,304.53607177734375,292.14776611328125,0.9495335817337036,0.00449509951444925,0,-0.4037449359893799,-0.36899927258491516,-1.4055211544036865,-1.4090931415557861,16.027050385558653,1.4623609981168604
2026-06-24T15:00:00Z,17.86989805747746,NA,NA,NA,4.089154243469238,0,0,101393.5078125,0.022008568048477173,NA,42.58502197265625,101345.546875,NA,58.9921721781872,64.21347469479198,0.0128143560141325,0.012804647907614708,0.012804647907614708,NA,NA,299.6769104003906,306.0236511230469,292.14776611328125,1,0.006968157308177395,0,-1.3430495262145996,-1.4333029985427856,-0.37602314352989197,0.9554665088653564,74.35896896838779,1.394695462936394
2026-06-24T16:00:00Z,17.233124098275535,NA,NA,NA,4.089154243469238,0,0,101318.6015625,0.07662373781204224,NA,42.210758209228516,101270.734375,NA,53.830866218911,58.65236739735023,0.012308667413890362,0.012300258502364159,0.012300258502364159,NA,NA,300.54998779296875,306.7533874511719,292.14776611328125,1,0.00829585039330869,0,-1.5608360767364502,-1.699205756187439,0.6441999673843384,1.251710295677185,112.42728580389311,1.6885505193567696
2026-06-24T17:00:00Z,16.901115915050855,NA,NA,NA,4.089154243469238,0,0,101265.8359375,0.11670923233032227,NA,42.58517837524414,101218.0390625,NA,50.70631113472358,54.79376345535617,0.012053828686475754,0.012046456336975098,0.012046456336975098,NA,NA,301.212646484375,306.7275695800781,292.14776611328125,0.9847314357757568,0.0044786996926237665,0,-1.1068657636642456,-1.395708441734314,0.8631389737129211,0.44894909858703613,127.94726821247247,1.403624132990819
2026-06-24T18:00:00Z,16.667028554808212,NA,NA,NA,4.089154243469238,0,0,101239.03125,0.020598024129867554,NA,43.15388488769531,101191.2890625,NA,49.02232043643253,52.62088590812552,0.011875755153596401,0.011869916692376137,0.011869916692376137,NA,NA,301.537109375,305.5842590332031,292.14776611328125,1,0.009075124478842518,0,-1.3355419635772705,-1.3338943719863892,1.5280861854553223,1.7605133056640625,138.84665561987316,2.0294629158117745
2026-06-24T19:00:00Z,18.357088256238214,NA,NA,NA,4.089154243469238,0,0,101493.28125,0.3594811260700226,NA,45.92905044555664,101445.125,NA,70.04561456898368,75.13436809889006,0.013208120130002499,0.01320500299334526,0.01320500299334526,NA,NA,297.3065185546875,300.5851135253906,292.14776611328125,1,0.01287809486977074,0,5.1061906814575195,6.5232930183410645,4.76716423034668,6.071465969085693,226.96662188301468,6.985630828672559
2026-06-24T20:00:00Z,17.61140163421853,NA,NA,NA,4.089154243469238,0,0,101600.0390625,0.3594056963920593,NA,45.94556427001953,101551.78125,NA,70.10771294090345,73.73886035182278,0.012576903216540813,0.012574823573231697,0.012574823573231697,NA,NA,296.5128173828125,298.44757080078125,292.14776611328125,1,0.17792151972490902,0,4.715236663818359,6.111178398132324,2.901254892349243,3.6677472591400146,238.396280749395,5.5363107523148765
2026-06-24T21:00:00Z,18.15077454602433,NA,NA,NA,4.089154243469238,0,0,101784.53125,0.9170118570327759,NA,47.42554473876953,101736.15625,NA,75.45584552450072,78.71858013495834,0.012996467761695385,0.012995905242860317,0.012995905242860317,NA,NA,295.85986328125,297.3004150390625,292.14776611328125,1,0.48709000633925753,0,3.5588183403015137,4.8920979499816895,3.654752254486084,4.670954704284668,224.23806327210997,5.101215739501471
2026-06-24T22:00:00Z,18.816262753274582,NA,NA,NA,4.089154243469238,0,0,101914.3515625,1,NA,47.4106330871582,101865.8359375,NA,84.38719841983391,87.88780595018929,0.01354456041008234,0.013530362397432327,0.013530362397432327,NA,NA,294.7094421386719,296.10479736328125,292.14776611328125,1,0.68558452876047,0,-1.543846845626831,-2.0657601356506348,2.1190056800842285,3.3161356449127197,143.92399109068157,2.6217643210214643
2026-06-24T23:00:00Z,18.43017522271217,NA,NA,NA,4.089154243469238,0,0,101953.96875,0.7835849523544312,NA,46.41446304321289,101905.421875,NA,82.84957468632264,85.91920377483457,0.013208898715674877,0.013197595253586769,0.013197595253586769,NA,NA,294.6149597167969,295.8165588378906,292.14776611328125,0.8424240350723267,0.09212301425565192,0,-1.2609548568725586,-1.5761218070983887,1.4683946371078491,1.809675693511963,139.34631676628823,1.9355076753548632
2026-06-25T00:00:00Z,18.601580537610804,NA,NA,NA,4.089154243469238,0,0,101969.2890625,1,NA,46.846073150634766,101920.7109375,NA,85.73266679691356,88.66270880233897,0.013352576643228531,0.013341965153813362,0.013341965153813362,NA,NA,294.2326354980469,295.54107666015625,292.14776611328125,1,2.26790963745989,0,-0.5102326273918152,-0.5190115571022034,-0.6371931433677673,-0.9312882423400879,38.68601294288396,0.8163041320549903
2026-06-25T01:00:00Z,18.618044271363473,NA,NA,NA,4.089154243469238,0,0,101897.421875,0.9612793922424316,NA,45.345149993896484,101848.8828125,NA,86.23059623666424,89.03797438019565,0.013376276940107346,0.013364124111831188,0.013364124111831188,NA,NA,294.15521240234375,295.2212219238281,292.14776611328125,1,0.279752401118249,0,-1.2277220487594604,-1.3788280487060547,-0.23381005227565765,-0.041124098002910614,79.21758307760769,1.2497874097442623
2026-06-25T02:00:00Z,18.694555487992,NA,NA,NA,4.089154243469238,0,0,101942.3046875,0.5612198710441589,NA,45.59150314331055,101893.7265625,NA,87.6087356270403,90.24066848161343,0.01343584805727005,0.013425478711724281,0.013425478711724281,NA,NA,293.97540283203125,295.1084899902344,292.14776611328125,0.9784224033355713,0.69132514566566206,0,-0.055468518286943436,-0.08648417145013809,0.47904372215270996,0.8655468225479126,173.39512935304958,0.48224438229477773
2026-06-25T03:00:00Z,18.496757949407122,NA,NA,NA,4.089154243469238,0,0,101935.875,0.5904496908187866,NA,45.56707763671875,101887.3125,NA,85.61846193141434,88.17675744775728,0.013267742469906807,0.01325554121285677,0.01325554121285677,NA,NA,294.1474914550781,295.03546142578125,292.14776611328125,0.9776571989059448,0.7875184791130865,0,0.6153556108474731,0.8086478114128113,1.0787447690963745,1.1582776308059692,209.70202206559364,1.2419149748087657
2026-06-25T04:00:00Z,17.81773550080045,NA,NA,NA,4.089154243469238,0,0,101936.1953125,0.9819729328155518,NA,44.53324890136719,101887.6015625,NA,83.40942649634849,85.94214405511839,0.01270212046802044,0.012686215341091156,0.012686215341091156,NA,NA,293.8789367675781,294.7013854980469,292.14776611328125,1,0.4115832844677636,0,1.8662467002868652,2.2586891651153564,0.8615766167640686,0.9550434947013855,245.2189882240608,2.055526942875289
2026-06-25T05:00:00Z,17.566512507676084,NA,NA,NA,4.089154243469238,0,0,101924.21875,1,NA,44.017127990722656,101875.65625,NA,81.28769713961229,83.19439489120691,0.012499932199716568,0.012483767233788967,0.012483767233788967,NA,NA,294.0400390625,294.5173034667969,292.14776611328125,1,0.09024415834124296,0,2.021634578704834,2.6049935817718506,0.21371743083000183,0.24955503642559052,263.96538102729795,2.0328997786550245
2026-06-25T06:00:00Z,17.39084562684609,NA,NA,NA,4.089154243469238,0,0,101932.5390625,1,NA,43.292724609375,101883.96875,NA,79.82866352493863,81.80096451766912,0.01235821470618248,0.01234084740281105,0.01234084740281105,NA,NA,294.154052734375,294.7057189941406,292.14776611328125,1,0.28505317957349446,0,1.8556950092315674,2.318831443786621,0.4913616180419922,0.4732094705104828,255.16924301042548,1.9196458545710433
2026-06-25T07:00:00Z,17.552042392071204,NA,NA,NA,4.089154243469238,0,0,101993.796875,1,NA,42.90085983276367,101945.1953125,NA,81.13220562749949,83.18097444722791,0.012479599565267563,0.012463349848985672,0.012463349848985672,NA,NA,294.0563049316406,294.6304931640625,292.14776611328125,1,0.4398847136087146,0,1.7754274606704712,2.1725430488586426,0.42041388154029846,0.3112100660800934,256.67797740778707,1.8245247326069816
2026-06-25T08:00:00Z,17.647606839989223,NA,NA,NA,4.089154243469238,0,0,102006.5078125,1,NA,42.85861587524414,101957.90625,NA,81.49497618387697,83.41859402646979,0.012555023655295372,0.012539403513073921,0.012539403513073921,NA,NA,294.0818176269531,294.5782775878906,292.14776611328125,1,0.4345063863896905,0,1.720560908317566,2.0830554962158203,0.4599511921405792,0.4490889608860016,255.03330324360275,1.7809786462454027
2026-06-25T09:00:00Z,18.003230668559475,NA,NA,NA,4.089154243469238,0,0,102079.5546875,0.7837954759597778,NA,42.78273010253906,102030.90625,NA,84.30302309886761,86.44759800206107,0.012836000882089138,0.01282220333814621,0.01282220333814621,NA,NA,293.8955383300781,294.5330505371094,292.14776611328125,0.9730477333068848,0.9248310600479137,0,1.1269334554672241,1.4065552949905396,-0.3711710274219513,-0.6079541444778442,288.2300092367733,1.1864851219668813
2026-06-25T10:00:00Z,17.752507666986123,NA,NA,NA,4.089154243469238,0,0,102164.640625,0.639809250831604,NA,43.144493103027344,102115.8984375,NA,85.34086355972941,87.94770690430151,0.01262009795755148,0.01260602381080389,0.01260602381080389,NA,NA,293.4414978027344,294.2666015625,292.14776611328125,0.988102912902832,0.8149669266131141,0,0.8282864093780518,0.8167704343795776,-1.806606650352478,-2.1541199684143066,335.369664216107,1.9874320026250423
2026-06-25T11:00:00Z,17.91604817484604,NA,NA,NA,4.089154243469238,0,0,102246.921875,0.3030542731285095,NA,43.50774383544922,102198.140625,NA,86.24014304998411,88.96797940464457,0.012743002735078335,0.012729249894618988,0.012729249894618988,NA,NA,293.4385986328125,294.42724609375,292.14776611328125,1,1.102764364687437,0,0.43147942423820496,0.5147483944892883,-1.2744531631469727,-1.7590081691741943,341.29593311318706,1.345513046609455
2026-06-25T12:00:00Z,18.133808755485656,NA,NA,NA,4.089154243469238,0,0,102323.71875,0.14355772733688354,NA,43.50391387939453,102274.9140625,NA,86.57485148914914,89.6905220184232,0.012912520207464695,0.012897378765046597,0.012897378765046597,NA,NA,293.59759521484375,294.73187255859375,292.14776611328125,0.9895299673080444,0.7845423926358331,0,0.7238515019416809,0.7912014126777649,-1.9460840225219727,-2.5777716636657715,339.5971720042053,2.0763439068657505
2026-06-25T13:00:00Z,18.102293894188108,NA,NA,NA,4.089154243469238,0,0,102283.2421875,0,NA,43.358123779296875,102234.484375,NA,84.53633478276647,87.7793115563862,0.012891636230051517,0.01287491898983717,0.01287491898983717,NA,NA,293.9518127441406,295.4180908203125,292.14776611328125,0.991378903388977,0.3879241207305338,0,0.44745248556137085,0.5135901570320129,-1.3049975633621216,-1.5902085304260254,341.07438326135275,1.379576879777319
2026-06-25T14:00:00Z,17.931709475650063,NA,NA,NA,4.089154243469238,0,0,102311.2890625,0.006931960582733154,NA,43.847900390625,102262.6015625,NA,77.86276477323608,81.51463617533345,0.012747625820338726,0.012725599110126495,0.012725599110126495,NA,NA,295.1177978515625,297.6909484863281,292.14776611328125,0.9176057577133179,0.13121559106657552,0,0.1995180994272232,0.3260972201824188,-0.6969661116600037,-1.0007717609405518,344.0253529094819,0.7249615388429348
2026-06-25T15:00:00Z,17.610660788096123,NA,NA,NA,4.089154243469238,0,0,102256.5703125,0.650750994682312,NA,44.384674072265625,102207.9765625,NA,70.74128498591166,74.77491814737917,0.012493939138948917,0.012466393411159515,0.012466393411159515,NA,NA,296.36322021484375,299.82672119140625,292.14776611328125,0.6846116185188293,0.0017632590042498306,0,-0.6085501909255981,-0.18543162941932678,0.4736410975456238,1.0459164381027222,127.89400227523467,0.7711479910884843
2026-06-25T16:00:00Z,17.45919587371097,NA,NA,NA,4.089154243469238,0,0,102208.1015625,0.13294267654418945,NA,44.74222946166992,102159.546875,NA,69.12515656215025,73.33705493084435,0.012378630228340626,0.01234734058380127,0.01234734058380127,NA,NA,296.5873718261719,299.51776123046875,292.14776611328125,0.493625670671463,0.031135540785440435,0,-1.4693100452423096,-1.875928521156311,1.80239999294281,1.9943808317184448,140.81320378441777,2.325407006012109
2026-06-25T17:00:00Z,18.445802039952042,NA,NA,NA,4.089154243469238,0,0,102146.7734375,0.45275989174842834,NA,45.191856384277344,102098.234375,NA,74.78182965190443,79.89316643136756,0.01319662481546402,0.013168628327548504,0.013168628327548504,NA,NA,296.3134765625,299.5120544433594,292.14776611328125,0.8515607118606567,0.0023628175260469887,0,-2.0888195037841797,-2.485236406326294,2.476597547531128,3.0664026737213135,139.8549441458559,3.23986146799927
2026-06-25T18:00:00Z,18.970632908574792,NA,NA,NA,4.089154243469238,0,0,102074.2734375,0.8132281303405762,NA,45.173885345458984,102025.796875,NA,76.63750844354229,80.79696438524682,0.013656827621161938,0.01363273523747921,0.01363273523747921,NA,NA,296.4512634277344,298.99322509765625,292.14776611328125,0.8995453119277954,0.059297702175300976,0,-0.4263596534729004,-0.6291962265968323,1.8074101209640503,2.219838857650757,166.7268431868505,1.8570174741969485
2026-06-25T19:00:00Z,19.17201187579078,NA,NA,NA,4.089154243469238,0,0,102097.6640625,0.7642459869384766,NA,45.39737319946289,102049.2109375,NA,76.55490547436055,79.8495263567085,0.013830142095685005,0.013807360082864761,0.013807360082864761,NA,NA,296.6772155761719,298.48638916015625,292.14776611328125,0.8499008417129517,0.02827886351418957,0,-1.339914083480835,-1.4869121313095093,0.3624817132949829,0.5964697003364563,105.13766585353835,1.3880787958842797
2026-06-25T20:00:00Z,19.3218804155136,NA,NA,NA,4.089154243469238,0,0,102112.8203125,0.3643694519996643,NA,46.618736267089844,102064.296875,NA,81.617552409616,84.65959363993986,0.013960731215775013,0.013940195553004742,0.013940195553004742,NA,NA,295.77386474609375,296.9415588378906,292.14776611328125,0.9276230335235596,0.5439368094937276,0,-3.0215930938720703,-3.5020153522491455,0.47082602977752686,1.018081545829773,98.85663335270235,3.0580552603331843
2026-06-25T21:00:00Z,18.865416098337242,NA,NA,NA,4.089154243469238,0,0,102180.8046875,0.24083900451660156,NA,45.69789505004883,102132.2265625,NA,81.07559387388577,83.45022944234208,0.013550945557653904,0.01352971326559782,0.01352971326559782,NA,NA,295.4151916503906,296.1780090332031,292.14776611328125,0.9772497415542603,0.33687425719872277,0,-2.851001024246216,-3.5882108211517334,-0.6918472051620483,-0.7601752877235413,76.3598055543539,2.9337449438462624
2026-06-25T22:00:00Z,19.077694228630182,NA,NA,NA,4.089154243469238,0,0,102199.6015625,0.4488857388496399,NA,46.08513641357422,102151.0234375,NA,81.87548105673471,83.82987647764494,0.013733210042119026,0.013715099543333054,0.013715099543333054,NA,NA,295.4716796875,295.968505859375,292.14776611328125,0.9468780755996704,0.26564273167118885,0,-3.2367959022521973,-4.0544047355651855,0.15483669936656952,0.35129836201667786,92.73873669790783,3.240497202021219
2026-06-25T23:00:00Z,18.87083834754912,NA,NA,NA,4.089154243469238,0,0,102235.703125,0.6533452272415161,NA,45.87389373779297,102187.109375,NA,81.5451374179551,83.00379890384087,0.013548200018703938,0.013529687188565731,0.013529687188565731,NA,NA,295.32598876953125,295.580078125,292.14776611328125,0.91355299949646,0.0922680684903718,0,-3.2497169971466064,-4.113061428070068,-0.30926284193992615,-0.4181922972202301,84.56375682849819,3.264399495611454
2026-06-26T00:00:00Z,19.077801846950308,NA,NA,NA,4.089154243469238,0,0,102258.96875,0.8587772846221924,NA,45.88200759887695,102210.3515625,NA,83.12772339020012,84.69749091488887,0.013725156895816326,0.01370915025472641,0.01370915025472641,NA,NA,295.2227478027344,295.5072937011719,292.14776611328125,0.9518498182296753,0.017315615734446895,0,-3.4481072425842285,-4.3794379234313965,-0.21022160351276398,-0.2120196521282196,86.51115251038232,3.454509614828896
2026-06-26T01:00:00Z,19.46186379371215,NA,NA,NA,4.089154243469238,0,0,102239.734375,0.6306794881820679,NA,46.5295524597168,102191.1171875,NA,86.7466988978777,87.86863849529087,0.014067819342017174,0.014055626466870308,0.014055626466870308,NA,NA,294.9168701171875,294.9659423828125,292.14776611328125,0.8435624837875366,0.014917897707929294,0,-3.2116894721984863,-4.147024631500244,0.18038330972194672,0.3358003795146942,93.2146182285629,3.216751063457792
2026-06-26T02:00:00Z,19.53297516994481,NA,NA,NA,4.089154243469238,0,0,102263.6875,0.5722610354423523,NA,46.738773345947266,102215.0546875,NA,86.98378658512848,88.33277374781906,0.014128219336271286,0.014114925637841225,0.014114925637841225,NA,NA,294.944580078125,295.0801696777344,292.14776611328125,0.8577920198440552,0.06612410701148538,0,-2.415705442428589,-3.1778194904327393,0.9289522767066956,1.2657660245895386,111.03409762964117,2.5881624981785163
2026-06-26T03:00:00Z,19.454171876395627,NA,NA,NA,4.089154243469238,0,0,102242.828125,0,NA,46.60269546508789,102194.21875,NA,85.91853277547705,87.35188481181885,0.014060499146580696,0.014045543037354946,0.014045543037354946,NA,NA,295.0660095214844,295.2480163574219,292.14776611328125,0.8718077540397644,0.04066590696100331,0,-1.4981855154037476,-1.9203542470932007,0.5621947646141052,0.68779456615448,110.56862395493661,1.6001946106411875
2026-06-26T04:00:00Z,19.473106414005873,NA,NA,NA,4.089154243469238,0,0,102230.8984375,0,NA,46.35380554199219,102182.28125,NA,87.07790332571302,88.01124730123676,0.014079131186008453,0.01406208798289299,0.01406208798289299,NA,NA,294.8659973144531,294.8548278808594,292.14776611328125,0.7193511128425598,0.006832138425205394,0,-0.83188629150390625,-1.1568633317947388,0.2885689437389374,0.4344586133956909,109.13089721954489,0.8805150977028889
2026-06-26T05:00:00Z,19.528928515909275,NA,NA,NA,4.089154243469238,0,0,102214.109375,0,NA,45.774696350097656,102165.4765625,NA,88.79385352914018,90.34600765839933,0.014131593517959118,0.014119724743068218,0.014119724743068218,NA,NA,294.60400390625,294.81512451171875,292.14776611328125,0.7749183773994446,0.008002075593461559,0,0.7258780598640442,0.9378800392150879,-0.8887351155281067,-0.9290186762809753,320.7596273757773,1.1474968685642442
2026-06-26T06:00:00Z,19.525910422562617,NA,NA,NA,4.089154243469238,0,0,102202.0390625,0,NA,44.97194290161133,102153.4375,NA,87.72008563135,88.79614233268326,0.014130583964288235,0.014117380604147911,0.014117380604147911,NA,NA,294.7995910644531,294.8246154785156,292.14776611328125,0.6815511584281921,0.03764182895003167,0,1.8423285484313965,2.252253293991089,-0.4851437211036682,-0.8306500911712646,284.7528819576556,1.9051348798685226
2026-06-26T07:00:00Z,17.9710625085063,NA,NA,NA,4.089154243469238,0,0,102239.90625,0,NA,43.47446823120117,102191.296875,NA,78.14420734888267,78.28945383720487,0.012788991443812847,0.012770351022481918,0.012770351022481918,NA,NA,295.0992736816406,294.808349609375,292.14776611328125,0.6263171434402466,0.04836735497476309,0,3.7755753993988037,4.478248596191406,-0.24957026541233063,-0.6335389018058777,273.7818211656614,3.783814862532708
2026-06-26T08:00:00Z,17.77212394106296,NA,NA,NA,4.089154243469238,0,0,102213.5078125,1,NA,42.21625518798828,102164.9140625,NA,77.49437032336256,77.16667008012831,0.01262984424829483,0.012598995119333267,0.012598995119333267,NA,NA,295.0308532714844,294.7759704589844,292.14776611328125,1,0.13066576358210233,0,0.6428207755088806,0.5462819337844849,-1.726753830909729,-2.5711703300476074,339.58114885911016,1.8425247195050773
2026-06-26T09:00:00Z,18.022988273722063,NA,NA,NA,4.089154243469238,0,0,102241.8359375,1,NA,41.54685974121094,102193.15625,NA,81.82563523022888,83.20090962228073,0.012831469997763634,0.012819160707294941,0.012819160707294941,NA,NA,294.4007263183594,294.5615234375,292.14776611328125,1,0.07142353798892351,0,-0.031952865421772,0.07931329309940338,-2.4693920612335205,-3.088886260986328,0.7413412372187622,2.469598780711514
2026-06-26T10:00:00Z,18.68114013875105,NA,NA,NA,4.089154243469238,0,0,102275.59375,1,NA,41.09872817993164,102226.859375,NA,87.55132702274832,89.63390690809224,0.013379639945924282,0.01336981263011694,0.01336981263011694,NA,NA,293.972412109375,294.4315185546875,292.14776611328125,1,0.1440535952059072,0,-1.3202775716781616,-1.5460314750671387,-3.1134819984436035,-3.6197047233581543,22.979458966825405,3.381849053536949
2026-06-26T11:00:00Z,19.096112413793186,NA,NA,NA,4.089154243469238,0,0,102327.0625,1,NA,40.94511413574219,102278.3203125,NA,89.34051679464397,92.02448910265714,0.013731861487030983,0.013719950802624226,0.013719950802624226,NA,NA,294.0650634765625,294.93524169921875,292.14776611328125,1,0.08232604391999283,0,-1.3022232055664062,-1.6311708688735962,-0.5737882852554321,-0.7177966833114624,66.22065141290182,1.4230313676837962
2026-06-26T12:00:00Z,18.595959828143595,NA,NA,NA,4.089154243469238,0,0,102356.15625,1,NA,39.761966705322266,102307.4609375,NA,81.20624814549777,84.588690286804,0.013296239078044891,0.013277319259941578,0.013277319259941578,NA,NA,295.1123352050781,296.84832763671875,292.14776611328125,1,0.0706192633560996,0,-1.1388155221939087,-1.3927792310714722,-0.8812194466590881,-0.9390454888343811,52.26716997644826,1.4399473972197507
2026-06-26T13:00:00Z,18.2830900474775,NA,NA,NA,4.089154243469238,0,0,102297.1796875,0.8587087988853455,NA,38.952083587646484,102248.6171875,NA,71.63397222922421,75.56251329157803,0.013040155172348022,0.013013811782002449,0.013013811782002449,NA,NA,296.8565979003906,300.2062683105469,292.14776611328125,1,0.026844314310586027,0,-0.9094604253768921,-1.1088085174560547,0.09262927621603012,0.3254651427268982,95.81556715114351,0.9141654380575887
2026-06-26T14:00:00Z,18.05587301575345,NA,NA,NA,4.089154243469238,0,0,102305.2734375,0.7368414402008057,NA,38.1163215637207,102256.8046875,NA,64.8848069008671,68.91024092472331,0.012850419618189335,0.012817793525755405,0.012817793525755405,NA,NA,298.2691955566406,302.22271728515625,292.14776611328125,0.9219176769256592,0.044702439691249964,0,-0.777854323387146,-0.7904309034347534,0.7044370770454407,0.8784030675888062,132.16448220022667,1.0494231481763678
2026-06-26T15:00:00Z,17.857550227550586,NA,NA,NA,4.089154243469238,0,0,102256.625,0.7196613550186157,NA,36.26365280151367,102208.15625,NA,64.22012344147532,69.1281792612804,0.012693919241428375,0.01266256533563137,0.01266256533563137,NA,NA,298.2325439453125,302.4725646972656,292.14776611328125,0.943757176399231,0.034710689338130304,0,-2.198648452758789,-2.6461739540100098,1.2163511514663696,1.249109148979187,118.95254235644768,2.5126808676177284
2026-06-26T16:00:00Z,18.1409710152524,NA,NA,NA,4.089154243469238,0,0,102217.7265625,0.9019855260848999,NA,36.61642837524414,102169.296875,NA,64.20787705543744,69.27859536005754,0.012932087294757366,0.012896353378891945,0.012896353378891945,NA,NA,298.5350646972656,302.66455078125,292.14776611328125,0.9528878927230835,0.03508487341541173,0,-2.8792738914489746,-3.4884982109069824,1.7081574201583862,1.9708927869796753,120.67895192061061,3.3478380955509
2026-06-26T17:00:00Z,17.958581675686943,NA,NA,NA,4.089154243469238,0,0,102168.3671875,0.884156346321106,NA,36.660369873046875,102119.953125,NA,64.49517934151035,69.09642934703896,0.012787854298949242,0.012753778137266636,0.012753778137266636,NA,NA,298.2675476074219,301.7237548828125,292.14776611328125,0.9744543433189392,0.06461621155902833,0,-3.0849666595458984,-3.7892110347747803,1.6702907085418701,1.905441164970398,118.43240354126743,3.5081177776054044
2026-06-26T18:00:00Z,17.865864285346877,NA,NA,NA,4.089154243469238,0,0,102109.203125,0.9765783548355103,NA,36.102210998535156,102060.8046875,NA,65.43874637573107,69.49906817520095,0.012719416059553623,0.01268844772130251,0.01268844772130251,NA,NA,297.926513671875,300.665771484375,292.14776611328125,0.9997193217277527,0.035625963307432104,0,-2.9873366355895996,-3.7138454914093018,2.095182180404663,2.510397434234619,125.04407480275421,3.648831120156293
2026-06-26T19:00:00Z,17.87406877787753,NA,NA,NA,4.089154243469238,0,0,102173.75,0.9269071817398071,NA,36.8176383972168,102125.296875,NA,67.61122437718194,70.45091613400683,0.01271792408078909,0.012691094540059566,0.012691094540059566,NA,NA,297.3899230957031,298.8684387207031,292.14776611328125,0.9635509848594666,0.0899808486021993,0,-2.281484842300415,-2.7713024616241455,2.1877143383026123,2.702723979949951,133.79802494278985,3.160896567694265
2026-06-26T20:00:00Z,18.132246752352685,NA,NA,NA,4.089154243469238,0,0,102165.8046875,0.678744912147522,NA,36.6768913269043,102117.328125,NA,71.39993705560967,73.69475381888878,0.012931564822793007,0.012908386066555977,0.012908386066555977,NA,NA,296.7536926269531,297.6760559082031,292.14776611328125,0.8608602285385132,0.04999526666683779,0,-2.1276605129241943,-2.632246255874634,1.6485004425048828,1.8562248945236206,127.76834063308607,2.6915595789793767
2026-06-26T21:00:00Z,17.922281793664222,NA,NA,NA,4.089154243469238,0,0,102275.6171875,0.0925455391407013,NA,37.61719512939453,102227.078125,NA,71.39549027128635,72.95760970522693,0.012744424864649773,0.012721539475023746,0.012721539475023746,NA,NA,296.535888671875,296.9920654296875,292.14776611328125,0.9153658151626587,0.052738920412770014,0,-1.181644320487976,-1.2338882684707642,0.8899889588356018,0.7809174656867981,126.986269030556,1.479311882934349
2026-06-26T22:00:00Z,17.840415508557076,NA,NA,NA,4.089154243469238,0,0,102304.3515625,0,NA,38.528656005859375,102255.7890625,NA,72.10442025683639,73.41799371575256,0.012673919089138508,0.012653195299208164,0.012653195299208164,NA,NA,296.2872009277344,296.6374206542969,292.14776611328125,0.9542024731636047,0.020079282025710486,0,-0.2535036504268646,-0.10794836282730103,0.5476350784301758,0.46594294905662537,155.16029114844397,0.60346356966015
2026-06-26T23:00:00Z,17.91457140109053,NA,NA,NA,4.089154243469238,0,0,102348.5546875,0.3751756250858307,NA,38.36960983276367,102299.9453125,NA,74.15674262345061,75.38908864152943,0.012728854082524776,0.012710250914096832,0.012710250914096832,NA,NA,295.90118408203125,296.156982421875,292.14776611328125,0.9456124901771545,0.03536727217189113,0,-0.017092833295464516,0.2768940329551697,-0.5442051291465759,-0.7083338499069214,1.7990005965090745,0.5444734957181184
2026-06-27T00:00:00Z,18.14106809488732,NA,NA,NA,4.089154243469238,0,0,102389.5859375,1,NA,37.85648727416992,102340.8984375,NA,78.77729664115284,80.54120849817411,0.012910033576190472,0.012894553132355213,0.012894553132355213,NA,NA,295.1422424316406,295.6251525878906,292.14776611328125,1,1.7753620080845531,0,0.21237897872924805,0.2240457385778427,-1.0820903778076172,-1.3243361711502075,348.89585551057706,1.1027349710378782
2026-06-27T01:00:00Z,18.50952335383428,NA,NA,NA,4.089154243469238,0,0,102355.3828125,0,NA,39.68714904785156,102306.671875,NA,82.89367402733389,84.85449937754797,0.013223002664744854,0.013210018165409565,0.013210018165409565,NA,NA,294.6874694824219,295.25970458984375,292.14776611328125,1,0.8273032839608075,0,-0.12210070341825485,-0.14464926719665527,-0.9771843552589417,-1.1608874797821045,7.122283266906152,0.9847831466561895
2026-06-27T02:00:00Z,18.562591742808266,NA,NA,NA,4.089154243469238,0,0,102343.03125,0.08185875415802002,NA,39.953548431396484,102294.3359375,NA,82.66392845795234,84.20280827500534,0.013269621878862381,0.013258063234388828,0.013258063234388828,NA,NA,294.787109375,295.1228942871094,292.14776611328125,1,0.6288720739083832,0,-0.27711454033851624,-0.29778745770454407,-0.48790743947029114,-0.6010772585868835,29.595075823872094,0.5611115200719755
2026-06-27T03:00:00Z,19.25454386221605,NA,NA,NA,4.089154243469238,0,0,102294.9921875,0.5748818516731262,NA,41.16313934326172,102246.234375,NA,91.68210141696946,94.29342145263547,0.01387568935751915,0.013867378234863281,0.013867378234863281,NA,NA,293.8054504394531,294.57427978515625,292.14776611328125,0.9780452251434326,0.19676379354536538,0,0.6493802666664124,0.7571805119514465,-1.1501959562301636,-1.4462153911590576,330.551696707033,1.3208502823802406
2026-06-27T04:00:00Z,19.018821364044072,NA,NA,NA,4.089154243469238,0,0,102271.109375,0.5415337085723877,NA,43.895172119140625,102222.4296875,NA,87.27163905324656,88.96851725593092,0.013671960681676865,0.013662261888384819,0.013662261888384819,NA,NA,294.36773681640625,294.70599365234375,292.14776611328125,0.9546711444854736,0.27634076609671643,0,0.16571573913097382,0.17771779000759125,-0.728458821773529,-0.8760259747505188,347.1839986883216,0.7470702518608294
2026-06-27T05:00:00Z,18.638578012810356,NA,NA,NA,4.089154243469238,0,0,102224.8671875,1,NA,44.346336364746094,102176.234375,NA,83.57639841792853,84.57539560648057,0.013350025750696659,0.013334679417312145,0.013334679417312145,NA,NA,294.685546875,294.7073974609375,292.14776611328125,1,0.04512048301004338,0,0.8736345171928406,1.4896330833435059,-0.8049079179763794,-1.005332350730896,312.65537900340945,1.1879032056745353
2026-06-27T06:00:00Z,18.751891438663815,NA,NA,NA,4.089154243469238,0,0,102175.2421875,1,NA,45.04529571533203,102126.640625,NA,83.47120327236894,84.27349557883642,0.013453765772283077,0.013438073918223381,0.013438073918223381,NA,NA,294.82196044921875,294.77996826171875,292.14776611328125,1,0.025842860913542206,0,1.8818203210830688,2.5979979038238525,-0.15874196588993073,-0.1699117124080658,274.8218008552045,1.8885038344085467
2026-06-27T07:00:00Z,18.250022605196225,NA,NA,NA,4.089154243469238,0,0,102184.2890625,0,NA,45.07874298095703,102135.671875,NA,81.71391393880894,82.33122208433322,0.013027232140302658,0.013008065521717072,0.013008065521717072,NA,NA,294.65570068359375,294.58721923828125,292.14776611328125,0.9523504972457886,0.015437038277005129,0,1.2592908143997192,1.741560935974121,-0.3667507767677307,-0.5742494463920593,286.2374594468758,1.3116095026688552
2026-06-27T08:00:00Z,18.091565333467575,NA,NA,NA,4.089154243469238,0,0,102180.0546875,0,NA,44.82453155517578,102131.40625,NA,82.24030118960218,83.55715180344428,0.012896034866571426,0.01288178563117981,0.01288178563117981,NA,NA,294.3886413574219,294.5407409667969,292.14776611328125,0.9302566647529602,0.019604547845197735,0,-0.12097024917602539,-0.2196018397808075,-1.276358962059021,-1.5976991653442383,5.414184071674072,1.2820787812042171
2026-06-27T09:00:00Z,18.14724454791708,NA,NA,NA,4.089154243469238,0,0,102220.953125,0,NA,43.86564254760742,102172.2734375,NA,83.56409009030641,84.95188408426004,0.01293690875172615,0.012927654199302197,0.012927654199302197,NA,NA,294.1856994628906,294.4886169433594,292.14776611328125,0.8577578067779541,0.004413276988683154,0,-0.004956369753926992,-0.07586115598678589,-0.05643352121114731,-0.10196003317832947,5.019220191446834,0.05665075389989665
2026-06-27T10:00:00Z,18.250118927656555,NA,NA,NA,4.089154243469238,0,0,102276.1640625,0,NA,42.944984436035156,102227.453125,NA,83.90198847271812,85.31693718849033,0.01301537174731493,0.013003909960389137,0.013003909960389137,NA,NA,294.2251892089844,294.4452209472656,292.14776611328125,0.11785170435905457,2.288891426209467e-42,0,-0.6728575825691223,-0.6996492147445679,-0.012189006432890892,0.42244628071784973,88.96218417677096,0.6729679771717109
2026-06-27T11:00:00Z,18.422749424512144,NA,NA,NA,4.089154243469238,0,0,102299.7890625,0,NA,42.15253829956055,102251.1015625,NA,80.86366573709078,83.91409207447083,0.013157039880752563,0.013143825344741344,0.013143825344741344,NA,NA,295.0038146972656,296.7229919433594,292.14776611328125,0,2.2896292508125106e-42,0,-0.7724364399909973,-0.8770842552185059,0.16018813848495483,0.37886759638786316,101.71594830251789,0.7888715317066782
2026-06-27T12:00:00Z,18.606719433720972,NA,NA,NA,4.089154243469238,0,0,102337.53125,0,NA,41.53828048706055,102288.9140625,NA,75.74373291239982,79.97872216782444,0.013307858258485794,0.013289772905409336,0.013289772905409336,NA,NA,296.2689208984375,299.60858154296875,292.14776611328125,0,2.290667835139381e-42,0,-0.8432700037956238,-0.9142321348190308,-0.05428337678313255,0.34036391973495483,86.31681077247345,0.8450153751834643
2026-06-27T13:00:00Z,18.899692688088752,NA,NA,NA,4.089154243469238,0,0,102275.671875,0,NA,41.01871871948242,102227.1484375,NA,72.11401300573606,77.33485553172608,0.013567754998803139,0.013545696623623371,0.013545696623623371,NA,NA,297.3877258300781,302.31072998046875,292.14776611328125,0,2.2893282082380248e-42,0,-1.0387345552444458,-0.9036421775817871,-0.15823374688625336,0.6162378787994385,81.33853914706435,1.0507175619130669
2026-06-27T14:00:00Z,18.586389695211366,NA,NA,NA,4.089154243469238,0,0,102270.296875,0,NA,40.33159637451172,102221.8125,NA,67.5636772143168,73.7349731856703,0.013299472630023956,0.013273744843900204,0.013273744843900204,NA,NA,298.1492004394531,304.1566162109375,292.14776611328125,0,2.289359128433038e-42,0,-1.9391939640045166,-2.4127705097198486,1.0404448509216309,0.7500322461128235,118.21510182052842,2.2006814212513555
2026-06-27T15:00:00Z,18.805348382412433,NA,NA,NA,4.089154243469238,0,0,102184.109375,0,NA,39.98231506347656,102135.703125,NA,66.20861337190999,72.91423602635712,0.013498579151928425,0.013470050878822803,0.013470050878822803,NA,NA,298.719482421875,305.2664489746094,292.14776611328125,0,2.2874032594185975e-42,0,-2.5442616939544678,-3.081284284591675,1.313433289527893,1.1703522205352783,117.30430151703814,2.8632803867878747
2026-06-27T16:00:00Z,18.78676433356288,NA,NA,NA,4.089154243469238,0,0,102116.7890625,0,NA,39.805301666259766,102068.4375,NA,64.30680177507449,71.0399603170791,0.013491638004779816,0.01346299983561039,0.01346299983561039,NA,NA,299.191162109375,305.5449523925781,292.14776611328125,0,2.285850288078243e-42,0,-3.1710429191589355,-3.7988717555999756,1.8090035915374756,2.014077663421631,119.703716818642,3.6507543315517013
2026-06-27T17:00:00Z,19.007553777852227,NA,NA,NA,4.089154243469238,0,0,102057.4375,0,NA,40.15718460083008,102009.0859375,NA,66.98715074536857,73.9480735774006,0.01369133684784174,0.013666108250617981,0.013666108250617981,NA,NA,298.7353820800781,304.57440185546875,292.14776611328125,0,2.2843696572370775e-42,0,-3.762111186981201,-4.628725051879883,2.523211717605591,2.9059317111968994,123.84937644484052,4.529909265655467
2026-06-27T18:00:00Z,19.227921774600613,NA,NA,NA,4.089154243469238,0,0,101988.046875,0,NA,40.87687301635742,101939.6953125,NA,70.86988268859876,77.50363748736808,0.013894757255911827,0.013872499577701092,0.013872499577701092,NA,NA,298.02044677734375,302.880859375,292.14776611328125,0,2.2825602846604496e-42,0,-3.6411473751068115,-4.506166934967041,3.07198166847229,3.603847026824951,130.1538263355117,4.763929636201297
2026-06-27T19:00:00Z,19.467342177356986,NA,NA,NA,4.089154243469238,0,0,102031.4453125,0,NA,41.71184539794922,101983.0625,NA,74.06820861278447,79.48977208754292,0.014102084562182426,0.014083131216466427,0.014083131216466427,NA,NA,297.53204345703125,300.8680419921875,292.14776611328125,0,2.2833954358663162e-42,0,-3.171013593673706,-3.8773856163024902,3.0662224292755127,3.75785231590271,134.03747002701934,4.411014304789281
2026-06-27T20:00:00Z,19.59633164188205,NA,NA,NA,4.089154243469238,0,0,102054.609375,0,NA,42.516822814941406,102006.171875,NA,78.84658254744016,82.63879443300642,0.014214965514838696,0.014200220815837383,0.014200220815837383,NA,NA,296.626220703125,298.360107421875,292.14776611328125,0.20536911487579346,0.02657665430693754,0,-2.649001359939575,-3.2691378593444824,2.6006736755371094,3.1075408458709717,134.47255894622754,3.7122381081489664
2026-06-27T21:00:00Z,19.099441011244895,NA,NA,NA,4.089154243469238,0,0,102136.90625,0,NA,42.28337097167969,102088.40625,NA,78.50789516184041,81.52503424964054,0.013760892674326897,0.013748998753726482,0.013748998753726482,NA,NA,296.1856384277344,297.37078857421875,292.14776611328125,1,0.009707796034323713,0,-2.571183204650879,-3.2696621417999268,2.6506154537200928,3.227379322052002,135.8714969571428,3.6927964140172334
2026-06-27T22:00:00Z,20.116920159684597,NA,NA,NA,4.089154243469238,0,0,102179.25,0,NA,43.651817321777344,102130.6953125,NA,86.40925959042967,89.57998121564059,0.014674223028123379,0.014664003625512123,0.014664003625512123,NA,NA,295.6475524902344,296.7265930175781,292.14776611328125,0.8637803792953491,0.32447248321159106,0,-2.4081621170043945,-3.0858118534088135,2.1514575481414795,2.4632835388183594,131.77767463941734,3.2292436209165194
2026-06-27T23:00:00Z,20.029153703071795,NA,NA,NA,4.089154243469238,0,0,102229.9296875,0,NA,43.53946304321289,102181.3671875,NA,86.15260653448715,88.6865322185466,0.014585400931537151,0.014577058143913746,0.014577058143913746,NA,NA,295.6070861816406,296.3283386230469,292.14776611328125,0.7787425518035889,0.0037579504103821535,0,-1.5313469171524048,-1.846364974975586,1.7565321922302246,1.9725295305252075,138.9180420389304,2.330328029057989
2026-06-28T00:00:00Z,19.42763730970178,NA,NA,NA,4.089154243469238,0,0,102233.1015625,0,NA,42.239410400390625,102184.53125,NA,82.84051683312386,84.36624609711069,0.014038137160241604,0.014028306119143963,0.014028306119143963,NA,NA,295.63751220703125,295.88458251953125,292.14776611328125,0.20189395546913147,2.7814661570764264e-42,0,-0.914175271987915,-1.1196327209472656,0.8982214331626892,0.9985833168029785,134.49566007236808,1.2816076509240313
