datetime,dew_point_temperature_htgl,geopotential_height_0deg,geopotential_height_ceil,geopotential_height_htfl,geopotential_height_sfc,high_level_cloud_cover,low_level_cloud_cover,mean_sea_level_pressure_eta_model,mid_level_cloud_cover,parcel_lifted_index_to_500_h_pa,precipitable_water,pressure,probability_of_precipitation,relative_humidity_htgl,relative_humidity_hybl,specific_humidity_htgl,specific_humidity_hybl,specific_humidity_spdy,surface_lifted_index,surface_roughness,temperature_htgl,temperature_sfc,temperature_sea_temperature,total_cloud_cover,total_column_integrated_cloud_water,water_temperature,u_component_of_wind_htgl,u_component_of_wind_spdy,v_component_of_wind_htgl,v_component_of_wind_spdy,wind_angle,wind_speed
2026-07-01T00:00:00Z,18.386343148675227,NA,NA,NA,18.38998031616211,0,0,0,0,NA,0,101560.921875,NA,89.71040037388582,88.92048794158342,0.013217493891716003,0.013603012077510357,0.013603012077510357,NA,NA,293.2786865234375,292.469970703125,292.4698486328125,0,0,0,-0.29628416895866394,-0.3015715181827545,-0.3772648572921753,-0.29806897044181824,38.144245297062525,0.4797010332730288
2026-07-01T01:00:00Z,18.387989548870443,NA,NA,NA,18.38998031616211,0,0,101749.1796875,0,NA,28.466533660888672,101530.59375,NA,92.40965996235224,88.44972785325795,0.013222920708358288,0.013416238129138947,0.013416238129138947,NA,NA,292.8023681640625,292.469970703125,292.4698486328125,0,0,0,-0.5579991340637207,-1.1415737867355347,0.22727951407432556,-0.8387767672538757,112.1616372007866,0.6025105900593978
2026-07-01T02:00:00Z,18.13553567933758,NA,NA,NA,18.38998031616211,0,0,101743.828125,0,NA,27.36627769470215,101527.390625,NA,91.6429831318311,86.3633138327912,0.013011022470891476,0.013110870495438576,0.013110870495438576,NA,NA,292.6813659667969,292.469970703125,292.4698486328125,0,0,0,-1.1605740785598755,-1.5178718566894531,0.6962358951568604,0.18848693370819092,120.95981589422723,1.353394478165911
2026-07-01T03:00:00Z,17.986352356894592,NA,NA,NA,18.38998031616211,0,0,101768.734375,0,NA,26.655250549316406,101550.265625,NA,91.17718010050459,85.0059647266901,0.012884039431810379,0.012931945733726025,0.012931945733726025,NA,NA,292.6124572753906,292.469970703125,292.4698486328125,0,0,0,-1.422059416770935,-1.959180474281311,-0.14480356872081757,-1.1564003229141235,84.18580172265774,1.429412836916325
2026-07-01T04:00:00Z,17.504407468724168,NA,NA,NA,18.38998031616211,0,0,101663.03125,0,NA,25.977720260620117,101444.640625,NA,87.89676940023729,79.28985542944241,0.012503989972174168,0.012344715185463428,0.012344715185463428,NA,NA,292.71307373046875,292.469970703125,292.4698486328125,0,0,0,-1.2252979278564453,-1.736970067024231,-0.5617890954017639,-2.2334136962890625,65.3689307411808,1.3479473282445538
2026-07-01T05:00:00Z,16.79318670509555,NA,NA,NA,18.38998031616211,0,0,101605.375,0,NA,25.249454498291016,101387.640625,NA,83.22968533792996,71.37693921561686,0.011949535459280014,0.011449258774518967,0.011449258774518967,NA,NA,292.8662109375,292.469970703125,292.4698486328125,0,0,0,-2.0246565341949463,-3.1470279693603516,-0.3558556139469147,-1.464674472808838,80.03145469876426,2.0556914407166818
2026-07-01T06:00:00Z,16.11335363132103,NA,NA,NA,18.38998031616211,0,0,101540.3671875,0,NA,24.11928367614746,101323.1171875,NA,78.8968524114481,64.42570003599108,0.011441431939601898,0.010598888620734215,0.010598888620734215,NA,NA,293.0301818847656,292.469970703125,292.4698486328125,0,0,0,-2.1152467727661133,-3.4356091022491455,0.15010923147201538,-0.3554093539714813,94.05921010901946,2.120566360921199
2026-07-01T07:00:00Z,15.810207427526368,NA,NA,NA,18.38998031616211,0,0,101545.203125,0,NA,22.619972229003906,101328.09375,NA,77.88084356987555,63.430202954370664,0.011217367835342884,0.010403815656900406,0.010403815656900406,NA,NA,292.92681884765625,292.469970703125,292.4698486328125,0,0,0,-1.374951958656311,-2.143073081970215,0.6896295547485352,-0.03706187754869461,116.63679969701869,1.5382073369333176
2026-07-01T08:00:00Z,16.39571632735435,NA,NA,NA,18.38998031616211,0,0,101560.546875,0,NA,22.629945755004883,101343.65625,NA,82.58468537223958,70.80502196168806,0.011650800704956055,0.011195125058293343,0.011195125058293343,NA,NA,292.584716796875,292.469970703125,292.4698486328125,0,1.9918913856438953e-41,0,-0.04616586118936539,0.2166583389043808,1.1286332607269287,0.9211747646331787,177.65766671151374,1.1295770553434834
2026-07-01T09:00:00Z,17.566343000030052,NA,NA,NA,18.38998031616211,0,0,101614.8828125,0,NA,23.066402435302734,101397.6328125,NA,92.77673431509761,89.37467707904597,0.012559914030134678,0.012977098114788532,0.012977098114788532,NA,NA,291.9093933105469,292.469970703125,292.4698486328125,0,1.65858945929185e-6,0,1.007819652557373,1.4994310140609741,1.7457380294799805,1.865338921546936,209.99796504493816,2.0157633094323124
2026-07-01T10:00:00Z,17.186845747554376,NA,NA,NA,18.38998031616211,0,0,101699.125,0,NA,23.327892303466797,101481.6171875,NA,95.5768245469131,99.0783369495869,0.012245947495102882,0.012583612464368343,0.012583612464368343,NA,NA,291.0533447265625,292.469970703125,292.4698486328125,0,1.4598014127366048,0,0.9938185811042786,1.2907519340515137,2.1140146255493164,2.058238983154297,205.1786679868207,2.3359651558155865
2026-07-01T11:00:00Z,17.096653654467136,NA,NA,NA,18.38998031616211,0,0,101750.015625,0,NA,23.537002563476562,101531.5,NA,92.4115983099839,96.96488881144353,0.012168729677796364,0.012073364108800888,0.012073364108800888,NA,NA,291.49822998046875,292.469970703125,292.4698486328125,0,1.1428760080898028,0,0.7320114374160767,0.8453826308250427,1.6883118152618408,1.2776747941970825,203.44039615726444,1.840173233709447
2026-07-01T12:00:00Z,17.289241538093087,NA,NA,NA,18.38998031616211,0,0,101839.59375,0,NA,24.034738540649414,101621.6640625,NA,91.14477414376212,96.98295850278,0.012309818528592587,0.012215773575007915,0.012215773575007915,NA,NA,291.91314697265625,292.469970703125,292.4698486328125,0,0.9820867184628863,0,0.663311243057251,0.6714234948158264,1.7289016246795654,1.5828739404678345,200.9898347524981,1.8517782353688566
2026-07-01T13:00:00Z,17.512123350821412,NA,NA,NA,18.38998031616211,0,0,101825.1328125,0,NA,24.79613494873047,101606.1875,NA,89.50041572539078,93.71191817276149,0.012489917688071728,0.012439596466720104,0.012439596466720104,NA,NA,292.430419921875,292.469970703125,292.4698486328125,0,0.37399014067739017,0,1.1974174976348877,0.7295085787773132,2.933936595916748,2.2641613483428955,202.20167657445313,3.1688787626701265
2026-07-01T14:00:00Z,17.87037762718752,NA,NA,NA,18.38998031616211,0,0,101872.3515625,0,NA,25.450109481811523,101654.296875,NA,87.24955561995334,93.42875586002499,0.012775029987096786,0.012743649072945118,0.012743649072945118,NA,NA,293.2041015625,292.469970703125,292.4698486328125,0,0.6902203347479752,0,0.8417239189147949,1.2472097873687744,3.6290132999420166,3.3367810249328613,193.05844730044265,3.7253505454962657
2026-07-01T15:00:00Z,18.303730964146325,NA,NA,NA,18.38998031616211,0,0,101859.8125,0,NA,26.236995697021484,101641.6796875,NA,88.49437233339908,96.11433189129313,0.013137036003172398,0.013147382065653801,0.013147382065653801,NA,NA,293.41546630859375,292.469970703125,292.4698486328125,0,0.8840107534840081,0,0.46342623233795166,1.2334818840026855,3.465620279312134,3.0271425247192383,187.6164663195022,3.496467902497957
2026-07-01T16:00:00Z,18.396074619689166,NA,NA,NA,18.38998031616211,0,0,101855.3515625,0,NA,27.172962188720703,101636.1953125,NA,87.94029086471278,95.20666894151712,0.01321573369204998,0.013252015225589275,0.013252015225589275,NA,NA,293.6108703613281,292.469970703125,292.4698486328125,0,0.8166758702631594,0,-0.16017451882362366,0.20662778615951538,2.156205654144287,1.3840769529342651,175.75156551107673,2.1621467802728316
2026-07-01T17:00:00Z,18.171291648353165,NA,NA,NA,18.38998031616211,0,0,101817.8671875,0,NA,27.7930850982666,101599.859375,NA,84.57141406708605,88.43931356533918,0.013031410053372383,0.012974230572581291,0.012974230572581291,NA,NA,294.0155029296875,292.469970703125,292.4698486328125,0,0.3918062457632322,0,-0.2140037715435028,0.5670862197875977,1.6588891744613647,0.7714263200759888,172.64919850592625,1.672635915966159
2026-07-01T18:00:00Z,17.871292479226412,NA,NA,NA,18.38998031616211,0,0,101752.3203125,0,NA,29.06748390197754,101533.875,NA,80.02728280834577,79.39688802740824,0.012791245244443417,0.012581948190927505,0.012581948190927505,NA,NA,294.60736083984375,292.469970703125,292.4698486328125,0,1.3341819656803153e-17,0,-0.9994490146636963,-0.4897647798061371,1.5036014318466187,0.5275025367736816,146.38787778622117,1.8054682491706784
2026-07-01T19:00:00Z,17.802647245388027,NA,NA,NA,18.38998031616211,0,0,101776.390625,0,NA,30.431264877319336,101559.3984375,NA,77.01099755308395,71.20322964768533,0.012731651775538921,0.012236244976520538,0.012236244976520538,NA,NA,295.1648254394531,292.469970703125,292.4698486328125,0,5.378773105542693e-41,0,-1.8960422277450562,-1.9963834285736084,0.42951998114585876,-0.34573790431022644,102.76406865089504,1.9440842429267242
2026-07-01T20:00:00Z,17.15729394108433,NA,NA,NA,18.38998031616211,0,0,101752.671875,0,NA,30.208532333374023,101535.6640625,NA,73.57515586768699,64.81015444977234,0.01221597008407116,0.011514261364936829,0.011514261364936829,NA,NA,295.24468994140625,292.469970703125,292.4698486328125,0,1.2722580424091661e-23,0,-2.1138968467712402,-2.3404905796051025,-0.7932117581367493,-1.5983538627624512,69.43206388163026,2.2578185870516223
2026-07-01T21:00:00Z,16.57919633530606,NA,NA,NA,18.38998031616211,0,0,101813.7890625,0,NA,30.476757049560547,101596.671875,NA,74.19166822678842,63.26720916511196,0.01176034938544035,0.010846697725355625,0.010846697725355625,NA,NA,294.5083923339844,292.469970703125,292.4698486328125,0,3.275108915656112e-11,0,-2.368694543838501,-3.0420525074005127,-0.30989956855773926,-1.4990648031234741,82.54625011644771,2.3888808226034546
2026-07-01T22:00:00Z,16.659639664943104,NA,NA,NA,18.38998031616211,0,0,101852.359375,0,NA,31.06559944152832,101635.4609375,NA,76.27063836990656,65.91881679439562,0.011817211285233498,0.010992134921252728,0.010992134921252728,NA,NA,294.1417236328125,292.469970703125,292.4698486328125,0,3.2817103015842923e-11,0,-1.9545503854751587,-1.8703241348266602,-0.484030544757843,-1.3468420505523682,76.09093398365064,2.01359200872959
2026-07-01T23:00:00Z,16.74798774161714,NA,NA,NA,18.38998031616211,0,0,101896.9140625,0,NA,30.91717529296875,101679.203125,NA,77.75752648534595,67.7640113984619,0.011879805475473404,0.011153229512274265,0.011153229512274265,NA,NA,293.9192810058594,292.469970703125,292.4698486328125,0,4.399538696880109e-11,0,-1.3764680624008179,-0.47991234064102173,-0.8979893326759338,-1.4168448448181152,56.88010883953518,1.6434868932879358
2026-07-02T00:00:00Z,17.037681619696396,NA,NA,NA,18.38998031616211,0,0,101939.453125,0,NA,31.20570182800293,101722.2421875,NA,79.7151729950267,69.65551661881939,0.012099280022084713,0.011519813910126686,0.011519813910126686,NA,NA,293.8141174316406,292.469970703125,292.4698486328125,0,1.266046977925648e-25,0,-0.5316973328590393,-0.2507196366786957,-0.8385707139968872,-1.6378053426742554,32.37681732127675,0.9929264303777321
2026-07-02T01:00:00Z,17.155554705620506,NA,NA,NA,18.38998031616211,0,0,101915.140625,0,NA,31.08551788330078,101696.8203125,NA,80.5397656363542,70.4335292664329,0.012194862589240074,0.01166127435863018,0.01166127435863018,NA,NA,293.7683410644531,292.469970703125,292.4698486328125,0,4.076364702847383e-41,0,-0.386121541261673,-0.04289410263299942,-0.09153831750154495,-0.9772306680679321,76.66303754650039,0.3968237747379855
2026-07-02T02:00:00Z,17.033861239519,NA,NA,NA,18.38998031616211,0,0,101936.65625,0,NA,31.125606536865234,101719.0859375,NA,80.85680661261291,70.81840475933213,0.012096676044166088,0.011546657420694828,0.011546657420694828,NA,NA,293.57977294921875,292.469970703125,292.4698486328125,0,1.2523562412714389e-41,0,-0.7058287262916565,-0.6476380228996277,0.06557774543762207,-0.3749375343322754,95.3080476861455,0.7088685573187625
2026-07-02T03:00:00Z,17.12656529712218,NA,NA,NA,18.38998031616211,0,0,101906.9375,0,NA,30.578811645507812,101689.015625,NA,82.49515561501198,73.41467621812123,0.012173007242381573,0.01170653197914362,0.01170653197914362,NA,NA,293.3503112792969,292.469970703125,292.4698486328125,0,1.252033192574133e-41,0,-1.3498125076293945,-1.5848742723464966,0.08533378690481186,-0.6428845524787903,93.61736747884711,1.3525071759293072
2026-07-02T04:00:00Z,17.248065692082353,NA,NA,NA,18.38998031616211,0,0,101881.109375,0,NA,29.49134063720703,101662.46875,NA,83.05830654136354,73.73876394368452,0.012272131629288197,0.011947709135711193,0.011947709135711193,NA,NA,293.36468505859375,292.469970703125,292.4698486328125,0,1.251821527075711e-41,0,-1.178871750831604,-2.0494704246520996,-0.3075465261936188,-1.1747044324874878,75.37845412076234,1.2183281457319015
2026-07-02T05:00:00Z,16.92399997507829,NA,NA,NA,18.38998031616211,0,0,101855.2109375,0,NA,28.668807983398438,101637.9296875,NA,79.77201656872353,67.92183570696173,0.012020847760140896,0.011570253409445286,0.011570253409445286,NA,NA,293.6856994628906,292.469970703125,292.4698486328125,0,1.2516138208610574e-41,0,-0.38515615463256836,-0.912372887134552,-0.6537206172943115,-1.4525794982910156,30.505548918272666,0.7587462744073296
2026-07-02T06:00:00Z,16.47848684540813,NA,NA,NA,18.38998031616211,0,0,101810.5625,0,NA,27.85820960998535,101592.8203125,NA,75.54422331578309,60.40709479185718,0.011684263125061989,0.010905959643423557,0.010905959643423557,NA,NA,294.1099548339844,292.469970703125,292.4698486328125,0,1.251126294604839e-41,0,0.6785599589347839,0.6172425150871277,-1.8901689052581787,-2.449270009994507,340.2521487125342,2.008278394116333
2026-07-02T07:00:00Z,16.163636274306562,NA,NA,NA,18.38998031616211,0,0,101819.9453125,0,NA,27.353015899658203,101603.3828125,NA,71.66470377259203,53.994277957824465,0.011446642689406872,0.010401557199656963,0.010401557199656963,NA,NA,294.64178466796875,292.469970703125,292.4698486328125,0,1.251332668901845e-41,0,1.244042158126831,0.652624785900116,-3.685722589492798,-4.607830047607422,341.34891519033454,3.89001181205075
2026-07-02T08:00:00Z,15.886149643641039,NA,NA,NA,18.38998031616211,0,0,101801.578125,0,NA,26.913066864013672,101585.09375,NA,69.13381802545321,51.2778137538981,0.011243948712944984,0.010053076781332493,0.010053076781332493,NA,NA,294.9396057128906,292.469970703125,292.4698486328125,0,1.8724022603138278e-41,0,1.342792272567749,0.4954161047935486,-4.038699150085449,-6.0698561668396,341.60899432368586,4.25607588186214
2026-07-02T09:00:00Z,15.647577416377308,NA,NA,NA,18.38998031616211,0,0,101842.5625,0,NA,26.63145637512207,101626.046875,NA,68.8249345870206,50.721827250488914,0.01106597576290369,0.009753650985658169,0.009753650985658169,NA,NA,294.76318359375,292.469970703125,292.4698486328125,0,3.694836115037289e-41,0,2.0756397247314453,1.8035837411880493,-2.850827932357788,-3.8835718631744385,323.9422688449099,3.5264004546838708
2026-07-02T10:00:00Z,17.879978407527403,NA,NA,NA,18.38998031616211,0,0,101921.03125,0,NA,26.6978702545166,101703.453125,NA,90.91334224554421,90.44940829217637,0.012776610441505909,0.012736356817185879,0.012736356817185879,NA,NA,292.5514221191406,292.469970703125,292.4698486328125,0,3.042841143142195e-41,0,2.4513332843780518,2.4636054039001465,2.297123670578003,1.6813373565673828,226.86006862223113,3.3594362665526853
2026-07-02T11:00:00Z,17.901545905194244,NA,NA,NA,18.38998031616211,0,0,101968.0390625,0,NA,26.100404739379883,101749.578125,NA,87.14120690651518,84.34611387385303,0.012788413092494011,0.012484017759561539,0.012484017759561539,NA,NA,293.255859375,292.469970703125,292.4698486328125,0,7.012781815105051e-12,0,2.396925449371338,2.8182287216186523,1.863959789276123,1.4327890872955322,232.12971658584098,3.036379045159263
2026-07-02T12:00:00Z,17.994142114376295,NA,NA,NA,18.38998031616211,0,0,102031.4453125,0,NA,25.421119689941406,101813.6171875,NA,85.30560621355507,84.93629827970263,0.012856455519795418,0.012663867324590683,0.012663867324590683,NA,NA,293.6945495605469,292.469970703125,292.4698486328125,0,0,0,1.7751022577285767,1.546482801437378,2.638885974884033,1.9870368242263794,213.92758054885618,3.180362748780828
2026-07-02T13:00:00Z,18.05166140356864,NA,NA,NA,18.38998031616211,0,0,101994.625,0,NA,25.095487594604492,101775.984375,NA,84.23909766854855,85.22754666678426,0.012908898293972015,0.012793052941560745,0.012793052941560745,NA,NA,293.9573059082031,292.469970703125,292.4698486328125,0,0,0,0.8580179810523987,0.8886536955833435,2.0780181884765625,1.8141714334487915,202.43583101189705,2.248189148503446
2026-07-02T14:00:00Z,17.78438337423848,NA,NA,NA,18.38998031616211,0,0,102002.09375,0,NA,24.886646270751953,101783.6171875,NA,83.19346072387366,86.65031944867638,0.012688121758401394,0.01264193095266819,0.01264193095266819,NA,NA,293.88690185546875,292.469970703125,292.4698486328125,0,0.23577100560286662,0,0.6575172543525696,0.2037033587694168,2.4126434326171875,1.6812784671783447,195.2445876133704,2.5006353738044633
2026-07-02T15:00:00Z,17.821462936714315,NA,NA,NA,18.38998031616211,0,0,101950.5546875,0,NA,24.9337158203125,101731.96875,NA,83.17776509749274,87.886263439379,0.012724999338388443,0.012696769088506699,0.012696769088506699,NA,NA,293.9278869628906,292.469970703125,292.4698486328125,0,0.41020519375163217,0,0.6454309225082397,0.5611294507980347,2.5299925804138184,1.963557243347168,194.31156543410933,2.6110234645975146
2026-07-02T16:00:00Z,18.109196551390806,NA,NA,NA,18.38998031616211,0,0,101869.3359375,0,NA,24.64867401123047,101649.5625,NA,84.77710524987792,90.42986162728891,0.012973111122846603,0.012980966828763485,0.012980966828763485,NA,NA,293.9126892089844,292.469970703125,292.4698486328125,0,0.5484045910396463,0,0.3874153792858124,0.48080751299858093,2.172534465789795,1.2989784479141235,190.11094131753526,2.2068068971144075
2026-07-02T17:00:00Z,17.980647305162265,NA,NA,NA,18.38998031616211,0,0,101790.5703125,0,NA,24.791385650634766,101572.28125,NA,82.18734660442173,85.42931026816866,0.012876469641923904,0.012805234640836716,0.012805234640836716,NA,NA,294.2855224609375,292.469970703125,292.4698486328125,0,0.22170275180183474,0,0.011430034413933754,-0.008678346872329712,1.9419634342193604,1.0706799030303955,180.33722837298887,1.9419970714529298
2026-07-02T18:00:00Z,18.12384727805263,NA,NA,NA,18.38998031616211,0,0,101675.96875,0,NA,25.109813690185547,101457.2421875,NA,81.5156834704834,81.45559018158724,0.01301044411957264,0.012807155959308147,0.012807155959308147,NA,NA,294.56597900390625,292.469970703125,292.4698486328125,0,1.0669245030825656e-16,0,-0.9013992547988892,-0.6166858077049255,1.5865556001663208,0.9152877926826477,150.3969904636096,1.8247408826929667
2026-07-02T19:00:00Z,18.38740610993701,NA,NA,NA,18.38998031616211,0,0,101700.1796875,0,NA,24.401641845703125,101483.21875,NA,82.16960665468851,80.22226434488616,0.01322873029857874,0.013073318637907505,0.013073318637907505,NA,NA,294.7056884765625,292.469970703125,292.4698486328125,0,2.989320875501161e-5,0,-1.567590594291687,-1.3550286293029785,1.0736314058303833,0.7940829396247864,124.40696004052353,1.9000064912776191
2026-07-02T20:00:00Z,18.08188763065084,NA,NA,NA,18.38998031616211,0,0,101679.3046875,0,NA,23.58755111694336,101461.8125,NA,83.59340730620958,80.53502005047355,0.012974855490028858,0.012745283544063568,0.012745283544063568,NA,NA,294.1131896972656,292.469970703125,292.4698486328125,0,0.027754842402192278,0,-1.7515121698379517,-1.900770664215088,0.7964092493057251,0.1705661118030548,114.45120253663725,1.9240744719137455
2026-07-02T21:00:00Z,18.10879335126656,NA,NA,NA,18.38998031616211,0,0,101734.5234375,0,NA,23.056842803955078,101516.890625,NA,85.98157691095145,83.06852505776942,0.012990083545446396,0.012767985463142395,0.012767985463142395,NA,NA,293.6835021972656,292.469970703125,292.4698486328125,0,0.09705409115671662,0,-1.9684922695159912,-3.1191797256469727,-0.3076898753643036,-1.1317425966262817,81.11613142212059,1.992394256804089
2026-07-02T22:00:00Z,17.835101729700586,NA,NA,NA,18.38998031616211,0,0,101734.6015625,0,NA,23.165306091308594,101517.203125,NA,85.79561570416446,81.34778281132982,0.012763659469783306,0.012451897375285625,0.012451897375285625,NA,NA,293.4397277832031,292.469970703125,292.4698486328125,0,1.3347614078439197e-17,0,-2.136395215988159,-3.50683856010437,-0.019028276205062866,-1.2290420532226562,89.48969596930777,2.13647995408158
2026-07-02T23:00:00Z,17.291900749427423,NA,NA,NA,18.38998031616211,0,0,101747.90625,0,NA,23.60965919494629,101530.3046875,NA,81.15577344310283,72.81286796780067,0.012323228642344475,0.011863830499351025,0.011863830499351025,NA,NA,293.78472900390625,292.469970703125,292.4698486328125,0,1.5528804469148457e-41,0,-2.5744006633758545,-3.92793345451355,-0.31577828526496887,-1.926110029220581,83.00698049530718,2.5936951827527697
2026-07-03T00:00:00Z,16.55237004086558,NA,NA,NA,18.38998031616211,0,0,101810.546875,0,NA,24.705459594726562,101597.3984375,NA,77.2787077607408,67.63906452455282,0.01173983234912157,0.01119472086429596,0.01119472086429596,NA,NA,293.8177185058594,292.469970703125,292.4698486328125,0,2.4268582653878075e-8,0,-0.17645668983459473,3.9576773643493652,1.1727432012557983,3.8609588146209717,171.44318543689124,1.1859441721594994
2026-07-03T01:00:00Z,18.12790748803917,NA,NA,NA,18.38998031616211,0,0.9012311697006226,101936.234375,0,NA,26.475830078125,101717.8671875,NA,97.28673608375055,99.70802364932084,0.012979794293642044,0.012985624372959137,0.012985624372959137,NA,NA,291.71624755859375,292.469970703125,292.4698486328125,0.9462372064590454,8.957498663606911,0,5.349947452545166,6.099092483520508,7.256516933441162,7.809670448303223,216.3999067140835,9.01548533082456
2026-07-03T02:00:00Z,17.66692512272536,NA,NA,NA,18.38998031616211,0,0.008659541606903076,102049.4921875,0,NA,26.60630989074707,101830.7578125,NA,95.58815469607889,97.82272658428737,0.012586656957864761,0.01257280446588993,0.01257280446588993,NA,NA,291.5341796875,292.469970703125,292.4698486328125,0.9713728427886963,11.939730915307994,0,5.52060079574585,6.495545387268066,5.746696472167969,6.450308799743652,223.85042620416374,7.968786199241229
2026-07-03T03:00:00Z,17.420082152565534,NA,NA,NA,18.38998031616211,0,0,102042.140625,0,NA,26.484262466430664,101822.984375,NA,92.89250297945641,94.50025100979256,0.012389091774821281,0.012336242944002151,0.012336242944002151,NA,NA,291.74188232421875,292.469970703125,292.4698486328125,0.9707340598106384,8.411256372561105,0,6.704746246337891,7.358112335205078,5.082773208618164,5.738465309143066,232.83474912199105,8.41357270831058
2026-07-03T04:00:00Z,17.37866563729492,NA,NA,NA,18.38998031616211,0,0,102061.4296875,0,NA,26.766084671020508,101841.859375,NA,91.093925694209,92.3515127533948,0.01235372107475996,0.01229893323034048,0.01229893323034048,NA,NA,292.01251220703125,292.469970703125,292.4698486328125,0.9393012523651123,12.53912224496207,0,5.293535232543945,5.284946918487549,4.9364190101623535,5.667269229888916,226.99931948484084,7.238076256995111
2026-07-03T05:00:00Z,17.4423404716941,NA,NA,NA,18.38998031616211,0,0,102050.59375,0,NA,26.877689361572266,101831.90625,NA,91.01742000030836,92.1997891889674,0.012405769899487495,0.012351596727967262,0.012351596727967262,NA,NA,292.0903625488281,292.469970703125,292.4698486328125,0.9685968160629272,10.773578234940354,0,6.255693435668945,6.779703617095947,3.711625814437866,3.6817691326141357,239.3185113986983,7.273916864212368
2026-07-03T06:00:00Z,17.4240930639697,NA,NA,NA,18.38998031616211,0,0,102021.828125,0,NA,27.06776237487793,101802.0234375,NA,91.64007678553685,93.05805365928529,0.012394897639751434,0.012356109917163849,0.012356109917163849,NA,NA,291.96282958984375,292.469970703125,292.4698486328125,0.9427924156188965,18.22037755301496,0,4.91796875,5.098226547241211,1.4965543746948242,1.8753175735473633,253.07481913050862,5.140631441991808
2026-07-03T07:00:00Z,17.379771540101306,NA,NA,NA,18.38998031616211,0,0,102049.421875,0,NA,26.696332931518555,101830.71875,NA,90.64799110619191,91.71053799286152,0.012355980463325977,0.01229104958474636,0.01229104958474636,NA,NA,292.0921630859375,292.469970703125,292.4698486328125,0.967917799949646,24.32108121656578,0,4.9294047355651855,5.458053112030029,2.8111085891723633,4.7215352058410645,240.3050362575899,5.674624441064898
2026-07-03T08:00:00Z,17.247476061510067,NA,NA,NA,18.38998031616211,0,0,102041.7265625,0,NA,26.23889923095703,101822.6171875,NA,89.24063819745155,90.0838013595273,0.012251983396708965,0.01218243595212698,0.01218243595212698,NA,NA,292.208740234375,292.469970703125,292.4698486328125,0.9494872093200684,16.796272963762586,0,4.4123215675354,4.781122207641602,2.3768911361694336,4.0720319747924805,241.68892009020777,5.011805372172674
2026-07-03T09:00:00Z,17.197271849052804,NA,NA,NA,18.38998031616211,0,0,102098.140625,0,NA,26.55753517150879,101879.2109375,NA,89.12610639987857,89.84802589458405,0.01220543123781681,0.012115349061787128,0.012115349061787128,NA,NA,292.17840576171875,292.469970703125,292.4698486328125,0.9620459079742432,32.33704591214417,0,4.0344438552856445,4.479583740234375,3.6053807735443115,5.111954689025879,228.21443324226152,5.41068459103791
2026-07-03T10:00:00Z,16.200775739627595,NA,NA,NA,18.38998031616211,0,0,102165.6328125,0,NA,26.556926727294922,101947.125,NA,83.48095607251751,83.09614703901035,0.01143490057438612,0.011236143298447132,0.011236143298447132,NA,NA,292.2121276855469,292.469970703125,292.4698486328125,0.9700577259063721,25.19115457747771,0,3.6144025325775146,3.556529998779297,4.197320938110352,4.874999523162842,220.7324424599838,5.5390801334700255
2026-07-03T11:00:00Z,16.235567276543282,NA,NA,NA,18.38998031616211,0,0,102219.5625,0,NA,26.495113372802734,101999.9296875,NA,83.08940507208509,82.80569559043794,0.011454731225967407,0.01127595454454422,0.01127595454454422,NA,NA,292.32305908203125,292.469970703125,292.4698486328125,0.9491140246391296,19.09697423709817,0,3.6921536922454834,4.16545295715332,2.994605779647827,3.510377883911133,230.95542821530105,4.753910249748319
2026-07-03T12:00:00Z,16.667339459174094,NA,NA,NA,18.38998031616211,0,0,102294.4609375,0,NA,27.10409927368164,102075.7109375,NA,87.19612128113747,88.01281808559645,0.01177114900201559,0.01167379878461361,0.01167379878461361,NA,NA,291.99072265625,292.469970703125,292.4698486328125,0.9592443704605103,10.665143733647088,0,4.438327312469482,4.662476539611816,0.863480269908905,1.5598145723342896,258.9905857937382,4.521542602822021
2026-07-03T13:00:00Z,16.322137439457833,NA,NA,NA,18.38998031616211,0,0,102298.2578125,0,NA,27.553098678588867,102078.0625,NA,86.79594548422894,88.07382491421198,0.011510323733091354,0.011421137489378452,0.011421137489378452,NA,NA,291.713134765625,292.469970703125,292.4698486328125,0.9743037223815918,39.33448507614457,0,3.9527246952056885,4.137875556945801,0.4896572232246399,1.5497897863388062,262.9382664705398,3.9829382009196386
2026-07-03T14:00:00Z,17.16568553294295,NA,NA,NA,18.38998031616211,0,0,102326.8125,0,NA,28.521284103393555,102107.46875,NA,90.44771973261075,91.76790017572189,0.012152806855738163,0.012076573446393013,0.012076573446393013,NA,NA,291.9108581542969,292.469970703125,292.4698486328125,1,59.24892281004061,0,2.372523069381714,2.713967800140381,4.969310283660889,7.438930034637451,205.52144642627997,5.506624229965786
2026-07-03T15:00:00Z,16.561284239151476,NA,NA,NA,18.38998031616211,0,0,102324.765625,0,NA,29.18065643310547,102105.0625,NA,87.23683891595499,88.01433684778502,0.01168711669743061,0.011542637832462788,0.011542637832462788,NA,NA,291.87542724609375,292.469970703125,292.4698486328125,0.9855633974075317,36.95681325146352,0,1.8420544862747192,2.175544023513794,6.068808555603027,7.429194927215576,196.8845228358062,6.342207976325384
2026-07-03T16:00:00Z,16.065317027499937,NA,NA,NA,18.38998031616211,0,0,102319.8515625,0.06419813632965088,NA,30.113567352294922,102099.2109375,NA,86.49039361128959,87.3160204569271,0.011317473836243153,0.011151844635605812,0.011151844635605812,NA,NA,291.508056640625,292.469970703125,292.4698486328125,0.988395094871521,36.17732273357645,0,1.6606519222259521,1.853366732597351,6.5973286628723145,7.834133625030518,194.12873180768642,6.80312503874134
2026-07-03T17:00:00Z,15.467536635933314,NA,NA,NA,18.38998031616211,0,0,102315.875,0,NA,30.770275115966797,102096.1171875,NA,85.74915177629826,86.48125175693681,0.010885507799685001,0.010687447153031826,0.010687447153031826,NA,NA,291.0362854003906,292.469970703125,292.4698486328125,0.9940546751022339,38.84039818809211,0,1.5486022233963013,1.9667844772338867,7.124940872192383,8.472498893737793,192.2624857171295,7.2912928399938455
2026-07-03T18:00:00Z,14.775960821815453,NA,NA,NA,18.38998031616211,0,0,102296.6640625,0,NA,30.93743324279785,102075.7578125,NA,84.20314830740908,84.73032251739755,0.010406031273305416,0.010188729502260685,0.010188729502260685,NA,NA,290.6194152832031,292.469970703125,292.4698486328125,0.995536208152771,38.217651317356065,0,1.9577572345733643,2.427701234817505,6.610172748565674,8.039262771606445,196.4978871931944,6.893997182723868
2026-07-03T19:00:00Z,14.069336995639624,NA,NA,NA,18.38998031616211,0,0,102382.1953125,0,NA,31.260379791259766,102162.4453125,NA,82.02063789232777,82.273341639907,0.009925159625709057,0.009689467027783394,0.009689467027783394,NA,NA,290.3120422363281,292.469970703125,292.4698486328125,1,38.73813655625054,0,1.8116838932037354,2.1384761333465576,6.3241047859191895,7.728792190551758,195.9855665974794,6.578487658434866
2026-07-03T20:00:00Z,13.584926099578174,NA,NA,NA,18.38998031616211,0,0,102399.4921875,0,NA,31.699504852294922,102178.65625,NA,81.04886854396862,81.11702339700999,0.009611319750547409,0.009361645206809044,0.009361645206809044,NA,NA,290.0035705566406,292.469970703125,292.4698486328125,1,38.36570303414879,0,1.9475570917129517,2.2750799655914307,6.3241424560546875,7.672829627990723,197.11652540131655,6.617231779978304
2026-07-03T21:00:00Z,12.816374162726598,NA,NA,NA,18.38998031616211,0,0,102501.40625,0,NA,31.839712142944336,102280.65625,NA,78.45550208689328,78.14837681211935,0.009124747477471828,0.008845450356602669,0.008845450356602669,NA,NA,289.7256164550781,292.469970703125,292.4698486328125,1,30.137504717198365,0,1.957448959350586,2.1803386211395264,6.398555755615234,7.417341232299805,197.00994218476774,6.691272090281454
2026-07-03T22:00:00Z,12.208221264612623,NA,NA,NA,18.38998031616211,0,0,102532.78125,0,NA,31.32430076599121,102311.8828125,NA,76.55467479824974,76.07997501155673,0.008759889751672745,0.008476129733026028,0.008476129733026028,NA,NA,289.4837951660156,292.469970703125,292.4698486328125,0.9984323978424072,26.457012349512784,0,1.6877827644348145,2.032686471939087,6.081136226654053,7.108621597290039,195.511674308431,6.311008514258836
2026-07-03T23:00:00Z,11.507924888114035,NA,NA,NA,18.38998031616211,0,0,102581.3984375,0,NA,30.795391082763672,102359.7421875,NA,72.75329586862863,71.84661664223965,0.008355043828487396,0.008050590753555298,0.008050590753555298,NA,NA,289.55792236328125,292.469970703125,292.4698486328125,1,20.1829284767928,0,1.5572818517684937,1.7175343036651611,5.7170305252075195,6.994534015655518,195.2373164227762,5.925332462571368
2026-07-04T00:00:00Z,10.915557753635794,NA,NA,NA,18.38998031616211,0,0,102611.6640625,0,NA,30.755428314208984,102390.3203125,NA,70.87639337539665,69.91686108270122,0.008026594296097755,0.007727518677711487,0.007727518677711487,NA,NA,289.3516540527344,292.469970703125,292.4698486328125,0.9998651742935181,14.78698298102565,0,1.5538041591644287,1.6309983730316162,5.178370952606201,6.190377712249756,196.70221710536714,5.406462160029637
