datetime,lu_index,var_sso,u,v,w,ph,phb,t,thm,mu,mub,nest_pos,p,pb,p_hyd,q2,t2,th2,psfc,u10,v10,area2d,dx2d,qvapor,qcloud,qrain,qice,qsnow,qgraup,shdmax,shdmin,snoalb,tslb,smois,sh2o,smcrel,seaice,xicem,sfroff,udroff,ivgtyp,isltyp,vegfra,grdflx,acgrdflx,acsnom,snow,snowh,canwat,sstsk,water_depth,coszen,lai,qke,nupdraft,ktop_plume,maxmf,dtaux3d,dtauy3d,dusfcg,dvsfcg,var,con,oa1,oa2,oa3,oa4,ol1,ol2,ol3,ol4,tke_pbl,el_pbl,o3_gfs_du,mapfac_m,mapfac_u,mapfac_v,mapfac_mx,mapfac_my,mapfac_ux,mapfac_uy,mapfac_vx,mf_vx_inv,mapfac_vy,f,e,sinalpha,cosalpha,hgt,tsk,rainc,rainsh,rainnc,snownc,graupelnc,hailnc,cldfra,swdown,glw,swnorm,olr,albedo,clat,albbck,emiss,noahres,tmn,xland,ust,pblh,hfx,qfx,lh,achfx,aclhf,snowc,sr,afwa_mslp,afwa_totprecip,afwa_vis,afwa_vis_alpha,afwa_vis_dust,afwa_pwat,pcb,pc,landmask,lakemask,sst,sst_input
2025-06-04T00:00:00Z,13,18855.38671875,-0.4105963706970215,-0.9422694444656372,-0.016501495614647865,0,255.93792724609375,-4.903594970703125,1.2924131155014038,1619.2652587890625,94694.046875,9021000,1964.515625,99401.21875,101342.375,0.012952303513884544,295.7615051269531,294.3851013183594,101646.5390625,-1.4442801475524902,0.06767067313194275,729000000,27000,0.013020087033510208,0,0,0,0,0,58.999996185302734,50,0.468999981880188,297.4742736816406,0.2632244825363159,0.2632244825363159,-2.735511541366577,0,0,1.2577342204167508e-5,0.015275485813617706,13,9,52.2580680847168,58.14497375488281,-1958842.75,0,0,0,0,0,-4,-0.7351282835006714,1,0.1969749927520752,0,0,0,0,-0,-1.2001144932582974e-4,-1.1553689546417445e-4,93.47999572753906,0.5875000357627869,0.37724998593330383,-0.18940000236034393,0.19044999778270721,0.16474999487400055,0,0,0,0,0,0,0,1.0002009868621826,1.0002000331878662,1.000160813331604,1.0002009868621826,1.0002009868621826,1.0002000331878662,1.0002000331878662,1.000160813331604,0.999839186668396,1.000160813331604,-5.653862172039226e-5,1.3443469651974738e-4,-0.021828580647706985,0.999761700630188,26.089492797851562,296.537841796875,0,0,0.05750956013798714,0,0,0,0,0,371.1231384277344,0,248.4945831298828,0.15000000596046448,-22.809951782226562,0.15000000596046448,0.8799999952316284,-0.04309091717004776,297.1486511230469,1,0.2218703031539917,192.2814178466797,-0.7836205959320068,0,0,6497626,3497403.25,0,0,101952.359375,0.05750957503914833,47597.58984375,3.5999999046325684,999999,33.87480926513672,0,0,1,0,296.232421875,0
2025-06-04T01:00:00Z,13,18855.38671875,-0.6702970862388611,-1.2421221733093262,-0.008147282525897026,0,255.93792724609375,-5.42999267578125,0.636365532875061,1602.8507080078125,94694.046875,9021000,1946.6171875,99401.21875,101328.328125,0.012727835215628147,295.260009765625,293.9013671875,101628.015625,-1.6016472578048706,-0.1668551117181778,729000000,27000,0.01279966440051794,0,0,0,0,0,58.999996185302734,50,0.468999981880188,296.8699951171875,0.2634176015853882,0.2634176015853882,-2.731649160385132,0,0,1.2577342204167508e-5,0.01570303738117218,13,9,52.2580680847168,58.136024475097656,-1826429,0,0,0,0,0,-4,-0.8749161958694458,1,0.07783596217632294,0,0,0,0,-0,-1.4654752158094198e-4,-1.0360986198065802e-4,93.47999572753906,0.5875000357627869,0.37724998593330383,-0.18940000236034393,0.19044999778270721,0.16474999487400055,0,0,0,0,0,0,0,1.0002009868621826,1.0002000331878662,1.000160813331604,1.0002009868621826,1.0002009868621826,1.0002000331878662,1.0002000331878662,1.000160813331604,0.999839186668396,1.000160813331604,-5.653862172039226e-5,1.3443469651974738e-4,-0.021828580647706985,0.999761700630188,26.089492797851562,295.89813232421875,0,0,0.05750956013798714,0,0,0,0,0,367.2796936035156,0,266.5592346191406,0.15000000596046448,-22.809951782226562,0.15000000596046448,0.8799999952316284,-0.041839662939310074,297.1486511230469,1,0.1473967730998993,112.34756469726562,-1.0488088130950928,0,0,6492949.5,3553213.5,0,0,101938.4609375,0.05750957131385803,45734.01171875,3.5999999046325684,999999,33.61825942993164,0,0,1,0,296.232421875,0
2025-06-04T02:00:00Z,13,18855.38671875,-1.7593189477920532,-0.9861048460006714,-0.012628207914531231,0,255.93792724609375,-5.75146484375,0.3216162919998169,1587.443603515625,94694.046875,9021000,1930.96875,99401.21875,101313.15625,0.012654457241296768,294.931396484375,293.5852966308594,101614.765625,-1.3363704681396484,0.24439753592014313,729000000,27000,0.012794842943549156,0,0,0,0,0,58.999996185302734,50,0.468999981880188,296.33892822265625,0.26361072063446045,0.26361072063446045,-2.7277867794036865,0,0,1.2577342204167508e-5,0.016130764037370682,13,9,52.2580680847168,55.505680084228516,-1694220,0,0,0,0,0,-4,-0.9651573300361633,1,0.1056644469499588,0,0,0,0,-0,-1.6528298147022724e-4,-1.034589295159094e-4,93.47999572753906,0.5875000357627869,0.37724998593330383,-0.18940000236034393,0.19044999778270721,0.16474999487400055,0,0,0,0,0,0,0,1.0002009868621826,1.0002000331878662,1.000160813331604,1.0002009868621826,1.0002009868621826,1.0002000331878662,1.0002000331878662,1.000160813331604,0.999839186668396,1.000160813331604,-5.653862172039226e-5,1.3443469651974738e-4,-0.021828580647706985,0.999761700630188,26.089492797851562,295.3574523925781,0,0,0.05750956013798714,0,0,0,0,0,366.0373229980469,0,262.0892028808594,0.15000000596046448,-22.809951782226562,0.15000000596046448,0.8799999952316284,-0.03375244140625,297.1486511230469,1,0.15389186143875122,104.35305786132812,-2.2818734645843506,0,0,6488483.5,3599880,0,0,101923.3359375,0.057509567588567734,42887.70703125,3.5999999046325684,999999,33.82324981689453,0,0,1,0,296.232421875,0
2025-06-04T03:00:00Z,13,18855.38671875,-0.8222485184669495,-1.0581358671188354,-0.013515491038560867,0,255.93792724609375,-5.75225830078125,0.2814365327358246,1533.9234619140625,94694.046875,9021000,1878.203125,99401.21875,101263.6953125,0.012575354427099228,294.844482421875,293.5416259765625,101563.1640625,-0.929431676864624,0.5350676774978638,729000000,27000,0.012696817517280579,0,0,0,0,0,58.999996185302734,50,0.468999981880188,295.9831237792969,0.2638038396835327,0.2638038396835327,-2.723924398422241,0,0,1.2577342204167508e-5,0.01655866578221321,13,9,52.2580680847168,39.47666931152344,-1586889.5,0,0,0,0,0,-4,-0.9997094869613647,1,0.009283024817705154,0,0,0,0,-0,-1.3593799667432904e-4,-1.2602523202076554e-4,93.47999572753906,0.5875000357627869,0.37724998593330383,-0.18940000236034393,0.19044999778270721,0.16474999487400055,0,0,0,0,0,0,0,1.0002009868621826,1.0002000331878662,1.000160813331604,1.0002009868621826,1.0002009868621826,1.0002000331878662,1.0002000331878662,1.000160813331604,0.999839186668396,1.000160813331604,-5.653862172039226e-5,1.3443469651974738e-4,-0.021828580647706985,0.999761700630188,26.089492797851562,295.0513000488281,0,0,0.05750956013798714,0,0,0,0,0,386.010009765625,0,183.10279846191406,0.15000000596046448,-22.809951782226562,0.15000000596046448,0.8799999952316284,-0.03326416015625,297.1486511230469,1,0.0429798848927021,151.39808654785156,-0.3477863073348999,0,0,6484931.5,3640103.5,0,0,101873.5703125,0.057509567588567734,42968.6640625,3.5999999046325684,999999,34.0412483215332,0,0,1,0,296.232421875,0
2025-06-04T04:00:00Z,13,18855.38671875,0.9073033332824707,-1.2766163349151611,-0.013935844413936138,0,255.93792724609375,-5.7423095703125,0.23607417941093445,1491.685302734375,94694.046875,9021000,1831.9765625,99401.21875,101224.265625,0.01237512193620205,294.5169372558594,293.24871826171875,101522.46875,-0.6555097699165344,0.590967059135437,729000000,27000,0.012577583082020283,0,0,0,0,0,58.999996185302734,50,0.468999981880188,295.6100769042969,0.263996958732605,0.263996958732605,-2.720062017440796,0,0,1.2577342204167508e-5,0.016986744478344917,13,9,52.2580680847168,55.076236724853516,-1459431.75,0,0,0,0,0,-4,-0.9762247204780579,1,9.999999747378752e-5,0,0,0,0,-0,-4.9199912609765306e-5,-1.4006972196511924e-4,93.47999572753906,0.5875000357627869,0.37724998593330383,-0.18940000236034393,0.19044999778270721,0.16474999487400055,0,0,0,0,0,0,0,1.0002009868621826,1.0002000331878662,1.000160813331604,1.0002009868621826,1.0002009868621826,1.0002000331878662,1.0002000331878662,1.000160813331604,0.999839186668396,1.000160813331604,-5.653862172039226e-5,1.3443469651974738e-4,-0.021828580647706985,0.999761700630188,26.089492797851562,294.70928955078125,0,0,0.05750956013798714,0,0,0,0,0,364.6925354003906,0,265.0240783691406,0.15000000596046448,-22.809951782226562,0.15000000596046448,0.8799999952316284,-0.01992756873369217,297.1486511230469,1,0.010524099692702293,135.8001708984375,-0.19831959903240204,0,0,6480963,3678733.5,0,0,101833.8828125,0.05750959366559982,41025.4765625,3.5999999046325684,999999,34.18087387084961,0,0,1,0,296.232421875,0
2025-06-04T05:00:00Z,13,18855.38671875,1.2626094818115234,-1.2635799646377563,-0.012321864254772663,0,255.93792724609375,-5.71856689453125,0.18860794603824615,1452.9525146484375,94694.046875,9021000,1785.28125,99401.21875,101176.46875,0.012185856699943542,294.3422546386719,293.11187744140625,101477.5546875,0.09035041183233261,0.6730930805206299,729000000,27000,0.01241239532828331,0,0,0,0,0,58.999996185302734,50,0.468999981880188,295.2903137207031,0.26419007778167725,0.26419007778167725,-2.7161996364593506,0,0,1.2577342204167508e-5,0.017414996400475502,13,9,52.2580680847168,54.260292053222656,-1331868,0,0,0,0,0,-4,-0.8963096141815186,1,9.999999747378752e-5,0,0,0,0,0,0,-0,93.47999572753906,0.5875000357627869,0.37724998593330383,-0.18940000236034393,0.19044999778270721,0.16474999487400055,0,0,0,0,0,0,0,1.0002009868621826,1.0002000331878662,1.000160813331604,1.0002009868621826,1.0002009868621826,1.0002000331878662,1.0002000331878662,1.000160813331604,0.999839186668396,1.000160813331604,-5.653862172039226e-5,1.3443469651974738e-4,-0.021828580647706985,0.999761700630188,26.089492797851562,294.3929138183594,0,0,0.05750956013798714,0,0,0,0,0,363.8180236816406,0,264.54754638671875,0.15000000596046448,-22.809951782226562,0.15000000596046448,0.8799999952316284,-0.02111564390361309,297.1486511230469,1,0.008951823227107525,138.55398559570312,-0.224055215716362,0,0,6479644.5,3711427.25,0,0,101785.765625,0.0575096569955349,41072.36328125,3.5999999046325684,999999,33.591453552246094,0,0,1,0,296.232421875,0
2025-06-04T06:00:00Z,13,18855.38671875,1.850999355316162,-1.581609845161438,-0.021601909771561623,0,255.93792724609375,-5.63287353515625,0.1817147582769394,1415.005859375,94694.046875,9021000,1737.0859375,99401.21875,101131.7734375,0.011986064724624157,294.2546081542969,293.06427001953125,101429.4609375,0.7855709195137024,0.5790987014770508,729000000,27000,0.012221720069646835,0,0,0,0,0,58.999996185302734,50,0.468999981880188,295.0065002441406,0.2643831968307495,0.2643831968307495,-2.7123372554779053,0,0,1.2577342204167508e-5,0.017843427136540413,13,9,52.2580680847168,53.55349349975586,-1208098.625,0,0,0,0,0,-4,-0.7654152512550354,1,9.999999747378752e-5,0,0,0,0,0,1.358974550385028e-4,-1.9327701011206955e-4,93.47999572753906,0.5875000357627869,0.37724998593330383,-0.18940000236034393,0.19044999778270721,0.16474999487400055,0,0,0,0,0,0,0,1.0002009868621826,1.0002000331878662,1.000160813331604,1.0002009868621826,1.0002009868621826,1.0002000331878662,1.0002000331878662,1.000160813331604,0.999839186668396,1.000160813331604,-5.653862172039226e-5,1.3443469651974738e-4,-0.021828580647706985,0.999761700630188,26.089492797851562,294.12738037109375,0,0,0.05750956013798714,0,0,0,0,0,362.8275146484375,0,267.6387023925781,0.15000000596046448,-22.809951782226562,0.15000000596046448,0.8799999952316284,-0.026028040796518326,297.1486511230469,1,0.013258589431643486,161.45718383789062,-0.4148385226726532,0,0,6475437,3738724.5,0,0,101740.765625,0.057509660720825195,41693.9296875,3.5999999046325684,999999,32.52210235595703,0,0,1,0,296.232421875,0
2025-06-04T07:00:00Z,13,18855.38671875,1.8152576684951782,-2.2484402656555176,-0.01885240711271763,0,255.93792724609375,-5.43133544921875,0.29494842886924744,1432.35693359375,94694.046875,9021000,1743.4375,99401.21875,101135.40625,0.011820567771792412,294.2986145019531,293.10101318359375,101437.921875,1.2810224294662476,0.22937853634357452,729000000,27000,0.012035892345011234,0,0,0,0,0,58.999996185302734,50,0.468999981880188,294.74432373046875,0.2645763158798218,0.2645763158798218,-2.70847487449646,0,0,1.2577342204167508e-5,0.018272031098604202,13,9,52.2580680847168,52.78049850463867,-1090734.75,0,0,0,0,0,-4,-0.5924659967422485,1,9.999999747378752e-5,0,0,0,0,0,1.5563980559818447e-4,-2.91375326924026e-4,93.47999572753906,0.5875000357627869,0.37724998593330383,-0.18940000236034393,0.19044999778270721,0.16474999487400055,0,0,0,0,0,0,0,1.0002009868621826,1.0002000331878662,1.000160813331604,1.0002009868621826,1.0002009868621826,1.0002000331878662,1.0002000331878662,1.000160813331604,0.999839186668396,1.000160813331604,-5.653862172039226e-5,1.3443469651974738e-4,-0.021828580647706985,0.999761700630188,26.089492797851562,293.8497314453125,0,0,0.05750956013798714,0,0,0,0,0,361.7071533203125,0,271.30352783203125,0.15000000596046448,-22.809951782226562,0.15000000596046448,0.8799999952316284,-0.044859666377305984,297.1486511230469,1,0.022636253386735916,187.23773193359375,-0.8976135849952698,0,0,6464596,3769660.25,0,0,101744.3125,0.05750958248972893,42744.78125,3.5999999046325684,999999,31.662309646606445,0,0,1,0,296.232421875,0
2025-06-04T08:00:00Z,13,18855.38671875,1.5246028900146484,-2.6130237579345703,-0.02312960848212242,0,255.93792724609375,-5.26104736328125,0.3884492814540863,1411.0198974609375,94694.046875,9021000,1712.3984375,99401.21875,101108.875,0.011690051294863224,294.4277648925781,293.25390625,101408.359375,1.5484699010849,-0.15147894620895386,729000000,27000,0.011878136545419693,0,0,0,0,0,58.999996185302734,50,0.468999981880188,294.4994201660156,0.26476582884788513,0.26476582884788513,-2.7046844959259033,0,0,1.2577342204167508e-5,0.01870081201195717,13,9,52.2580680847168,51.42953872680664,-986609.875,0,0,0,0,0,-4,-0.3892490565776825,1,9.999999747378752e-5,0,0,0,0,0,1.646420278120786e-4,-3.634523309301585e-4,93.47999572753906,0.5875000357627869,0.37724998593330383,-0.18940000236034393,0.19044999778270721,0.16474999487400055,0,0,0,0,0,0,0,1.0002009868621826,1.0002000331878662,1.000160813331604,1.0002009868621826,1.0002009868621826,1.0002000331878662,1.0002000331878662,1.000160813331604,0.999839186668396,1.000160813331604,-5.653862172039226e-5,1.3443469651974738e-4,-0.021828580647706985,0.999761700630188,26.089492797851562,293.6252746582031,0,0,0.05750956013798714,0,0,0,0,0,361.17510986328125,0,272.8294372558594,0.15000000596046448,-22.809951782226562,0.15000000596046448,0.8799999952316284,-0.0693359375,297.1486511230469,1,0.03145992010831833,176.0330352783203,-1.570348858833313,0,0,6440403.5,3815914.25,0,0,101717.5390625,0.05750956013798714,43413.27734375,3.5999999046325684,999999,30.80746078491211,0,0,1,0,296.232421875,0
2025-06-04T09:00:00Z,13,18855.38671875,1.814523458480835,-2.5367305278778076,-0.019405128434300423,0,255.93792724609375,-5.2200927734375,0.36259403824806213,1442.625,94694.046875,9021000,1728.9296875,99401.21875,101127.6015625,0.01153983548283577,294.3182373046875,293.1282043457031,101428.5078125,1.65108060836792,-0.08755790442228317,729000000,27000,0.011731461621820927,0,0,0,0,0,58.999996185302734,50,0.468999981880188,294.33502197265625,0.26495251059532166,0.26495251059532166,-2.700950860977173,0,0,1.2577342204167508e-5,0.019129769876599312,13,9,52.2580680847168,51.08598327636719,-889162.75,0,0,0,0,0,-4,-0.16961553692817688,1,9.999999747378752e-5,0,0,0,0,0,1.8691767763812095e-4,-3.7269387394189835e-4,93.47999572753906,0.5875000357627869,0.37724998593330383,-0.18940000236034393,0.19044999778270721,0.16474999487400055,0,0,0,0,0,0,0,1.0002009868621826,1.0002000331878662,1.000160813331604,1.0002009868621826,1.0002009868621826,1.0002000331878662,1.0002000331878662,1.000160813331604,0.999839186668396,1.000160813331604,-5.653862172039226e-5,1.3443469651974738e-4,-0.021828580647706985,0.999761700630188,26.089492797851562,293.569580078125,0,0,0.05750956013798714,0,0,0,0,0,360.03857421875,0,274.1773376464844,0.15000000596046448,-22.809951782226562,0.15000000596046448,0.8799999952316284,-0.085845947265625,297.1486511230469,1,0.03698714077472687,164.5315704345703,-2.080451250076294,0,0,6408322,3873200,0,0,101736.359375,0.05750956013798714,44049.4296875,3.5999999046325684,999999,29.65889549255371,0,0,1,0,296.232421875,0
2025-06-04T10:00:00Z,13,18855.38671875,2.0362887382507324,-2.150827407836914,-0.018450722098350525,0,255.93792724609375,-5.084014892578125,0.3994515538215637,1499.6591796875,94694.046875,9021000,1766.3984375,99401.21875,101165.453125,0.011325610801577568,294.3770446777344,293.15289306640625,101469.5703125,1.6618764400482178,-0.05920838564634323,729000000,27000,0.011475544422864914,0,0,0,0,0,58.999996185302734,50,0.468999981880188,294.2159729003906,0.2651391923427582,0.2651391923427582,-2.6972172260284424,0,0,1.2577342204167508e-5,0.019558900967240334,13,9,52.2580680847168,46.830902099609375,-794547.25,0,0,0,0,0,-4,0.051468297839164734,1,9.999999747378752e-5,0,0,0,0,0,2.1524951444007456e-4,-3.4901118488050997e-4,93.47999572753906,0.5875000357627869,0.37724998593330383,-0.18940000236034393,0.19044999778270721,0.16474999487400055,0,0,0,0,0,0,0,1.0002009868621826,1.0002000331878662,1.000160813331604,1.0002009868621826,1.0002009868621826,1.0002000331878662,1.0002000331878662,1.000160813331604,0.999839186668396,1.000160813331604,-5.653862172039226e-5,1.3443469651974738e-4,-0.021828580647706985,0.999761700630188,26.089492797851562,293.47161865234375,0,0,0.05750956013798714,0,0,0,0,6.761407852172852,358.274658203125,0,275.5881652832031,0.15000000596046448,-22.809951782226562,0.15000000596046448,0.8799999952316284,-0.1070556566119194,297.1486511230469,1,0.032521992921829224,163.2142333984375,-1.8925185203552246,0,0,6378946,3934158.5,0,0,101774.3671875,0.05750956013798714,46712.515625,3.5999999046325684,999999,28.078203201293945,0,0,1,0,296.232421875,0
2025-06-04T11:00:00Z,13,18855.38671875,2.40629506111145,-1.681653618812561,-0.015438714995980263,0,255.93792724609375,-4.60040283203125,0.7943789958953857,1542.283935546875,94694.046875,9021000,1791.5546875,99401.21875,101198.6640625,0.011443957686424255,296.6242370605469,295.36712646484375,101499.25,1.566855549812317,-0.10128343105316162,729000000,27000,0.011311201378703117,0,0,0,0,0,58.999996185302734,50,0.468999981880188,295.24359130859375,0.2653258740901947,0.2653258740901947,-2.693483591079712,0,0,1.2577342204167508e-5,0.01998821087181568,13,9,52.2580680847168,-87.72831726074219,-930851.3125,0,0,0,0,0,-4,0.2589377164840698,1,0.1642354428768158,0,0,0,0,0,2.566422335803509e-4,-3.0694500310346484e-4,93.47999572753906,0.5875000357627869,0.37724998593330383,-0.18940000236034393,0.19044999778270721,0.16474999487400055,0,0,0,0,0,0,0,1.0002009868621826,1.0002000331878662,1.000160813331604,1.0002009868621826,1.0002009868621826,1.0002000331878662,1.0002000331878662,1.000160813331604,0.999839186668396,1.000160813331604,-5.653862172039226e-5,1.3443469651974738e-4,-0.021828580647706985,0.999761700630188,26.089492797851562,296.7159423828125,0,0,0.05750956013798714,0,0,0,0,190.69784545898438,356.657958984375,0,277.77734375,0.15000000596046448,-22.809951782226562,0.15000000596046448,0.8799999952316284,-0.05023193359375,297.1486511230469,1,0.2055968940258026,124.11453247070312,1.3629487752914429,0,0,6363707,4008967.5,0,0,101807.5546875,0.05750956013798714,63045.03125,3.5999999046325684,999999,26.733097076416016,0,0,1,0,296.232421875,0
2025-06-04T12:00:00Z,13,18855.38671875,3.586747646331787,-2.566692590713501,0.0014829339925199747,0,255.93792724609375,-2.741302490234375,2.4361870288848877,1598.574462890625,94694.046875,9021000,1835.5625,99401.21875,101242.921875,0.01134189311414957,298.7450866699219,297.43927001953125,101546.65625,2.176906108856201,-0.6214029788970947,729000000,27000,0.011018417775630951,0,0,0,0,0,58.999996185302734,50,0.468999981880188,297.51385498046875,0.2655125558376312,0.2655125558376312,-2.6897499561309814,0,0,1.2577342204167508e-5,0.020417697727680206,13,9,52.2580680847168,-180.49545288085938,-1321490.25,0,0,0,0,0,-4,0.43865716457366943,1,1.129414439201355,0,0,0,0,0,2.3889183648861945e-4,-1.7614597163628787e-4,93.47999572753906,0.5875000357627869,0.37724998593330383,-0.18940000236034393,0.19044999778270721,0.16474999487400055,0,0,0,0,0,0,0,1.0002009868621826,1.0002000331878662,1.000160813331604,1.0002009868621826,1.0002009868621826,1.0002000331878662,1.0002000331878662,1.000160813331604,0.999839186668396,1.000160813331604,-5.653862172039226e-5,1.3443469651974738e-4,-0.021828580647706985,0.999761700630188,26.089492797851562,300.8079528808594,0,0,0.05750956013798714,0,0,0,0,389.6509704589844,358.9708251953125,0,282.42291259765625,0.15000000596046448,-22.809951782226562,0.15000000596046448,0.8799999952316284,-0.27410888671875,297.1486511230469,1,0.3769238591194153,279.2313232421875,59.521324157714844,0,0,6458227.5,4124049,0,0,101851.21875,0.05750956013798714,76904.0703125,3.5999999046325684,999999,25.871034622192383,0,0,1,0,296.232421875,0
2025-06-04T13:00:00Z,13,18855.38671875,4.514673233032227,-2.7542061805725098,0.005350786726921797,0,255.93792724609375,-0.692840576171875,4.1892266273498535,1503.3599853515625,94694.046875,9021000,1732.2578125,99401.21875,101150.46875,0.011377474293112755,300.6205139160156,299.3910827636719,101446.3359375,2.782869338989258,-1.1025352478027344,729000000,27000,0.010601412504911423,0,0,0,0,0,58.999996185302734,50,0.468999981880188,300.25262451171875,0.26569923758506775,0.26569923758506775,-2.686016321182251,0,0,1.2577342204167508e-5,0.02084735780954361,13,9,52.2580680847168,-231.7621612548828,-1866520.125,0,0,0,0,0,-4,0.5783812403678894,1,1.8447526693344116,0,0,0,0,0,1.478883932577446e-4,-8.429485751548782e-5,93.47999572753906,0.5875000357627869,0.37724998593330383,-0.18940000236034393,0.19044999778270721,0.16474999487400055,0,0,0,0,0,0,0,1.0002009868621826,1.0002000331878662,1.000160813331604,1.0002009868621826,1.0002009868621826,1.0002000331878662,1.0002000331878662,1.000160813331604,0.999839186668396,1.000160813331604,-5.653862172039226e-5,1.3443469651974738e-4,-0.021828580647706985,0.999761700630188,26.089492797851562,304.5586853027344,0,0,0.05750956013798714,0,0,0,0,550.57696533203125,364.36773681640625,0,287.7116394042969,0.15000000596046448,-22.809951782226562,0.15000000596046448,0.8799999952316284,-0.6522216796875,297.1486511230469,1,0.5022112131118774,482.11614990234375,130.25164794921875,0,0,6710795,4261707.5,0,0,101757.2578125,0.05750956013798714,89353.8125,3.5999999046325684,999999,25.277681350708008,0,0,1,0,296.232421875,0
2025-06-04T14:00:00Z,13,18855.38671875,4.075721263885498,-2.2990236282348633,0.003830353496596217,0,255.93792724609375,1.05291748046875,5.551133155822754,1489.194091796875,94694.046875,9021000,1711.8515625,99401.21875,101127.65625,0.010903638787567616,302.1891174316406,300.96868896484375,101428.234375,3.0057499408721924,-1.1916245222091675,729000000,27000,0.00994888786226511,0,0,0,0,0,58.999996185302734,50,0.468999981880188,302.9521484375,0.2658859193325043,0.2658859193325043,-2.6822826862335205,0,0,1.2577342204167508e-5,0.02127719670534134,13,9,52.2580680847168,-253.61550903320312,-2473716.25,0,0,0,0,0,-4,0.6685914993286133,1,2.27370023727417,9,5,-0.0239243246614933,0,0,2.1068446585559286e-5,-9.47535863815574e-6,93.47999572753906,0.5875000357627869,0.37724998593330383,-0.18940000236034393,0.19044999778270721,0.16474999487400055,0,0,0,0,0,0,0,1.0002009868621826,1.0002000331878662,1.000160813331604,1.0002009868621826,1.0002009868621826,1.0002000331878662,1.0002000331878662,1.000160813331604,0.999839186668396,1.000160813331604,-5.653862172039226e-5,1.3443469651974738e-4,-0.021828580647706985,0.999761700630188,26.089492797851562,307.6003723144531,0,0,0.05750956013798714,0,0,0,0,656.361083984375,369.81683349609375,0,292.2738037109375,0.15000000596046448,-22.809951782226562,0.15000000596046448,0.8799999952316284,-1.08038330078125,297.1486511230469,1,0.5305042266845703,852.97259521484375,186.0089111328125,0,0,7113025,4418669,0,0,101733.421875,0.05750956013798714,100057.734375,3.5999999046325684,999999,24.93265724182129,0,0,1,0,296.232421875,0
2025-06-04T15:00:00Z,13,18855.38671875,3.950305223464966,-0.9822928309440613,-2.339179045520723e-4,0,255.93792724609375,2.104217529296875,6.409686088562012,1383.6392822265625,94694.046875,9021000,1603.390625,99401.21875,101025.1875,0.01049397699534893,303.138671875,302.00433349609375,101322.6640625,3.006998062133789,-0.6221904754638672,729000000,27000,0.009435735642910004,0,0,0,0,0,58.999996185302734,50,0.468999981880188,305.1156005859375,0.2660726010799408,0.2660726010799408,-2.67854905128479,0,0,1.2577342204167508e-5,0.021707214415073395,13,9,52.2580680847168,-244.7510528564453,-3072515,0,0,0,0,0,-4,0.7031434774398804,1,2.6300301551818848,10,7,-0.04631688445806503,0,0,0,-0,93.47999572753906,0.5875000357627869,0.37724998593330383,-0.18940000236034393,0.19044999778270721,0.16474999487400055,0,0,0,0,0,0,0,1.0002009868621826,1.0002000331878662,1.000160813331604,1.0002009868621826,1.0002009868621826,1.0002000331878662,1.0002000331878662,1.000160813331604,0.999839186668396,1.000160813331604,-5.653862172039226e-5,1.3443469651974738e-4,-0.021828580647706985,0.999761700630188,26.089492797851562,309.4329528808594,0,0,0.05750956013798714,0,0,0,0,697.13690185546875,374.3440246582031,0,295.3702697753906,0.15000000596046448,-22.809951782226562,0.15000000596046448,0.8799999952316284,-1.44830322265625,297.1486511230469,1,0.5260128378868103,1161.9647216796875,222.08316040039062,0,0,7615719.5,4589608,0,0,101629.7578125,0.05750956013798714,106654.171875,3.5999999046325684,999999,24.899890899658203,0,0,1,0,296.232421875,0
2025-06-04T16:00:00Z,13,18855.38671875,3.6057283878326416,0.29602253437042236,-3.1382928136736155e-4,0,255.93792724609375,2.69561767578125,6.908754348754883,1357.7423095703125,94694.046875,9021000,1581.3671875,99401.21875,101006.7578125,0.010394807904958725,303.63482666015625,302.51507568359375,101303.5078125,2.5249807834625244,0.15469878911972046,729000000,27000,0.009366394020617008,0,0,0,0,0,58.999996185302734,50,0.468999981880188,306.5332336425781,0.2662592828273773,0.2662592828273773,-2.6748154163360596,0,0,1.2577342204167508e-5,0.02213740348815918,13,9,52.2580680847168,-209.48831176757812,-3602807.75,0,0,0,0,0,-4,0.679685115814209,1,2.4045755863189697,10,8,-0.037324704229831696,0,0,0,-0,93.47999572753906,0.5875000357627869,0.37724998593330383,-0.18940000236034393,0.19044999778270721,0.16474999487400055,0,0,0,0,0,0,0,1.0002009868621826,1.0002000331878662,1.000160813331604,1.0002009868621826,1.0002009868621826,1.0002000331878662,1.0002000331878662,1.000160813331604,0.999839186668396,1.000160813331604,-5.653862172039226e-5,1.3443469651974738e-4,-0.021828580647706985,0.999761700630188,26.089492797851562,310.2131652832031,0,0,0.05750956013798714,0,0,0,0,669.26983642578125,378.13739013671875,0,296.5596923828125,0.15000000596046448,-22.809951782226562,0.15000000596046448,0.8799999952316284,-1.569091796875,297.1486511230469,1,0.5238387584686279,1429.4969482421875,232.26998901367188,0,0,8151946,4762277,0,0,101610.9296875,0.05750956013798714,108708.0546875,3.5999999046325684,999999,25.571500778198242,0,0,1,0,296.232421875,0
2025-06-04T17:00:00Z,13,18855.38671875,3.0568885803222656,2.9345901012420654,-7.024524384178221e-4,0,255.93792724609375,2.801483154296875,7.034918785095215,1297.654541015625,94694.046875,9021000,1530.9609375,99401.21875,100952.75,0.010519799776375294,303.6393737792969,302.56280517578125,101253.1484375,1.5429004430770874,1.1176890134811401,729000000,27000,0.009581887163221836,0,0,0,0,0,58.999996185302734,50,0.468999981880188,307.2456359863281,0.26644596457481384,0.26644596457481384,-2.671081781387329,0,0,1.2577342204167508e-5,0.02256777137517929,13,9,52.2580680847168,-150.2625732421875,-4023144.5,0,0,0,0,0,-4,0.5998168587684631,1,1.8509842157363892,0,0,0,0,0,5.02733928442467e-5,3.0007126042619348e-5,93.47999572753906,0.5875000357627869,0.37724998593330383,-0.18940000236034393,0.19044999778270721,0.16474999487400055,0,0,0,0,0,0,0,1.0002009868621826,1.0002000331878662,1.000160813331604,1.0002009868621826,1.0002009868621826,1.0002000331878662,1.0002000331878662,1.000160813331604,0.999839186668396,1.000160813331604,-5.653862172039226e-5,1.3443469651974738e-4,-0.021828580647706985,0.999761700630188,26.089492797851562,310.200927734375,0,0,0.05750956013798714,0,0,0,0,575.18756103515625,380.8216857910156,0,295.9485778808594,0.15000000596046448,-22.809951782226562,0.15000000596046448,0.8799999952316284,-1.45654296875,297.1486511230469,1,0.48914456367492676,1574.364990234375,215.59710693359375,0,0,8637443,4929953,0,0,101556.609375,0.05750956013798714,107425.5625,3.5999999046325684,999999,26.61294174194336,0,0,1,0,296.232421875,0
2025-06-04T18:00:00Z,13,18855.38671875,1.6052216291427612,3.4821598529815674,-0.012799485586583614,0,255.93792724609375,2.335723876953125,6.859749794006348,1254.1219482421875,94694.046875,9021000,1496.25,99401.21875,100925.203125,0.01091713085770607,303.1435852050781,302.0958557128906,101221.1484375,0.33203625679016113,2.0982515811920166,729000000,27000,0.010093449614942074,0,0,0,0,0,58.999996185302734,50,0.468999981880188,307.2461242675781,0.26663264632225037,0.26663264632225037,-2.6673481464385986,0,0,1.2577342204167508e-5,0.022998318076133728,13,9,52.2580680847168,-70.52012634277344,-4289628,0,0,0,0,0,-4,0.46898186206817627,1,1.690706729888916,0,0,0,0,0,1.9191296814824454e-5,7.446615200024098e-5,93.47999572753906,0.5875000357627869,0.37724998593330383,-0.18940000236034393,0.19044999778270721,0.16474999487400055,0,0,0,0,0,0,0,1.0002009868621826,1.0002000331878662,1.000160813331604,1.0002009868621826,1.0002009868621826,1.0002000331878662,1.0002000331878662,1.000160813331604,0.999839186668396,1.000160813331604,-5.653862172039226e-5,1.3443469651974738e-4,-0.021828580647706985,0.999761700630188,26.089492797851562,309.214599609375,0,0,0.05750956013798714,0,0,0,0,423.64007568359375,382.9565124511719,0,294.4958801269531,0.15000000596046448,-22.809951782226562,0.15000000596046448,0.8799999952316284,-1.1048583984375,297.1486511230469,1,0.45441100001335144,1511.5072021484375,176.1343231201172,0,0,9008014,5084528.5,0,0,101529.1484375,0.05750956013798714,102989.296875,3.5999999046325684,999999,27.74532699584961,0,0,1,0,296.232421875,0
2025-06-04T19:00:00Z,13,18855.38671875,0.19829696416854858,3.937556266784668,-0.015558140352368355,0,255.93792724609375,1.208221435546875,6.04373836517334,1283.6925048828125,94694.046875,9021000,1534.3203125,99401.21875,100954.546875,0.011266549117863178,302.0158386230469,300.9409484863281,101257.546875,-0.7002912163734436,2.8502962589263916,729000000,27000,0.010538932867348194,0,0,0,0,0,58.999996185302734,50,0.468999981880188,306.2718200683594,0.26681452989578247,0.26681452989578247,-2.663710355758667,0,0,1.2577342204167508e-5,0.023429038003087044,13,9,52.2580680847168,20.16777992248535,-4355902.5,0,0,0,0,0,-4,0.2960955500602722,1,1.3181368112564087,0,0,0,-0,0,-2.0012965251225978e-5,1.2846378376707435e-4,93.47999572753906,0.5875000357627869,0.37724998593330383,-0.18940000236034393,0.19044999778270721,0.16474999487400055,0,0,0,0,0,0,0,1.0002009868621826,1.0002000331878662,1.000160813331604,1.0002009868621826,1.0002009868621826,1.0002000331878662,1.0002000331878662,1.000160813331604,0.999839186668396,1.000160813331604,-5.653862172039226e-5,1.3443469651974738e-4,-0.021828580647706985,0.999761700630188,26.089492797851562,306.2975158691406,0,0,0.05750956013798714,0,0,0,0,230.39955139160156,382.5809326171875,0,291.33642578125,0.15000000596046448,-22.809951782226562,0.15000000596046448,0.8799999952316284,-0.6416015625,297.1486511230469,1,0.41118180751800537,568.50616455078125,116.2874526977539,0,0,9232838,5207020,0,0,101559.1796875,0.05750956013798714,96502.7265625,3.5999999046325684,999999,28.53944969177246,0,0,1,0,296.232421875,0
2025-06-04T20:00:00Z,13,18855.38671875,-0.4352940618991852,3.9316728115081787,-0.01955084502696991,0,255.93792724609375,-0.3160400390625,4.763526439666748,1282.13916015625,94694.046875,9021000,1544,99401.21875,100961.90625,0.011474419385194778,300.0909729003906,299.0194396972656,101260.796875,-1.3131084442138672,2.8126723766326904,729000000,27000,0.010761610232293606,0,0,0,0,0,58.999996185302734,50,0.468999981880188,304.0473327636719,0.26699477434158325,0.26699477434158325,-2.6601054668426514,0,0,1.2577342204167508e-5,0.023859934881329536,13,9,52.2580680847168,101.40433502197266,-4203098,0,0,0,0,0,-4,0.09293800592422485,1,1.1583876609802246,0,0,0,-0,0,-7.284459570655599e-5,1.8112218822352588e-4,93.47999572753906,0.5875000357627869,0.37724998593330383,-0.18940000236034393,0.19044999778270721,0.16474999487400055,0,0,0,0,0,0,0,1.0002009868621826,1.0002000331878662,1.000160813331604,1.0002009868621826,1.0002009868621826,1.0002000331878662,1.0002000331878662,1.000160813331604,0.999839186668396,1.000160813331604,-5.653862172039226e-5,1.3443469651974738e-4,-0.021828580647706985,0.999761700630188,26.089492797851562,302.1601257324219,0,0,0.05750956013798714,0,0,0,0,31.810636520385742,379.51568603515625,0,286.58441162109375,0.15000000596046448,-22.809951782226562,0.15000000596046448,0.8799999952316284,-0.195709228515625,297.1486511230469,1,0.4321368336677551,379.73480224609375,45.75133514404297,0,0,9310936,5281861,0,0,101567.2265625,0.05750956013798714,88631.1640625,3.5999999046325684,999999,28.99022674560547,0,0,1,0,296.232421875,0
2025-06-04T21:00:00Z,13,18855.38671875,-0.8252608776092529,3.4357428550720215,-0.022366730496287346,0,255.93792724609375,-1.515045166015625,3.7715258598327637,1371.864990234375,94694.046875,9021000,1635.8515625,99401.21875,101049.859375,0.011716127395629883,298.76824951171875,297.6230163574219,101354.046875,-1.5869762897491455,1.893492579460144,729000000,27000,0.011048811487853527,0,0,0,0,0,58.999996185302734,50,0.468999981880188,301.9035949707031,0.26717501878738403,0.26717501878738403,-2.6565005779266357,0,0,1.2577342204167508e-5,0.024291010573506355,13,9,52.2580680847168,92.08001708984375,-3978278,0,0,0,0,0,-4,-0.12665030360221863,1,0.7112730741500854,0,0,0,-0,0,-1.346699136774987e-4,1.3440770271699876e-4,93.47999572753906,0.5875000357627869,0.37724998593330383,-0.18940000236034393,0.19044999778270721,0.16474999487400055,0,0,0,0,0,0,0,1.0002009868621826,1.0002000331878662,1.000160813331604,1.0002009868621826,1.0002009868621826,1.0002000331878662,1.0002000331878662,1.000160813331604,0.999839186668396,1.000160813331604,-5.653862172039226e-5,1.3443469651974738e-4,-0.021828580647706985,0.999761700630188,26.089492797851562,300.2257995605469,0,0,0.05750956013798714,0,0,0,0,0,375.0975646972656,0,281.863037109375,0.15000000596046448,-22.809951782226562,0.15000000596046448,0.8799999952316284,-0.092929907143116,297.1486511230469,1,0.348625123500824,192.34349060058594,16.24489402770996,0,0,9337195,5323035,0,0,101656.2578125,0.05750972405076027,81273.6640625,3.5999999046325684,999999,29.4108829498291,0,0,1,0,296.232421875,0
2025-06-04T22:00:00Z,13,18855.38671875,-1.6610846519470215,1.6206400394439697,-0.009594142436981201,0,255.93792724609375,-2.458526611328125,2.908503770828247,1406.5443115234375,94694.046875,9021000,1675.6328125,99401.21875,101087.578125,0.011761033907532692,297.9825439453125,296.80963134765625,101390.6953125,-1.8161394596099854,0.2791813313961029,729000000,27000,0.011276359669864178,0,0,0,0,0,58.999996185302734,50,0.468999981880188,300.44805908203125,0.2673552632331848,0.2673552632331848,-2.65289568901062,0,0,1.2577342204167508e-5,0.0247222650796175,13,9,52.2580680847168,79.032073974609375,-3786901,0,0,0,0,0,-4,-0.3477088510990143,1,0.3192289471626282,0,0,0,-0,0,-1.8317475041840225e-4,4.287701449356973e-5,93.47999572753906,0.5875000357627869,0.37724998593330383,-0.18940000236034393,0.19044999778270721,0.16474999487400055,0,0,0,0,0,0,0,1.0002009868621826,1.0002000331878662,1.000160813331604,1.0002009868621826,1.0002009868621826,1.0002000331878662,1.0002000331878662,1.000160813331604,0.999839186668396,1.000160813331604,-5.653862172039226e-5,1.3443469651974738e-4,-0.021828580647706985,0.999761700630188,26.089492797851562,299.0517272949219,0,0,0.05750956013798714,0,0,0,0,0,372.0143737792969,0,279.2320251464844,0.15000000596046448,-22.809951782226562,0.15000000596046448,0.8799999952316284,-0.0691869929432869,297.1486511230469,1,0.24855515360832214,177.7530975341797,7.097706317901611,0,0,9343564,5352551,0,0,101694.6953125,0.05750972032546997,74918.8984375,3.5999999046325684,999999,29.598827362060547,0,0,1,0,296.232421875,0
2025-06-04T23:00:00Z,13,18855.38671875,-1.6740630865097046,0.41325339674949646,-0.009247764945030212,0,255.93792724609375,-3.28369140625,2.1825437545776367,1458.3255615234375,94694.046875,9021000,1732.390625,99401.21875,101143.34375,0.011673583649098873,297.28765869140625,296.0728759765625,101444.296875,-1.8873111009597778,-0.35179704427719116,729000000,27000,0.011505193077027798,0,0,0,0,0,58.999996185302734,50,0.468999981880188,299.3988037109375,0.2675355076789856,0.2675355076789856,-2.6492908000946045,0,0,1.2577342204167508e-5,0.025153690949082375,13,9,52.2580680847168,72.81407165527344,-3612579.75,0,0,0,0,0,-4,-0.555180013179779,1,0.2752853333950043,0,0,0,0,-0,-2.26830699830316e-4,-2.3148189939092845e-5,93.47999572753906,0.5875000357627869,0.37724998593330383,-0.18940000236034393,0.19044999778270721,0.16474999487400055,0,0,0,0,0,0,0,1.0002009868621826,1.0002000331878662,1.000160813331604,1.0002009868621826,1.0002009868621826,1.0002000331878662,1.0002000331878662,1.000160813331604,0.999839186668396,1.000160813331604,-5.653862172039226e-5,1.3443469651974738e-4,-0.021828580647706985,0.999761700630188,26.089492797851562,298.1865234375,0,0,0.05750956013798714,0,0,0,0,0,369.88677978515625,0,270.479736328125,0.15000000596046448,-22.809951782226562,0.15000000596046448,0.8799999952316284,-0.06048583984375,297.1486511230469,1,0.23789161443710327,154.3852996826172,4.026184558868408,0,0,9340016,5400455.5,0,0,101751.21875,0.05750956013798714,68851.3359375,3.5999999046325684,999999,29.730819702148438,0,0,1,0,296.232421875,0
